Task ./num5_alpha05 has been successfully generated.
Warning: Failed to visualize the partitioned result where there exists error module 'flgo.benchmark.fedrag_classification' has no attribute 'visualize'
!!!!!!!!!!!!!!!client model!!!!!!!!!!!!!!!!!!
<class 'transformers.models.bert.modeling_bert.BertModel'>
!!!!!!!!!!!!!!!client model!!!!!!!!!!!!!!!!!!
<class 'transformers.models.bert.modeling_bert.BertModel'>
!!!!!!!!!!!!!!!client model!!!!!!!!!!!!!!!!!!
<class 'transformers.models.bert.modeling_bert.BertModel'>
!!!!!!!!!!!!!!!client model!!!!!!!!!!!!!!!!!!
<class 'transformers.models.bert.modeling_bert.BertModel'>
!!!!!!!!!!!!!!!client model!!!!!!!!!!!!!!!!!!
<class 'transformers.models.bert.modeling_bert.BertModel'>
<class 'transformers.models.bert.modeling_bert.BertModel'>
client running:0/59, client loss: 2.038177013397217, loss 1: 1.9586002826690674, loss 2: 0.0007957677007652819
client running:1/59, client loss: 2.0294339656829834, loss 1: 1.9501621723175049, loss 2: 0.0007927186088636518
client running:2/59, client loss: 2.0309526920318604, loss 1: 1.9510239362716675, loss 2: 0.0007992873433977365
client running:3/59, client loss: 2.0418636798858643, loss 1: 1.9454545974731445, loss 2: 0.0009640911594033241
client running:4/59, client loss: 2.042973518371582, loss 1: 1.9564793109893799, loss 2: 0.0008649431401863694
client running:5/59, client loss: 2.0262444019317627, loss 1: 1.955877661705017, loss 2: 0.0007036679307930171
client running:6/59, client loss: 2.0492005348205566, loss 1: 1.9553039073944092, loss 2: 0.0009389661718159914
client running:7/59, client loss: 2.0458779335021973, loss 1: 1.9408180713653564, loss 2: 0.001050598919391632
client running:8/59, client loss: 2.0703718662261963, loss 1: 1.9609594345092773, loss 2: 0.0010941248619928956
client running:9/59, client loss: 2.0341601371765137, loss 1: 1.948071002960205, loss 2: 0.000860891304910183
client running:10/59, client loss: 2.0136916637420654, loss 1: 1.9460941553115845, loss 2: 0.0006759761017747223
client running:11/59, client loss: 2.0566625595092773, loss 1: 1.955053448677063, loss 2: 0.0010160909732803702
client running:12/59, client loss: 2.0475707054138184, loss 1: 1.9651511907577515, loss 2: 0.0008241946925409138
client running:13/59, client loss: 2.0567901134490967, loss 1: 1.9400413036346436, loss 2: 0.0011674887500703335
client running:14/59, client loss: 2.037508964538574, loss 1: 1.9451279640197754, loss 2: 0.0009238109923899174
client running:15/59, client loss: 2.0417542457580566, loss 1: 1.9703459739685059, loss 2: 0.0007140826201066375
client running:16/59, client loss: 2.031656265258789, loss 1: 1.9466913938522339, loss 2: 0.0008496482623741031
client running:17/59, client loss: 2.0477676391601562, loss 1: 1.9549137353897095, loss 2: 0.0009285402484238148
client running:18/59, client loss: 2.0569937229156494, loss 1: 1.956493616104126, loss 2: 0.0010050010168924928
client running:19/59, client loss: 2.005815029144287, loss 1: 1.923437476158142, loss 2: 0.0008237746660597622
client running:20/59, client loss: 2.0188355445861816, loss 1: 1.93256413936615, loss 2: 0.00086271419422701
client running:21/59, client loss: 2.050372838973999, loss 1: 1.936122179031372, loss 2: 0.0011425071861594915
client running:22/59, client loss: 2.0036256313323975, loss 1: 1.9492480754852295, loss 2: 0.0005437765503302217
client running:23/59, client loss: 2.0236175060272217, loss 1: 1.9523160457611084, loss 2: 0.0007130150333978236
client running:24/59, client loss: 2.044541835784912, loss 1: 1.9509257078170776, loss 2: 0.0009361623087897897
client running:25/59, client loss: 2.0303049087524414, loss 1: 1.9500634670257568, loss 2: 0.0008024134440347552
client running:26/59, client loss: 2.023521661758423, loss 1: 1.9402859210968018, loss 2: 0.0008323582005687058
client running:27/59, client loss: 2.0402307510375977, loss 1: 1.9526846408843994, loss 2: 0.0008754609734751284
client running:28/59, client loss: 2.005380392074585, loss 1: 1.9346466064453125, loss 2: 0.0007073384476825595
client running:29/59, client loss: 2.0039865970611572, loss 1: 1.9477345943450928, loss 2: 0.00056251953355968
client running:30/59, client loss: 2.027066707611084, loss 1: 1.9402611255645752, loss 2: 0.0008680564351379871
client running:31/59, client loss: 2.045412063598633, loss 1: 1.9630134105682373, loss 2: 0.0008239858434535563
client running:32/59, client loss: 2.0273780822753906, loss 1: 1.9491223096847534, loss 2: 0.0007825572974979877
client running:33/59, client loss: 2.033691167831421, loss 1: 1.9406808614730835, loss 2: 0.0009301032405346632
client running:34/59, client loss: 2.0165703296661377, loss 1: 1.9350721836090088, loss 2: 0.0008149824570864439
client running:35/59, client loss: 2.031733274459839, loss 1: 1.9452917575836182, loss 2: 0.0008644149638712406
client running:36/59, client loss: 2.000727653503418, loss 1: 1.9460487365722656, loss 2: 0.0005467894370667636
client running:37/59, client loss: 2.019975185394287, loss 1: 1.9600099325180054, loss 2: 0.0005996529944241047
client running:38/59, client loss: 2.0652129650115967, loss 1: 1.9695625305175781, loss 2: 0.0009565036161802709
client running:39/59, client loss: 2.043360948562622, loss 1: 1.9641467332839966, loss 2: 0.0007921431679278612
client running:40/59, client loss: 2.0771262645721436, loss 1: 1.9578144550323486, loss 2: 0.0011931182816624641
client running:41/59, client loss: 2.0610461235046387, loss 1: 1.954467535018921, loss 2: 0.0010657852981239557
client running:42/59, client loss: 2.057813882827759, loss 1: 1.9757837057113647, loss 2: 0.0008203012403100729
client running:43/59, client loss: 2.0316526889801025, loss 1: 1.949625015258789, loss 2: 0.0008202763856388628
client running:44/59, client loss: 2.0179247856140137, loss 1: 1.9404557943344116, loss 2: 0.0007746905321255326
client running:45/59, client loss: 2.02736234664917, loss 1: 1.944651484489441, loss 2: 0.0008271083934232593
client running:46/59, client loss: 2.0030622482299805, loss 1: 1.9352567195892334, loss 2: 0.0006780542898923159
client running:47/59, client loss: 2.063371181488037, loss 1: 1.9323269128799438, loss 2: 0.0013104425743222237
client running:48/59, client loss: 2.026254892349243, loss 1: 1.9500269889831543, loss 2: 0.0007622797274962068
client running:49/59, client loss: 2.012946844100952, loss 1: 1.9413129091262817, loss 2: 0.000716339738573879
client running:50/59, client loss: 2.0380499362945557, loss 1: 1.9459912776947021, loss 2: 0.0009205866954289377
client running:51/59, client loss: 2.0235912799835205, loss 1: 1.9567404985427856, loss 2: 0.0006685089319944382
client running:52/59, client loss: 2.0362627506256104, loss 1: 1.9511877298355103, loss 2: 0.0008507509483024478
client running:53/59, client loss: 2.028331756591797, loss 1: 1.9569387435913086, loss 2: 0.0007139313383959234
client running:54/59, client loss: 2.015984535217285, loss 1: 1.969686508178711, loss 2: 0.00046298091183416545
client running:55/59, client loss: 2.0210323333740234, loss 1: 1.948923110961914, loss 2: 0.0007210918702185154
client running:56/59, client loss: 2.010861873626709, loss 1: 1.9328951835632324, loss 2: 0.0007796668214723468
client running:57/59, client loss: 2.0256412029266357, loss 1: 1.9388641119003296, loss 2: 0.0008677717414684594
client running:58/59, client loss: 2.018047332763672, loss 1: 1.948115348815918, loss 2: 0.0006993209244683385
server loss: tensor([[0.9172, 0.7142, 0.7604, 0.7337, 0.7345, 0.7765, 0.7657, 0.7811],
        [0.7296, 0.8693, 0.7471, 0.7251, 0.7199, 0.6942, 0.7104, 0.7337],
        [0.7749, 0.6983, 0.9636, 0.7244, 0.7066, 0.7331, 0.7574, 0.7464],
        [0.6924, 0.7201, 0.7206, 0.9259, 0.7076, 0.6411, 0.6645, 0.6618],
        [0.7252, 0.7153, 0.7240, 0.7333, 0.8071, 0.6953, 0.6972, 0.6809],
        [0.7914, 0.6516, 0.7909, 0.6814, 0.6867, 0.8825, 0.8191, 0.7580],
        [0.7694, 0.6614, 0.7586, 0.7098, 0.6923, 0.7588, 0.9207, 0.7917],
        [0.8030, 0.7177, 0.7504, 0.6972, 0.7012, 0.7322, 0.7962, 0.9536]],
       device='cuda:0')
client running:0/59, client loss: 2.052859306335449, loss 1: 1.950329303741455, loss 2: 0.001025299308821559
client running:1/59, client loss: 2.0566253662109375, loss 1: 1.9532345533370972, loss 2: 0.0010339084547013044
client running:2/59, client loss: 2.044480323791504, loss 1: 1.9319459199905396, loss 2: 0.0011253440752625465
client running:3/59, client loss: 2.028311014175415, loss 1: 1.9549856185913086, loss 2: 0.0007332544773817062
client running:4/59, client loss: 2.047468423843384, loss 1: 1.962303876876831, loss 2: 0.0008516465313732624
client running:5/59, client loss: 2.0641775131225586, loss 1: 1.9520618915557861, loss 2: 0.0011211559176445007
client running:6/59, client loss: 2.010416030883789, loss 1: 1.9490132331848145, loss 2: 0.0006140280747786164
client running:7/59, client loss: 2.029393196105957, loss 1: 1.9412941932678223, loss 2: 0.0008809907012619078
client running:8/59, client loss: 2.073000907897949, loss 1: 1.9676513671875, loss 2: 0.0010534964967519045
client running:9/59, client loss: 2.0843825340270996, loss 1: 1.9693703651428223, loss 2: 0.001150122145190835
client running:10/59, client loss: 2.0194473266601562, loss 1: 1.9395586252212524, loss 2: 0.0007988880388438702
client running:11/59, client loss: 2.031980276107788, loss 1: 1.9429885149002075, loss 2: 0.0008899179520085454
client running:12/59, client loss: 2.047374963760376, loss 1: 1.9619773626327515, loss 2: 0.0008539750124327838
client running:13/59, client loss: 2.031740427017212, loss 1: 1.9499564170837402, loss 2: 0.0008178400457836688
client running:14/59, client loss: 2.052608013153076, loss 1: 1.968475580215454, loss 2: 0.0008413243340328336
client running:15/59, client loss: 2.0726511478424072, loss 1: 1.9818992614746094, loss 2: 0.0009075183188542724
client running:16/59, client loss: 2.033447742462158, loss 1: 1.9523510932922363, loss 2: 0.0008109655464068055
client running:17/59, client loss: 2.019712209701538, loss 1: 1.9167664051055908, loss 2: 0.0010294588282704353
client running:18/59, client loss: 2.0175507068634033, loss 1: 1.9314218759536743, loss 2: 0.0008612883393652737
client running:19/59, client loss: 2.043992042541504, loss 1: 1.964702844619751, loss 2: 0.0007928916020318866
client running:20/59, client loss: 2.0020220279693604, loss 1: 1.9385517835617065, loss 2: 0.000634702097158879
client running:21/59, client loss: 2.0165023803710938, loss 1: 1.9459145069122314, loss 2: 0.0007058779010549188
client running:22/59, client loss: 2.0134387016296387, loss 1: 1.9406201839447021, loss 2: 0.0007281862199306488
client running:23/59, client loss: 2.033644199371338, loss 1: 1.9495213031768799, loss 2: 0.0008412279421463609
client running:24/59, client loss: 2.039067268371582, loss 1: 1.961050033569336, loss 2: 0.0007801715401001275
client running:25/59, client loss: 2.054731845855713, loss 1: 1.9357948303222656, loss 2: 0.0011893711052834988
client running:26/59, client loss: 2.060961961746216, loss 1: 1.9886912107467651, loss 2: 0.0007227081805467606
client running:27/59, client loss: 2.0300943851470947, loss 1: 1.9615370035171509, loss 2: 0.0006855733226984739
client running:28/59, client loss: 2.0398290157318115, loss 1: 1.945412516593933, loss 2: 0.0009441660949960351
client running:29/59, client loss: 2.0307774543762207, loss 1: 1.9450980424880981, loss 2: 0.0008567946497350931
client running:30/59, client loss: 2.0404062271118164, loss 1: 1.9653551578521729, loss 2: 0.0007505099638365209
client running:31/59, client loss: 2.07468843460083, loss 1: 1.9489083290100098, loss 2: 0.0012578009627759457
client running:32/59, client loss: 2.064960241317749, loss 1: 1.9631800651550293, loss 2: 0.0010178026277571917
client running:33/59, client loss: 2.0250189304351807, loss 1: 1.95980703830719, loss 2: 0.0006521178293041885
client running:34/59, client loss: 2.071366310119629, loss 1: 1.9553303718566895, loss 2: 0.001160358777269721
client running:35/59, client loss: 2.0506603717803955, loss 1: 1.967193841934204, loss 2: 0.0008346657850779593
client running:36/59, client loss: 2.019882917404175, loss 1: 1.9385490417480469, loss 2: 0.000813339720480144
client running:37/59, client loss: 2.0124411582946777, loss 1: 1.953857183456421, loss 2: 0.0005858398508280516
client running:38/59, client loss: 2.032296657562256, loss 1: 1.9689370393753052, loss 2: 0.0006335958023555577
client running:39/59, client loss: 2.0321011543273926, loss 1: 1.9664461612701416, loss 2: 0.0006565487128682435
client running:40/59, client loss: 2.0556764602661133, loss 1: 1.9536312818527222, loss 2: 0.001020451309159398
client running:41/59, client loss: 2.0145015716552734, loss 1: 1.9576880931854248, loss 2: 0.0005681358161382377
client running:42/59, client loss: 2.055820941925049, loss 1: 1.9481958150863647, loss 2: 0.0010762517340481281
client running:43/59, client loss: 2.041931629180908, loss 1: 1.9341974258422852, loss 2: 0.0010773418471217155
client running:44/59, client loss: 2.0376758575439453, loss 1: 1.9474979639053345, loss 2: 0.0009017789852805436
client running:45/59, client loss: 2.0591626167297363, loss 1: 1.955179214477539, loss 2: 0.0010398334125056863
client running:46/59, client loss: 2.0183067321777344, loss 1: 1.9492225646972656, loss 2: 0.000690841639880091
client running:47/59, client loss: 2.000814199447632, loss 1: 1.9277039766311646, loss 2: 0.0007311032386496663
client running:48/59, client loss: 2.003030776977539, loss 1: 1.9459761381149292, loss 2: 0.000570546486414969
client running:49/59, client loss: 2.014925003051758, loss 1: 1.9483643770217896, loss 2: 0.0006656060577370226
client running:50/59, client loss: 2.01777720451355, loss 1: 1.9534462690353394, loss 2: 0.0006433097878471017
client running:51/59, client loss: 2.032569169998169, loss 1: 1.9642882347106934, loss 2: 0.0006828096229583025
client running:52/59, client loss: 2.0289061069488525, loss 1: 1.944096326828003, loss 2: 0.0008480966789647937
client running:53/59, client loss: 2.0231494903564453, loss 1: 1.924471378326416, loss 2: 0.0009867806220427155
client running:54/59, client loss: 2.0190274715423584, loss 1: 1.9410306215286255, loss 2: 0.000779968686401844
client running:55/59, client loss: 2.039508819580078, loss 1: 1.9589917659759521, loss 2: 0.0008051703334785998
client running:56/59, client loss: 2.0175349712371826, loss 1: 1.9742891788482666, loss 2: 0.0004324569017626345
client running:57/59, client loss: 1.9921287298202515, loss 1: 1.9435769319534302, loss 2: 0.00048551842337474227
client running:58/59, client loss: 2.028696060180664, loss 1: 1.9514111280441284, loss 2: 0.0007728501223027706
server loss: tensor([[0.9116, 0.7121, 0.7602, 0.7781, 0.7537, 0.6924, 0.7877, 0.8523],
        [0.6828, 0.9070, 0.6854, 0.7121, 0.7094, 0.6671, 0.6713, 0.6969],
        [0.7146, 0.6754, 0.9696, 0.7723, 0.7627, 0.7634, 0.7662, 0.7902],
        [0.6922, 0.7133, 0.7482, 0.9113, 0.7329, 0.6956, 0.7139, 0.7477],
        [0.7331, 0.7057, 0.7413, 0.7591, 0.9277, 0.6904, 0.7850, 0.7772],
        [0.6407, 0.6649, 0.7496, 0.7258, 0.7073, 0.8971, 0.6941, 0.7297],
        [0.7568, 0.6929, 0.7692, 0.7510, 0.7780, 0.7109, 0.9237, 0.8243],
        [0.7634, 0.6994, 0.7497, 0.8367, 0.7625, 0.7054, 0.7700, 0.8268]],
       device='cuda:0')
client running:0/59, client loss: 2.024653673171997, loss 1: 1.9235846996307373, loss 2: 0.001010690350085497
client running:1/59, client loss: 2.0024077892303467, loss 1: 1.9461755752563477, loss 2: 0.000562321743927896
client running:2/59, client loss: 2.008087396621704, loss 1: 1.9567292928695679, loss 2: 0.0005135817918926477
client running:3/59, client loss: 2.0320699214935303, loss 1: 1.9415497779846191, loss 2: 0.0009052013047039509
client running:4/59, client loss: 2.0237739086151123, loss 1: 1.9576990604400635, loss 2: 0.0006607483956031501
client running:5/59, client loss: 2.0474109649658203, loss 1: 1.9222593307495117, loss 2: 0.0012515158159658313
client running:6/59, client loss: 2.0532712936401367, loss 1: 1.9631752967834473, loss 2: 0.0009009587811306119
client running:7/59, client loss: 2.0378923416137695, loss 1: 1.9679548740386963, loss 2: 0.0006993737770244479
client running:8/59, client loss: 2.022918462753296, loss 1: 1.9572759866714478, loss 2: 0.0006564253708347678
client running:9/59, client loss: 2.007920026779175, loss 1: 1.9438014030456543, loss 2: 0.0006411860231310129
client running:10/59, client loss: 2.0452184677124023, loss 1: 1.9656553268432617, loss 2: 0.0007956314366310835
client running:11/59, client loss: 2.01239275932312, loss 1: 1.9467885494232178, loss 2: 0.0006560429465025663
client running:12/59, client loss: 2.0481739044189453, loss 1: 1.961769938468933, loss 2: 0.0008640395244583488
client running:13/59, client loss: 2.030867576599121, loss 1: 1.9591487646102905, loss 2: 0.00071718730032444
client running:14/59, client loss: 2.0208706855773926, loss 1: 1.9519596099853516, loss 2: 0.000689110194798559
client running:15/59, client loss: 2.057029962539673, loss 1: 1.9655100107192993, loss 2: 0.0009151991689577699
client running:16/59, client loss: 2.024400234222412, loss 1: 1.9424614906311035, loss 2: 0.0008193865069188178
client running:17/59, client loss: 2.041257381439209, loss 1: 1.9472730159759521, loss 2: 0.000939844292588532
client running:18/59, client loss: 2.082888603210449, loss 1: 1.9622080326080322, loss 2: 0.0012068047653883696
client running:19/59, client loss: 2.046250581741333, loss 1: 1.9429683685302734, loss 2: 0.00103282299824059
client running:20/59, client loss: 2.040440082550049, loss 1: 1.9511147737503052, loss 2: 0.0008932532509788871
client running:21/59, client loss: 2.0500426292419434, loss 1: 1.971497893333435, loss 2: 0.0007854483556002378
client running:22/59, client loss: 2.04801607131958, loss 1: 1.9467215538024902, loss 2: 0.001012945082038641
client running:23/59, client loss: 2.0091488361358643, loss 1: 1.9579203128814697, loss 2: 0.000512284750584513
client running:24/59, client loss: 2.0429632663726807, loss 1: 1.9440499544143677, loss 2: 0.0009891323279589415
client running:25/59, client loss: 2.017629384994507, loss 1: 1.960426926612854, loss 2: 0.0005720239132642746
client running:26/59, client loss: 2.0274507999420166, loss 1: 1.9468269348144531, loss 2: 0.0008062396664172411
client running:27/59, client loss: 2.0385048389434814, loss 1: 1.968359112739563, loss 2: 0.0007014580769464374
client running:28/59, client loss: 2.036050796508789, loss 1: 1.9417192935943604, loss 2: 0.0009433159721083939
client running:29/59, client loss: 2.012213945388794, loss 1: 1.9401805400848389, loss 2: 0.0007203351706266403
client running:30/59, client loss: 2.033296585083008, loss 1: 1.9486985206604004, loss 2: 0.0008459810633212328
client running:31/59, client loss: 2.0229408740997314, loss 1: 1.9195791482925415, loss 2: 0.0010336163686588407
client running:32/59, client loss: 2.034759759902954, loss 1: 1.9501228332519531, loss 2: 0.0008463702397421002
client running:33/59, client loss: 2.010768175125122, loss 1: 1.9522576332092285, loss 2: 0.0005851064343005419
client running:34/59, client loss: 2.016206979751587, loss 1: 1.9430503845214844, loss 2: 0.0007315665716305375
client running:35/59, client loss: 2.0456676483154297, loss 1: 1.9546754360198975, loss 2: 0.0009099218295887113
client running:36/59, client loss: 2.0535261631011963, loss 1: 1.9536272287368774, loss 2: 0.0009989887475967407
client running:37/59, client loss: 2.0385372638702393, loss 1: 1.9592398405075073, loss 2: 0.0007929746643640101
client running:38/59, client loss: 2.020444393157959, loss 1: 1.9549108743667603, loss 2: 0.0006553357234224677
client running:39/59, client loss: 2.0376455783843994, loss 1: 1.9744155406951904, loss 2: 0.0006323007401078939
client running:40/59, client loss: 2.013256549835205, loss 1: 1.9449657201766968, loss 2: 0.0006829077610746026
client running:41/59, client loss: 2.031501054763794, loss 1: 1.9602997303009033, loss 2: 0.0007120135123841465
client running:42/59, client loss: 2.0423614978790283, loss 1: 1.9607529640197754, loss 2: 0.0008160861325450242
client running:43/59, client loss: 2.037693738937378, loss 1: 1.9518756866455078, loss 2: 0.0008581795264035463
client running:44/59, client loss: 2.008298397064209, loss 1: 1.9526329040527344, loss 2: 0.0005566552863456309
client running:45/59, client loss: 2.0348074436187744, loss 1: 1.949657917022705, loss 2: 0.0008514957735314965
client running:46/59, client loss: 2.0160610675811768, loss 1: 1.9519851207733154, loss 2: 0.0006407592445611954
client running:47/59, client loss: 2.0473194122314453, loss 1: 1.962044358253479, loss 2: 0.0008527515456080437
client running:48/59, client loss: 2.0213799476623535, loss 1: 1.959892988204956, loss 2: 0.0006148702232167125
client running:49/59, client loss: 2.0030083656311035, loss 1: 1.9379451274871826, loss 2: 0.0006506327772513032
client running:50/59, client loss: 2.0348503589630127, loss 1: 1.9481908082962036, loss 2: 0.0008665947243571281
client running:51/59, client loss: 2.0128047466278076, loss 1: 1.9460355043411255, loss 2: 0.000667693093419075
client running:52/59, client loss: 2.0456326007843018, loss 1: 1.9512200355529785, loss 2: 0.0009441255824640393
client running:53/59, client loss: 2.0522713661193848, loss 1: 1.9469002485275269, loss 2: 0.0010537118650972843
client running:54/59, client loss: 1.9934983253479004, loss 1: 1.9429985284805298, loss 2: 0.000504997675307095
client running:55/59, client loss: 2.013549566268921, loss 1: 1.9584646224975586, loss 2: 0.0005508494796231389
client running:56/59, client loss: 2.0155835151672363, loss 1: 1.9340240955352783, loss 2: 0.0008155935211107135
client running:57/59, client loss: 2.0502827167510986, loss 1: 1.954655408859253, loss 2: 0.0009562742197886109
client running:58/59, client loss: 2.012603998184204, loss 1: 1.9673956632614136, loss 2: 0.00045208263327367604
server loss: tensor([[0.9376, 0.7719, 0.7416, 0.7447, 0.7284, 0.7388, 0.7255, 0.7479],
        [0.7819, 0.8423, 0.7221, 0.7173, 0.7421, 0.7462, 0.6849, 0.7803],
        [0.7168, 0.7134, 0.9838, 0.8353, 0.7969, 0.7737, 0.7686, 0.7167],
        [0.7481, 0.7293, 0.8182, 0.8606, 0.7619, 0.7749, 0.7697, 0.7347],
        [0.7014, 0.7278, 0.7815, 0.7720, 0.9425, 0.8517, 0.7958, 0.7469],
        [0.7372, 0.7415, 0.7678, 0.7785, 0.8135, 0.9267, 0.7764, 0.7508],
        [0.7391, 0.7283, 0.7526, 0.7844, 0.8075, 0.8255, 0.9184, 0.7529],
        [0.8103, 0.7438, 0.7486, 0.7324, 0.7311, 0.7278, 0.7243, 0.8633]],
       device='cuda:0')
client running:0/59, client loss: 2.0265228748321533, loss 1: 1.9475957155227661, loss 2: 0.0007892722496762872
client running:1/59, client loss: 2.055319309234619, loss 1: 1.957764983177185, loss 2: 0.0009755443898029625
client running:2/59, client loss: 2.036877393722534, loss 1: 1.9636558294296265, loss 2: 0.0007322162855416536
client running:3/59, client loss: 2.0446434020996094, loss 1: 1.956296443939209, loss 2: 0.0008834702312014997
client running:4/59, client loss: 2.0265605449676514, loss 1: 1.9499837160110474, loss 2: 0.0007657677051611245
client running:5/59, client loss: 2.0442774295806885, loss 1: 1.9477359056472778, loss 2: 0.0009654157911427319
client running:6/59, client loss: 2.0404579639434814, loss 1: 1.946732997894287, loss 2: 0.0009372488711960614
client running:7/59, client loss: 2.051302909851074, loss 1: 1.95521879196167, loss 2: 0.0009608404943719506
client running:8/59, client loss: 2.0653188228607178, loss 1: 1.9764848947525024, loss 2: 0.0008883400587365031
client running:9/59, client loss: 2.019625425338745, loss 1: 1.9375290870666504, loss 2: 0.0008209623629227281
client running:10/59, client loss: 2.0468904972076416, loss 1: 1.9509161710739136, loss 2: 0.0009597435127943754
client running:11/59, client loss: 2.017634630203247, loss 1: 1.9342337846755981, loss 2: 0.0008340090280398726
client running:12/59, client loss: 2.031282901763916, loss 1: 1.9569355249404907, loss 2: 0.0007434730650857091
client running:13/59, client loss: 2.0394558906555176, loss 1: 1.9591455459594727, loss 2: 0.0008031034376472235
client running:14/59, client loss: 2.0435597896575928, loss 1: 1.9811129570007324, loss 2: 0.0006244686665013433
client running:15/59, client loss: 2.036390781402588, loss 1: 1.9632970094680786, loss 2: 0.0007309381617233157
client running:16/59, client loss: 2.0276694297790527, loss 1: 1.9520885944366455, loss 2: 0.0007558093057014048
client running:17/59, client loss: 2.0569820404052734, loss 1: 1.9471913576126099, loss 2: 0.0010979074286296964
client running:18/59, client loss: 2.033632755279541, loss 1: 1.9532719850540161, loss 2: 0.0008036082144826651
client running:19/59, client loss: 2.015669584274292, loss 1: 1.9395352602005005, loss 2: 0.0007613440975546837
client running:20/59, client loss: 2.0420641899108887, loss 1: 1.9604510068893433, loss 2: 0.000816131301689893
client running:21/59, client loss: 2.043623208999634, loss 1: 1.9328162670135498, loss 2: 0.0011080699041485786
client running:22/59, client loss: 2.035088539123535, loss 1: 1.9513206481933594, loss 2: 0.0008376786718145013
client running:23/59, client loss: 2.024198293685913, loss 1: 1.9500409364700317, loss 2: 0.0007415735744871199
client running:24/59, client loss: 2.051572322845459, loss 1: 1.9607176780700684, loss 2: 0.0009085469064302742
client running:25/59, client loss: 1.997275710105896, loss 1: 1.9463592767715454, loss 2: 0.0005091645871289074
client running:26/59, client loss: 2.03583025932312, loss 1: 1.9539939165115356, loss 2: 0.0008183640893548727
client running:27/59, client loss: 2.044071674346924, loss 1: 1.9367518424987793, loss 2: 0.0010731987422332168
client running:28/59, client loss: 2.0515706539154053, loss 1: 1.9535548686981201, loss 2: 0.0009801583364605904
client running:29/59, client loss: 2.0824170112609863, loss 1: 1.982299566268921, loss 2: 0.0010011745616793633
client running:30/59, client loss: 2.046884536743164, loss 1: 1.960689902305603, loss 2: 0.0008619470754638314
client running:31/59, client loss: 2.036315441131592, loss 1: 1.9645814895629883, loss 2: 0.0007173382909968495
client running:32/59, client loss: 2.039200782775879, loss 1: 1.9486045837402344, loss 2: 0.0009059628355316818
client running:33/59, client loss: 2.0426855087280273, loss 1: 1.9553481340408325, loss 2: 0.0008733734721317887
client running:34/59, client loss: 2.0449304580688477, loss 1: 1.9507049322128296, loss 2: 0.000942254438996315
client running:35/59, client loss: 2.059223175048828, loss 1: 1.9569802284240723, loss 2: 0.0010224299039691687
client running:36/59, client loss: 1.992128610610962, loss 1: 1.9468729496002197, loss 2: 0.0004525568801909685
client running:37/59, client loss: 2.0361218452453613, loss 1: 1.9560918807983398, loss 2: 0.0008003001566976309
client running:38/59, client loss: 2.0242984294891357, loss 1: 1.948878288269043, loss 2: 0.0007542006787844002
client running:39/59, client loss: 2.067098617553711, loss 1: 1.958251714706421, loss 2: 0.0010884682415053248
client running:40/59, client loss: 2.0498406887054443, loss 1: 1.959321141242981, loss 2: 0.0009051952511072159
client running:41/59, client loss: 2.0621445178985596, loss 1: 1.959748387336731, loss 2: 0.0010239609982818365
client running:42/59, client loss: 2.0348639488220215, loss 1: 1.952879548072815, loss 2: 0.0008198434370569885
client running:43/59, client loss: 2.042797327041626, loss 1: 1.9768893718719482, loss 2: 0.0006590796983800828
client running:44/59, client loss: 2.0062482357025146, loss 1: 1.9513169527053833, loss 2: 0.0005493135540746152
client running:45/59, client loss: 2.046945810317993, loss 1: 1.9578970670700073, loss 2: 0.0008904869901016355
client running:46/59, client loss: 2.0254549980163574, loss 1: 1.9579800367355347, loss 2: 0.0006747495499439538
client running:47/59, client loss: 2.0126311779022217, loss 1: 1.9370886087417603, loss 2: 0.0007554246112704277
client running:48/59, client loss: 2.0207269191741943, loss 1: 1.9546397924423218, loss 2: 0.0006608723779208958
client running:49/59, client loss: 1.9989300966262817, loss 1: 1.9376959800720215, loss 2: 0.0006123411585576832
client running:50/59, client loss: 2.022523880004883, loss 1: 1.9451897144317627, loss 2: 0.000773341569583863
client running:51/59, client loss: 2.0374035835266113, loss 1: 1.9591580629348755, loss 2: 0.0007824543863534927
client running:52/59, client loss: 2.0217466354370117, loss 1: 1.9518998861312866, loss 2: 0.0006984686478972435
client running:53/59, client loss: 2.0645511150360107, loss 1: 1.9601694345474243, loss 2: 0.0010438176104798913
client running:54/59, client loss: 1.992287516593933, loss 1: 1.933372974395752, loss 2: 0.000589145056437701
client running:55/59, client loss: 2.0477471351623535, loss 1: 1.9614343643188477, loss 2: 0.0008631269447505474
client running:56/59, client loss: 2.003154754638672, loss 1: 1.9430040121078491, loss 2: 0.0006015075487084687
client running:57/59, client loss: 2.027294397354126, loss 1: 1.9498974084854126, loss 2: 0.0007739690481685102
client running:58/59, client loss: 2.0364458560943604, loss 1: 1.9429131746292114, loss 2: 0.000935327960178256
server loss: tensor([[0.9442, 0.6988, 0.7212, 0.7616, 0.7212, 0.7045, 0.7316, 0.7678],
        [0.7163, 0.9209, 0.7896, 0.7183, 0.8184, 0.7236, 0.7792, 0.7878],
        [0.6978, 0.7646, 0.9486, 0.7092, 0.7878, 0.6933, 0.7898, 0.7838],
        [0.7789, 0.7639, 0.7529, 0.9215, 0.7587, 0.7294, 0.7649, 0.7801],
        [0.7049, 0.7617, 0.7995, 0.7202, 0.9608, 0.7099, 0.7540, 0.7511],
        [0.6815, 0.6834, 0.6761, 0.6701, 0.6816, 0.9205, 0.7118, 0.7480],
        [0.7296, 0.7642, 0.7860, 0.7380, 0.7632, 0.7055, 0.9233, 0.7618],
        [0.7297, 0.7390, 0.7612, 0.7254, 0.7340, 0.7749, 0.7556, 0.9092]],
       device='cuda:0')
client running:0/59, client loss: 2.048650026321411, loss 1: 1.958569884300232, loss 2: 0.0009008013876155019
client running:1/59, client loss: 2.0414929389953613, loss 1: 1.9704803228378296, loss 2: 0.0007101262453943491
client running:2/59, client loss: 2.0338332653045654, loss 1: 1.9538791179656982, loss 2: 0.0007995407795533538
client running:3/59, client loss: 2.0596768856048584, loss 1: 1.9603052139282227, loss 2: 0.0009937174618244171
client running:4/59, client loss: 2.0852997303009033, loss 1: 1.969005823135376, loss 2: 0.0011629381915554404
client running:5/59, client loss: 2.0408215522766113, loss 1: 1.9505131244659424, loss 2: 0.0009030852816067636
client running:6/59, client loss: 2.061753749847412, loss 1: 1.9839080572128296, loss 2: 0.0007784577319398522
client running:7/59, client loss: 2.0611989498138428, loss 1: 1.9526447057724, loss 2: 0.0010855416767299175
client running:8/59, client loss: 2.053088426589966, loss 1: 1.950011134147644, loss 2: 0.0010307725751772523
client running:9/59, client loss: 2.022937536239624, loss 1: 1.9661606550216675, loss 2: 0.0005677697481587529
client running:10/59, client loss: 2.024519443511963, loss 1: 1.9397424459457397, loss 2: 0.000847770250402391
client running:11/59, client loss: 2.024411916732788, loss 1: 1.946541666984558, loss 2: 0.0007787016802467406
client running:12/59, client loss: 2.015455722808838, loss 1: 1.9532809257507324, loss 2: 0.0006217481568455696
client running:13/59, client loss: 2.0498461723327637, loss 1: 1.956336259841919, loss 2: 0.0009350981563329697
client running:14/59, client loss: 2.0147743225097656, loss 1: 1.9455972909927368, loss 2: 0.0006917695282027125
client running:15/59, client loss: 2.0260181427001953, loss 1: 1.9429388046264648, loss 2: 0.0008307932876050472
client running:16/59, client loss: 2.001807928085327, loss 1: 1.940477967262268, loss 2: 0.0006132991402409971
client running:17/59, client loss: 2.0101919174194336, loss 1: 1.9492120742797852, loss 2: 0.0006097975419834256
client running:18/59, client loss: 2.044590711593628, loss 1: 1.9554893970489502, loss 2: 0.0008910131291486323
client running:19/59, client loss: 2.030585289001465, loss 1: 1.9471633434295654, loss 2: 0.0008342195069417357
client running:20/59, client loss: 2.037123918533325, loss 1: 1.9447746276855469, loss 2: 0.0009234925964847207
client running:21/59, client loss: 2.024127721786499, loss 1: 1.9424821138381958, loss 2: 0.0008164566243067384
client running:22/59, client loss: 2.0290682315826416, loss 1: 1.9639561176300049, loss 2: 0.0006511220708489418
client running:23/59, client loss: 2.1068825721740723, loss 1: 1.9564952850341797, loss 2: 0.0015038740821182728
client running:24/59, client loss: 2.0369880199432373, loss 1: 1.953934907913208, loss 2: 0.0008305319352075458
client running:25/59, client loss: 2.0432848930358887, loss 1: 1.9560065269470215, loss 2: 0.0008727845270186663
client running:26/59, client loss: 2.0360820293426514, loss 1: 1.953269124031067, loss 2: 0.0008281301707029343
client running:27/59, client loss: 2.020923376083374, loss 1: 1.956104040145874, loss 2: 0.0006481940508820117
client running:28/59, client loss: 2.034109354019165, loss 1: 1.9685184955596924, loss 2: 0.0006559081957675517
client running:29/59, client loss: 2.0763099193573, loss 1: 1.9627609252929688, loss 2: 0.0011354901362210512
client running:30/59, client loss: 2.014096260070801, loss 1: 1.943271517753601, loss 2: 0.0007082467200234532
client running:31/59, client loss: 2.0392847061157227, loss 1: 1.9687626361846924, loss 2: 0.000705219863448292
client running:32/59, client loss: 2.0147182941436768, loss 1: 1.9648576974868774, loss 2: 0.0004986051935702562
client running:33/59, client loss: 2.021282196044922, loss 1: 1.951977014541626, loss 2: 0.0006930521922186017
client running:34/59, client loss: 2.0329928398132324, loss 1: 1.9504632949829102, loss 2: 0.0008252947591245174
client running:35/59, client loss: 2.050119400024414, loss 1: 1.953413724899292, loss 2: 0.0009670568397268653
client running:36/59, client loss: 1.9984056949615479, loss 1: 1.9559402465820312, loss 2: 0.00042465506703592837
client running:37/59, client loss: 2.0633957386016846, loss 1: 1.9782090187072754, loss 2: 0.000851866789162159
client running:38/59, client loss: 2.0294225215911865, loss 1: 1.9488015174865723, loss 2: 0.000806210155133158
client running:39/59, client loss: 2.031970977783203, loss 1: 1.9623908996582031, loss 2: 0.0006958008743822575
client running:40/59, client loss: 2.023280620574951, loss 1: 1.9468002319335938, loss 2: 0.0007648032042197883
client running:41/59, client loss: 2.004502534866333, loss 1: 1.9397131204605103, loss 2: 0.0006478939321823418
client running:42/59, client loss: 2.022538661956787, loss 1: 1.9578261375427246, loss 2: 0.0006471248343586922
client running:43/59, client loss: 2.0438761711120605, loss 1: 1.9547770023345947, loss 2: 0.0008909913012757897
client running:44/59, client loss: 2.0514495372772217, loss 1: 1.9593439102172852, loss 2: 0.0009210562566295266
client running:45/59, client loss: 2.043332576751709, loss 1: 1.9573769569396973, loss 2: 0.0008595566032454371
client running:46/59, client loss: 2.0341320037841797, loss 1: 1.9478099346160889, loss 2: 0.0008632204262539744
client running:47/59, client loss: 2.0441970825195312, loss 1: 1.974068284034729, loss 2: 0.0007012872956693172
client running:48/59, client loss: 2.039409637451172, loss 1: 1.953865647315979, loss 2: 0.000855440623126924
client running:49/59, client loss: 2.0255706310272217, loss 1: 1.9582217931747437, loss 2: 0.0006734885973855853
client running:50/59, client loss: 2.0296783447265625, loss 1: 1.9517885446548462, loss 2: 0.000778897840064019
client running:51/59, client loss: 2.0221829414367676, loss 1: 1.961987853050232, loss 2: 0.0006019509164616466
client running:52/59, client loss: 2.0176873207092285, loss 1: 1.956172227859497, loss 2: 0.0006151501438580453
client running:53/59, client loss: 2.039728879928589, loss 1: 1.957712173461914, loss 2: 0.0008201663731597364
client running:54/59, client loss: 2.0202841758728027, loss 1: 1.958914875984192, loss 2: 0.0006136941956356168
client running:55/59, client loss: 2.0223636627197266, loss 1: 1.9664920568466187, loss 2: 0.0005587164778262377
client running:56/59, client loss: 2.011239528656006, loss 1: 1.942258596420288, loss 2: 0.0006898088613525033
client running:57/59, client loss: 2.0001373291015625, loss 1: 1.9442405700683594, loss 2: 0.0005589677020907402
client running:58/59, client loss: 2.0387015342712402, loss 1: 1.9601131677627563, loss 2: 0.0007858833996579051
server loss: tensor([[0.9378, 0.7660, 0.7793, 0.8062, 0.7795, 0.7174, 0.7224, 0.7472],
        [0.7973, 0.8597, 0.7426, 0.7682, 0.7877, 0.7067, 0.7110, 0.7127],
        [0.7553, 0.6795, 0.9611, 0.7536, 0.7294, 0.6533, 0.7080, 0.7563],
        [0.8000, 0.7520, 0.7522, 0.9361, 0.8203, 0.6817, 0.7091, 0.7291],
        [0.7597, 0.7655, 0.7113, 0.7725, 0.9237, 0.7128, 0.7292, 0.6997],
        [0.7712, 0.7338, 0.7494, 0.7951, 0.7958, 0.8327, 0.7184, 0.7415],
        [0.7481, 0.7610, 0.7218, 0.7842, 0.7457, 0.7043, 0.8646, 0.7075],
        [0.7350, 0.6765, 0.7303, 0.7098, 0.7089, 0.6860, 0.6646, 0.9084]],
       device='cuda:0')
server average tensor
client running:0/59, client loss: 2.0583608150482178, loss 1: 1.9719475507736206, loss 2: 0.0008641319000162184
client running:1/59, client loss: 2.019998550415039, loss 1: 1.9479525089263916, loss 2: 0.0007204593857750297
client running:2/59, client loss: 2.0456271171569824, loss 1: 1.962239384651184, loss 2: 0.0008338770130649209
client running:3/59, client loss: 2.005136013031006, loss 1: 1.9291551113128662, loss 2: 0.0007598097436130047
client running:4/59, client loss: 2.0346240997314453, loss 1: 1.9470124244689941, loss 2: 0.0008761156932450831
client running:5/59, client loss: 2.046360492706299, loss 1: 1.9502617120742798, loss 2: 0.00096098892390728
client running:6/59, client loss: 2.008795976638794, loss 1: 1.9312255382537842, loss 2: 0.0007757038692943752
client running:7/59, client loss: 2.042884111404419, loss 1: 1.9571961164474487, loss 2: 0.000856878818012774
client running:8/59, client loss: 2.019871711730957, loss 1: 1.947845220565796, loss 2: 0.0007202643319033086
client running:9/59, client loss: 2.0079472064971924, loss 1: 1.9484480619430542, loss 2: 0.0005949903861619532
client running:10/59, client loss: 2.053236246109009, loss 1: 1.959810733795166, loss 2: 0.0009342561243101954
client running:11/59, client loss: 2.0417122840881348, loss 1: 1.9466968774795532, loss 2: 0.0009501543827354908
client running:12/59, client loss: 2.005258798599243, loss 1: 1.9513707160949707, loss 2: 0.0005388807039707899
client running:13/59, client loss: 2.0478169918060303, loss 1: 1.964938998222351, loss 2: 0.0008287806413136423
client running:14/59, client loss: 2.0745344161987305, loss 1: 1.945265531539917, loss 2: 0.0012926884228363633
client running:15/59, client loss: 2.0825390815734863, loss 1: 1.9597125053405762, loss 2: 0.0012282649986445904
client running:16/59, client loss: 2.038755178451538, loss 1: 1.9568371772766113, loss 2: 0.0008191791130229831
client running:17/59, client loss: 2.023630380630493, loss 1: 1.9432332515716553, loss 2: 0.0008039704989641905
client running:18/59, client loss: 2.0209574699401855, loss 1: 1.9369282722473145, loss 2: 0.0008402927778661251
client running:19/59, client loss: 2.0466220378875732, loss 1: 1.9349989891052246, loss 2: 0.0011162308510392904
client running:20/59, client loss: 2.056941270828247, loss 1: 1.949271321296692, loss 2: 0.0010766995837911963
client running:21/59, client loss: 2.008871555328369, loss 1: 1.9385031461715698, loss 2: 0.0007036852184683084
client running:22/59, client loss: 2.0359930992126465, loss 1: 1.954262614250183, loss 2: 0.0008173059322871268
client running:23/59, client loss: 2.0231571197509766, loss 1: 1.9632298946380615, loss 2: 0.0005992726655676961
client running:24/59, client loss: 2.033162832260132, loss 1: 1.9430394172668457, loss 2: 0.000901233172044158
client running:25/59, client loss: 2.0469043254852295, loss 1: 1.951040506362915, loss 2: 0.0009586376836523414
client running:26/59, client loss: 2.0430266857147217, loss 1: 1.9661104679107666, loss 2: 0.0007691626669839025
client running:27/59, client loss: 2.038464307785034, loss 1: 1.9419997930526733, loss 2: 0.0009646452963352203
client running:28/59, client loss: 2.037956953048706, loss 1: 1.93759024143219, loss 2: 0.001003666897304356
client running:29/59, client loss: 2.0284337997436523, loss 1: 1.9653801918029785, loss 2: 0.0006305367569439113
client running:30/59, client loss: 2.027397632598877, loss 1: 1.956061840057373, loss 2: 0.0007133590988814831
client running:31/59, client loss: 2.030104398727417, loss 1: 1.9490658044815063, loss 2: 0.0008103856816887856
client running:32/59, client loss: 2.025081157684326, loss 1: 1.960101842880249, loss 2: 0.0006497938302345574
client running:33/59, client loss: 2.0634262561798096, loss 1: 1.9408824443817139, loss 2: 0.0012254370376467705
client running:34/59, client loss: 2.068502426147461, loss 1: 1.9585267305374146, loss 2: 0.0010997564531862736
client running:35/59, client loss: 2.061769723892212, loss 1: 1.9662065505981445, loss 2: 0.0009556313161738217
client running:36/59, client loss: 2.0051162242889404, loss 1: 1.9290820360183716, loss 2: 0.0007603410049341619
client running:37/59, client loss: 2.032430410385132, loss 1: 1.950560212135315, loss 2: 0.0008187027415260673
client running:38/59, client loss: 2.0377767086029053, loss 1: 1.9405949115753174, loss 2: 0.0009718184592202306
client running:39/59, client loss: 2.009673595428467, loss 1: 1.933912992477417, loss 2: 0.0007576048956252635
client running:40/59, client loss: 2.0182149410247803, loss 1: 1.93755042552948, loss 2: 0.0008066449081525207
client running:41/59, client loss: 2.0415003299713135, loss 1: 1.9493013620376587, loss 2: 0.0009219892672263086
client running:42/59, client loss: 2.011429786682129, loss 1: 1.9461768865585327, loss 2: 0.000652528484351933
client running:43/59, client loss: 2.043219804763794, loss 1: 1.9727205038070679, loss 2: 0.0007049934356473386
client running:44/59, client loss: 2.017374038696289, loss 1: 1.9504034519195557, loss 2: 0.0006697049830108881
client running:45/59, client loss: 2.0395963191986084, loss 1: 1.9485265016555786, loss 2: 0.0009106979123316705
client running:46/59, client loss: 2.0270698070526123, loss 1: 1.924291729927063, loss 2: 0.0010277803521603346
client running:47/59, client loss: 2.0251331329345703, loss 1: 1.9404079914093018, loss 2: 0.0008472515037283301
client running:48/59, client loss: 2.0020220279693604, loss 1: 1.9248017072677612, loss 2: 0.000772202096413821
client running:49/59, client loss: 2.0148234367370605, loss 1: 1.9498822689056396, loss 2: 0.0006494111148640513
client running:50/59, client loss: 2.058495283126831, loss 1: 1.9718916416168213, loss 2: 0.0008660355815663934
client running:51/59, client loss: 2.0310027599334717, loss 1: 1.9336293935775757, loss 2: 0.000973733956925571
client running:52/59, client loss: 2.0138814449310303, loss 1: 1.9372953176498413, loss 2: 0.0007658622344024479
client running:53/59, client loss: 2.0259034633636475, loss 1: 1.9463386535644531, loss 2: 0.0007956473855301738
client running:54/59, client loss: 2.0428216457366943, loss 1: 1.9475878477096558, loss 2: 0.0009523372864350677
client running:55/59, client loss: 2.023082733154297, loss 1: 1.9683125019073486, loss 2: 0.000547701318282634
client running:56/59, client loss: 2.065436601638794, loss 1: 1.9758743047714233, loss 2: 0.0008956227684393525
client running:57/59, client loss: 2.0114519596099854, loss 1: 1.949513554573059, loss 2: 0.0006193838198669255
client running:58/59, client loss: 2.0246806144714355, loss 1: 1.9321746826171875, loss 2: 0.0009250603034161031
server loss: tensor([[0.9189, 0.7550, 0.7339, 0.7420, 0.7853, 0.7643, 0.6842, 0.7370],
        [0.7272, 0.9484, 0.7565, 0.7592, 0.7627, 0.6816, 0.6978, 0.7846],
        [0.7279, 0.7590, 0.9457, 0.7591, 0.7386, 0.6644, 0.6851, 0.7543],
        [0.7099, 0.7149, 0.7034, 0.8777, 0.7627, 0.6864, 0.7225, 0.7213],
        [0.7384, 0.7534, 0.7340, 0.7869, 0.9460, 0.7002, 0.7131, 0.7291],
        [0.7206, 0.6786, 0.6881, 0.7021, 0.7045, 0.9275, 0.6580, 0.6666],
        [0.6980, 0.6925, 0.6776, 0.7167, 0.7196, 0.6832, 0.9046, 0.7382],
        [0.7324, 0.7607, 0.7557, 0.7737, 0.7405, 0.6710, 0.7629, 0.9060]],
       device='cuda:0')
client running:0/59, client loss: 2.0309877395629883, loss 1: 1.9429174661636353, loss 2: 0.0008807028061710298
client running:1/59, client loss: 2.025135040283203, loss 1: 1.9478790760040283, loss 2: 0.0007725587929598987
client running:2/59, client loss: 2.0492420196533203, loss 1: 1.9740004539489746, loss 2: 0.0007524166721850634
client running:3/59, client loss: 2.08644437789917, loss 1: 1.9556835889816284, loss 2: 0.0013076066970825195
client running:4/59, client loss: 2.0509204864501953, loss 1: 1.9523968696594238, loss 2: 0.0009852349758148193
client running:5/59, client loss: 2.10040283203125, loss 1: 1.9724340438842773, loss 2: 0.0012796868104487658
client running:6/59, client loss: 2.086029529571533, loss 1: 1.956455111503601, loss 2: 0.0012957451399415731
client running:7/59, client loss: 2.043549060821533, loss 1: 1.9405231475830078, loss 2: 0.0010302593000233173
client running:8/59, client loss: 2.049827814102173, loss 1: 1.9445726871490479, loss 2: 0.001052551669999957
client running:9/59, client loss: 2.0496718883514404, loss 1: 1.9557825326919556, loss 2: 0.0009388946928083897
client running:10/59, client loss: 2.052722215652466, loss 1: 1.9431953430175781, loss 2: 0.001095268176868558
client running:11/59, client loss: 2.075169324874878, loss 1: 1.948314905166626, loss 2: 0.0012685446999967098
client running:12/59, client loss: 2.0145609378814697, loss 1: 1.9485139846801758, loss 2: 0.0006604690570384264
client running:13/59, client loss: 2.0735366344451904, loss 1: 1.9506525993347168, loss 2: 0.0012288407888263464
client running:14/59, client loss: 2.01352596282959, loss 1: 1.9535001516342163, loss 2: 0.0006002585287205875
client running:15/59, client loss: 2.0219435691833496, loss 1: 1.9433071613311768, loss 2: 0.0007863631471991539
client running:16/59, client loss: 2.036710262298584, loss 1: 1.9618674516677856, loss 2: 0.0007484292145818472
client running:17/59, client loss: 2.033985137939453, loss 1: 1.954548954963684, loss 2: 0.0007943613454699516
client running:18/59, client loss: 2.013293981552124, loss 1: 1.9509668350219727, loss 2: 0.0006232718587853014
client running:19/59, client loss: 2.0350875854492188, loss 1: 1.9414821863174438, loss 2: 0.0009360539261251688
client running:20/59, client loss: 2.0195016860961914, loss 1: 1.941014051437378, loss 2: 0.000784875825047493
client running:21/59, client loss: 2.024930238723755, loss 1: 1.9432666301727295, loss 2: 0.0008166359039023519
client running:22/59, client loss: 2.0488901138305664, loss 1: 1.952714204788208, loss 2: 0.0009617599425837398
client running:23/59, client loss: 2.0607118606567383, loss 1: 1.9447689056396484, loss 2: 0.0011594307143241167
client running:24/59, client loss: 2.015096664428711, loss 1: 1.9451600313186646, loss 2: 0.0006993674323894083
client running:25/59, client loss: 2.0102925300598145, loss 1: 1.9272871017456055, loss 2: 0.000830054865218699
client running:26/59, client loss: 2.0324649810791016, loss 1: 1.9522414207458496, loss 2: 0.0008022364345379174
client running:27/59, client loss: 2.0231995582580566, loss 1: 1.9551353454589844, loss 2: 0.0006806413875892758
client running:28/59, client loss: 2.0718390941619873, loss 1: 1.9577758312225342, loss 2: 0.0011406337143853307
client running:29/59, client loss: 2.0295000076293945, loss 1: 1.9461884498596191, loss 2: 0.0008331162389367819
client running:30/59, client loss: 2.034865379333496, loss 1: 1.96258544921875, loss 2: 0.0007227997994050384
client running:31/59, client loss: 2.04483699798584, loss 1: 1.9491488933563232, loss 2: 0.0009568812092766166
client running:32/59, client loss: 2.043823719024658, loss 1: 1.9385677576065063, loss 2: 0.0010525586549192667
client running:33/59, client loss: 2.03676176071167, loss 1: 1.9480445384979248, loss 2: 0.0008871721802279353
client running:34/59, client loss: 2.0005390644073486, loss 1: 1.9277445077896118, loss 2: 0.0007279447745531797
client running:35/59, client loss: 2.014134168624878, loss 1: 1.963617205619812, loss 2: 0.0005051695625297725
client running:36/59, client loss: 1.9915637969970703, loss 1: 1.9079315662384033, loss 2: 0.0008363226661458611
client running:37/59, client loss: 1.9976683855056763, loss 1: 1.929397702217102, loss 2: 0.0006827071774750948
client running:38/59, client loss: 2.0328376293182373, loss 1: 1.95488440990448, loss 2: 0.0007795327110216022
client running:39/59, client loss: 2.026458740234375, loss 1: 1.9481251239776611, loss 2: 0.0007833358831703663
client running:40/59, client loss: 2.025050401687622, loss 1: 1.9617258310317993, loss 2: 0.0006332459161058068
client running:41/59, client loss: 2.0354971885681152, loss 1: 1.9581378698349, loss 2: 0.0007735930848866701
client running:42/59, client loss: 2.016279935836792, loss 1: 1.9631202220916748, loss 2: 0.0005315982853062451
client running:43/59, client loss: 2.0266573429107666, loss 1: 1.9332691431045532, loss 2: 0.0009338822565041482
client running:44/59, client loss: 2.055769681930542, loss 1: 1.9773399829864502, loss 2: 0.0007842970080673695
client running:45/59, client loss: 2.0511269569396973, loss 1: 1.9650118350982666, loss 2: 0.0008611503290012479
client running:46/59, client loss: 2.0191826820373535, loss 1: 1.9597721099853516, loss 2: 0.0005941048148088157
client running:47/59, client loss: 2.0321621894836426, loss 1: 1.942725419998169, loss 2: 0.0008943677530623972
client running:48/59, client loss: 2.0096981525421143, loss 1: 1.9557582139968872, loss 2: 0.0005393991013988853
client running:49/59, client loss: 2.0613653659820557, loss 1: 1.9621973037719727, loss 2: 0.0009916797280311584
client running:50/59, client loss: 2.0187723636627197, loss 1: 1.9436628818511963, loss 2: 0.0007510955911129713
client running:51/59, client loss: 2.0523273944854736, loss 1: 1.9738490581512451, loss 2: 0.0007847842061892152
client running:52/59, client loss: 2.0359396934509277, loss 1: 1.9630800485610962, loss 2: 0.0007285976316779852
client running:53/59, client loss: 2.037830352783203, loss 1: 1.9563157558441162, loss 2: 0.0008151454385370016
client running:54/59, client loss: 2.0315895080566406, loss 1: 1.938828706741333, loss 2: 0.0009276089258491993
client running:55/59, client loss: 2.015988826751709, loss 1: 1.936570167541504, loss 2: 0.0007941871881484985
client running:56/59, client loss: 2.006784439086914, loss 1: 1.943892240524292, loss 2: 0.0006289217271842062
client running:57/59, client loss: 2.0483908653259277, loss 1: 1.9741877317428589, loss 2: 0.0007420312613248825
client running:58/59, client loss: 2.0305094718933105, loss 1: 1.9611891508102417, loss 2: 0.0006932041142135859
server loss: tensor([[0.8878, 0.7542, 0.7137, 0.7418, 0.7361, 0.7607, 0.7580, 0.7658],
        [0.7643, 0.8570, 0.7570, 0.7247, 0.7283, 0.7523, 0.7520, 0.7870],
        [0.7096, 0.7502, 0.8427, 0.7469, 0.7196, 0.7292, 0.7370, 0.7836],
        [0.7435, 0.6793, 0.7091, 0.9146, 0.7446, 0.8000, 0.7999, 0.8028],
        [0.7334, 0.6939, 0.7156, 0.7362, 0.9542, 0.7682, 0.7510, 0.7637],
        [0.7458, 0.7320, 0.7254, 0.7776, 0.7547, 0.9574, 0.7666, 0.7922],
        [0.7406, 0.7015, 0.6929, 0.7892, 0.7394, 0.8059, 0.8985, 0.7986],
        [0.7565, 0.7345, 0.7437, 0.7704, 0.7474, 0.7938, 0.7888, 0.9349]],
       device='cuda:0')
client running:0/59, client loss: 2.0283737182617188, loss 1: 1.9296245574951172, loss 2: 0.0009874918032437563
client running:1/59, client loss: 2.063997745513916, loss 1: 1.9591927528381348, loss 2: 0.001048049540258944
client running:2/59, client loss: 2.054513692855835, loss 1: 1.944500207901001, loss 2: 0.0011001358507201076
client running:3/59, client loss: 2.020940065383911, loss 1: 1.9354814291000366, loss 2: 0.0008545874152332544
client running:4/59, client loss: 2.029212236404419, loss 1: 1.9396986961364746, loss 2: 0.0008951355703175068
client running:5/59, client loss: 2.0278735160827637, loss 1: 1.9498289823532104, loss 2: 0.0007804445340298116
client running:6/59, client loss: 2.0757617950439453, loss 1: 1.9774166345596313, loss 2: 0.0009834517259150743
client running:7/59, client loss: 2.0066661834716797, loss 1: 1.9427745342254639, loss 2: 0.0006389174959622324
client running:8/59, client loss: 2.0492160320281982, loss 1: 1.9561532735824585, loss 2: 0.0009306279243901372
client running:9/59, client loss: 2.050938606262207, loss 1: 1.9638078212738037, loss 2: 0.0008713066345080733
client running:10/59, client loss: 2.036177635192871, loss 1: 1.9462920427322388, loss 2: 0.0008988558547571301
client running:11/59, client loss: 2.020407199859619, loss 1: 1.9589613676071167, loss 2: 0.0006144591025076807
client running:12/59, client loss: 2.020750045776367, loss 1: 1.937757134437561, loss 2: 0.0008299303008243442
client running:13/59, client loss: 2.0421860218048096, loss 1: 1.959434151649475, loss 2: 0.0008275177096948028
client running:14/59, client loss: 2.0218493938446045, loss 1: 1.9455711841583252, loss 2: 0.0007627831655554473
client running:15/59, client loss: 2.0191051959991455, loss 1: 1.9413570165634155, loss 2: 0.0007774808909744024
client running:16/59, client loss: 2.026355504989624, loss 1: 1.9236671924591064, loss 2: 0.0010268834885209799
client running:17/59, client loss: 2.0761868953704834, loss 1: 1.9737330675125122, loss 2: 0.0010245386511087418
client running:18/59, client loss: 2.0277998447418213, loss 1: 1.9676508903503418, loss 2: 0.0006014889222569764
client running:19/59, client loss: 2.0477981567382812, loss 1: 1.9347882270812988, loss 2: 0.0011301001068204641
client running:20/59, client loss: 2.011732339859009, loss 1: 1.9351701736450195, loss 2: 0.0007656223606318235
client running:21/59, client loss: 2.042332172393799, loss 1: 1.9541981220245361, loss 2: 0.000881341053172946
client running:22/59, client loss: 2.0452136993408203, loss 1: 1.957270622253418, loss 2: 0.0008794305613264441
client running:23/59, client loss: 2.070904493331909, loss 1: 1.9800550937652588, loss 2: 0.0009084936464205384
client running:24/59, client loss: 2.0448532104492188, loss 1: 1.9400177001953125, loss 2: 0.001048354897648096
client running:25/59, client loss: 2.0395233631134033, loss 1: 1.9392236471176147, loss 2: 0.0010029966942965984
client running:26/59, client loss: 2.0419421195983887, loss 1: 1.96611750125885, loss 2: 0.0007582463440485299
client running:27/59, client loss: 2.043198823928833, loss 1: 1.957211971282959, loss 2: 0.0008598677814006805
client running:28/59, client loss: 2.0300748348236084, loss 1: 1.962241768836975, loss 2: 0.0006783308926969767
client running:29/59, client loss: 2.0034825801849365, loss 1: 1.9437227249145508, loss 2: 0.0005975993699394166
client running:30/59, client loss: 2.0366158485412598, loss 1: 1.9323018789291382, loss 2: 0.0010431394912302494
client running:31/59, client loss: 2.0505833625793457, loss 1: 1.9544023275375366, loss 2: 0.0009618104668334126
client running:32/59, client loss: 2.022455930709839, loss 1: 1.941672444343567, loss 2: 0.0008078352548182011
client running:33/59, client loss: 2.025747299194336, loss 1: 1.9398826360702515, loss 2: 0.0008586476324126124
client running:34/59, client loss: 2.011016845703125, loss 1: 1.941549301147461, loss 2: 0.0006946761859580874
client running:35/59, client loss: 2.0604286193847656, loss 1: 1.971593976020813, loss 2: 0.0008883457630872726
client running:36/59, client loss: 1.9992265701293945, loss 1: 1.9367424249649048, loss 2: 0.0006248420104384422
client running:37/59, client loss: 2.017812728881836, loss 1: 1.9394007921218872, loss 2: 0.0007841183105483651
client running:38/59, client loss: 2.01867413520813, loss 1: 1.9440335035324097, loss 2: 0.0007464056834578514
client running:39/59, client loss: 2.0380892753601074, loss 1: 1.9563504457473755, loss 2: 0.0008173889364115894
client running:40/59, client loss: 2.03356671333313, loss 1: 1.9560381174087524, loss 2: 0.0007752851815894246
client running:41/59, client loss: 2.0405797958374023, loss 1: 1.9362443685531616, loss 2: 0.0010433532297611237
client running:42/59, client loss: 2.010857582092285, loss 1: 1.9390628337860107, loss 2: 0.0007179463282227516
client running:43/59, client loss: 2.061060667037964, loss 1: 1.9744999408721924, loss 2: 0.0008656061254441738
client running:44/59, client loss: 2.004573106765747, loss 1: 1.9333943128585815, loss 2: 0.0007117885979823768
client running:45/59, client loss: 2.0310981273651123, loss 1: 1.94328773021698, loss 2: 0.0008781044743955135
client running:46/59, client loss: 2.0268895626068115, loss 1: 1.9552092552185059, loss 2: 0.0007168023148551583
client running:47/59, client loss: 2.018483877182007, loss 1: 1.9426013231277466, loss 2: 0.0007588252192363143
client running:48/59, client loss: 2.0370521545410156, loss 1: 1.959776520729065, loss 2: 0.0007727556512691081
client running:49/59, client loss: 2.0273354053497314, loss 1: 1.9418706893920898, loss 2: 0.000854646204970777
client running:50/59, client loss: 2.048774003982544, loss 1: 1.974928379058838, loss 2: 0.0007384552154690027
client running:51/59, client loss: 2.0305538177490234, loss 1: 1.9479475021362305, loss 2: 0.000826063915155828
client running:52/59, client loss: 2.038259744644165, loss 1: 1.9449297189712524, loss 2: 0.000933299888856709
client running:53/59, client loss: 1.9991596937179565, loss 1: 1.947152853012085, loss 2: 0.0005200684536248446
client running:54/59, client loss: 2.0545692443847656, loss 1: 1.9620651006698608, loss 2: 0.0009250410948880017
client running:55/59, client loss: 2.0150036811828613, loss 1: 1.9520087242126465, loss 2: 0.0006299484521150589
client running:56/59, client loss: 2.0241029262542725, loss 1: 1.9425239562988281, loss 2: 0.0008157892152667046
client running:57/59, client loss: 2.034672737121582, loss 1: 1.9392921924591064, loss 2: 0.0009538060985505581
client running:58/59, client loss: 2.022571563720703, loss 1: 1.948933482170105, loss 2: 0.0007363813347183168
server loss: tensor([[0.9650, 0.7868, 0.7435, 0.8278, 0.7662, 0.7534, 0.7069, 0.7206],
        [0.7709, 0.9378, 0.7229, 0.7319, 0.7480, 0.7623, 0.6966, 0.7454],
        [0.7782, 0.7534, 0.9354, 0.7522, 0.7826, 0.7530, 0.7282, 0.7567],
        [0.8686, 0.7860, 0.7464, 0.9162, 0.7548, 0.7595, 0.7217, 0.7639],
        [0.7760, 0.7519, 0.7698, 0.7552, 0.9515, 0.7249, 0.7051, 0.7516],
        [0.7669, 0.8187, 0.7331, 0.7446, 0.7357, 0.9286, 0.7189, 0.7332],
        [0.7312, 0.7420, 0.7348, 0.7812, 0.7287, 0.7449, 0.8955, 0.7920],
        [0.7448, 0.7590, 0.7406, 0.7742, 0.7357, 0.7456, 0.7454, 0.9114]],
       device='cuda:0')
client running:0/59, client loss: 2.052427291870117, loss 1: 1.9551753997802734, loss 2: 0.0009725188720040023
client running:1/59, client loss: 2.0386900901794434, loss 1: 1.9670977592468262, loss 2: 0.0007159223314374685
client running:2/59, client loss: 2.0664381980895996, loss 1: 1.9732078313827515, loss 2: 0.0009323038975708187
client running:3/59, client loss: 2.062364101409912, loss 1: 1.9314783811569214, loss 2: 0.0013088583946228027
client running:4/59, client loss: 2.0534985065460205, loss 1: 1.95147705078125, loss 2: 0.001020214520394802
client running:5/59, client loss: 2.0587823390960693, loss 1: 1.9670058488845825, loss 2: 0.0009177651954814792
client running:6/59, client loss: 2.080017566680908, loss 1: 1.9512931108474731, loss 2: 0.001287244027480483
client running:7/59, client loss: 2.033668041229248, loss 1: 1.9426658153533936, loss 2: 0.0009100220631808043
client running:8/59, client loss: 2.0292255878448486, loss 1: 1.9470406770706177, loss 2: 0.0008218500297516584
client running:9/59, client loss: 2.0478930473327637, loss 1: 1.9593218564987183, loss 2: 0.0008857110515236855
client running:10/59, client loss: 2.0380868911743164, loss 1: 1.9544833898544312, loss 2: 0.0008360355859622359
client running:11/59, client loss: 2.019521474838257, loss 1: 1.935070514678955, loss 2: 0.0008445101557299495
client running:12/59, client loss: 2.0149526596069336, loss 1: 1.9551030397415161, loss 2: 0.0005984969902783632
client running:13/59, client loss: 2.0144150257110596, loss 1: 1.9404494762420654, loss 2: 0.0007396548753604293
client running:14/59, client loss: 2.0612032413482666, loss 1: 1.9437458515167236, loss 2: 0.0011745740193873644
client running:15/59, client loss: 2.0303008556365967, loss 1: 1.9335834980010986, loss 2: 0.0009671744774095714
client running:16/59, client loss: 2.0104362964630127, loss 1: 1.9433488845825195, loss 2: 0.0006708752480335534
client running:17/59, client loss: 2.0275378227233887, loss 1: 1.939408540725708, loss 2: 0.0008812920423224568
client running:18/59, client loss: 2.047701358795166, loss 1: 1.9472593069076538, loss 2: 0.0010044209193438292
client running:19/59, client loss: 2.0271568298339844, loss 1: 1.9377479553222656, loss 2: 0.0008940878906287253
client running:20/59, client loss: 2.037407398223877, loss 1: 1.9432634115219116, loss 2: 0.0009414405794814229
client running:21/59, client loss: 2.0144526958465576, loss 1: 1.9632384777069092, loss 2: 0.0005121410358697176
client running:22/59, client loss: 2.065331220626831, loss 1: 1.9577336311340332, loss 2: 0.0010759762953966856
client running:23/59, client loss: 2.0405259132385254, loss 1: 1.957491397857666, loss 2: 0.0008303452050313354
client running:24/59, client loss: 2.0402660369873047, loss 1: 1.936906337738037, loss 2: 0.0010335975093767047
client running:25/59, client loss: 2.0432562828063965, loss 1: 1.9612164497375488, loss 2: 0.0008203978650271893
client running:26/59, client loss: 2.053408622741699, loss 1: 1.9424357414245605, loss 2: 0.0011097278911620378
client running:27/59, client loss: 2.0623836517333984, loss 1: 1.9505001306533813, loss 2: 0.0011188362259417772
client running:28/59, client loss: 1.9924368858337402, loss 1: 1.9361926317214966, loss 2: 0.0005624430486932397
client running:29/59, client loss: 2.061445951461792, loss 1: 1.9678415060043335, loss 2: 0.0009360451949760318
client running:30/59, client loss: 2.019202709197998, loss 1: 1.9529247283935547, loss 2: 0.0006627793773077428
client running:31/59, client loss: 2.032855987548828, loss 1: 1.94748854637146, loss 2: 0.0008536739624105394
client running:32/59, client loss: 2.064722776412964, loss 1: 1.9622254371643066, loss 2: 0.0010249742772430182
client running:33/59, client loss: 2.026773452758789, loss 1: 1.9476032257080078, loss 2: 0.0007917034672573209
client running:34/59, client loss: 2.0263407230377197, loss 1: 1.9347331523895264, loss 2: 0.0009160749614238739
client running:35/59, client loss: 2.037689208984375, loss 1: 1.9574955701828003, loss 2: 0.0008019371889531612
client running:36/59, client loss: 2.0422887802124023, loss 1: 1.9537657499313354, loss 2: 0.0008852294413372874
client running:37/59, client loss: 2.0323679447174072, loss 1: 1.9575868844985962, loss 2: 0.000747809826862067
client running:38/59, client loss: 2.0611557960510254, loss 1: 1.9658584594726562, loss 2: 0.0009529727976769209
client running:39/59, client loss: 2.0492680072784424, loss 1: 1.9681541919708252, loss 2: 0.0008111378410831094
client running:40/59, client loss: 2.0700082778930664, loss 1: 1.9440717697143555, loss 2: 0.0012593662831932306
client running:41/59, client loss: 2.007702112197876, loss 1: 1.9465816020965576, loss 2: 0.0006112045957706869
client running:42/59, client loss: 2.04837965965271, loss 1: 1.955794334411621, loss 2: 0.0009258543723262846
client running:43/59, client loss: 2.0249128341674805, loss 1: 1.9588937759399414, loss 2: 0.00066019018413499
client running:44/59, client loss: 2.004342794418335, loss 1: 1.9365262985229492, loss 2: 0.0006781643023714423
client running:45/59, client loss: 2.023102283477783, loss 1: 1.9589022397994995, loss 2: 0.0006420013960450888
client running:46/59, client loss: 2.044219493865967, loss 1: 1.9600722789764404, loss 2: 0.0008414717158302665
client running:47/59, client loss: 2.0732505321502686, loss 1: 1.9679784774780273, loss 2: 0.001052721170708537
client running:48/59, client loss: 2.042044162750244, loss 1: 1.972625732421875, loss 2: 0.0006941854953765869
client running:49/59, client loss: 2.0301806926727295, loss 1: 1.9456393718719482, loss 2: 0.0008454134222120047
client running:50/59, client loss: 2.0245308876037598, loss 1: 1.9398301839828491, loss 2: 0.0008470065658912063
client running:51/59, client loss: 2.0205864906311035, loss 1: 1.9559805393218994, loss 2: 0.0006460589938797057
client running:52/59, client loss: 2.0198957920074463, loss 1: 1.944164514541626, loss 2: 0.0007573117036372423
client running:53/59, client loss: 2.0411171913146973, loss 1: 1.9787465333938599, loss 2: 0.0006237076013348997
client running:54/59, client loss: 2.0376930236816406, loss 1: 1.9419647455215454, loss 2: 0.0009572824346832931
client running:55/59, client loss: 2.042994737625122, loss 1: 1.9600203037261963, loss 2: 0.0008297446183860302
client running:56/59, client loss: 2.020294427871704, loss 1: 1.9503254890441895, loss 2: 0.0006996897282078862
client running:57/59, client loss: 2.0278496742248535, loss 1: 1.9586611986160278, loss 2: 0.0006918838480487466
client running:58/59, client loss: 2.041342258453369, loss 1: 1.9448522329330444, loss 2: 0.0009649000712670386
server loss: tensor([[0.9621, 0.7594, 0.7434, 0.7600, 0.7583, 0.8112, 0.7297, 0.7275],
        [0.7059, 0.8840, 0.6823, 0.7302, 0.6664, 0.7184, 0.6894, 0.6791],
        [0.7481, 0.7126, 0.8611, 0.7276, 0.7029, 0.8099, 0.7839, 0.7329],
        [0.7794, 0.7459, 0.7184, 0.9287, 0.7073, 0.7988, 0.7153, 0.6864],
        [0.7485, 0.6947, 0.6842, 0.6795, 0.9745, 0.7321, 0.6942, 0.7541],
        [0.8035, 0.7398, 0.7547, 0.7453, 0.7270, 0.9159, 0.7707, 0.7037],
        [0.7229, 0.7169, 0.7662, 0.7140, 0.7247, 0.7988, 0.9312, 0.7084],
        [0.7419, 0.6984, 0.6864, 0.6882, 0.7628, 0.7277, 0.7004, 0.8350]],
       device='cuda:0')
client running:0/59, client loss: 2.108332395553589, loss 1: 1.9629325866699219, loss 2: 0.0014539984986186028
client running:1/59, client loss: 2.0602850914001465, loss 1: 1.9601631164550781, loss 2: 0.0010012185666710138
client running:2/59, client loss: 2.0258307456970215, loss 1: 1.9402422904968262, loss 2: 0.0008558855624869466
client running:3/59, client loss: 2.059087038040161, loss 1: 1.9548488855361938, loss 2: 0.0010423815110698342
client running:4/59, client loss: 2.067408800125122, loss 1: 1.9679880142211914, loss 2: 0.0009942076867446303
client running:5/59, client loss: 2.050889253616333, loss 1: 1.9533815383911133, loss 2: 0.0009750778554007411
client running:6/59, client loss: 2.0290026664733887, loss 1: 1.9592286348342896, loss 2: 0.0006977409357205033
client running:7/59, client loss: 2.027601480484009, loss 1: 1.9550777673721313, loss 2: 0.0007252361392602324
client running:8/59, client loss: 2.0319342613220215, loss 1: 1.933222770690918, loss 2: 0.0009871150832623243
client running:9/59, client loss: 2.0227408409118652, loss 1: 1.9524085521697998, loss 2: 0.0007033232250250876
client running:10/59, client loss: 2.0262482166290283, loss 1: 1.9451624155044556, loss 2: 0.0008108571055345237
client running:11/59, client loss: 2.0315053462982178, loss 1: 1.953852653503418, loss 2: 0.0007765276823192835
client running:12/59, client loss: 2.0610780715942383, loss 1: 1.969428539276123, loss 2: 0.0009164941729977727
client running:13/59, client loss: 2.038703203201294, loss 1: 1.9533531665802002, loss 2: 0.0008535007364116609
client running:14/59, client loss: 2.0558953285217285, loss 1: 1.962720274925232, loss 2: 0.0009317498770542443
client running:15/59, client loss: 2.0248682498931885, loss 1: 1.950171709060669, loss 2: 0.0007469645352102816
client running:16/59, client loss: 2.0315539836883545, loss 1: 1.9570637941360474, loss 2: 0.0007449015974998474
client running:17/59, client loss: 2.057053565979004, loss 1: 1.9555662870407104, loss 2: 0.0010148731525987387
client running:18/59, client loss: 2.03967547416687, loss 1: 1.944225788116455, loss 2: 0.0009544977801851928
client running:19/59, client loss: 2.0390679836273193, loss 1: 1.9367629289627075, loss 2: 0.0010230506304651499
client running:20/59, client loss: 2.0317792892456055, loss 1: 1.9654161930084229, loss 2: 0.0006636301404796541
client running:21/59, client loss: 2.0415637493133545, loss 1: 1.9685537815093994, loss 2: 0.0007300988072529435
client running:22/59, client loss: 2.0540902614593506, loss 1: 1.9487696886062622, loss 2: 0.0010532052256166935
client running:23/59, client loss: 2.0294737815856934, loss 1: 1.9575495719909668, loss 2: 0.0007192419725470245
client running:24/59, client loss: 2.060227870941162, loss 1: 1.9578337669372559, loss 2: 0.0010239414405077696
client running:25/59, client loss: 2.021331548690796, loss 1: 1.9454280138015747, loss 2: 0.0007590353488922119
client running:26/59, client loss: 2.046201705932617, loss 1: 1.942957878112793, loss 2: 0.0010324375471100211
client running:27/59, client loss: 2.0339784622192383, loss 1: 1.953393816947937, loss 2: 0.000805847579613328
client running:28/59, client loss: 2.0110623836517334, loss 1: 1.9313688278198242, loss 2: 0.0007969359285198152
client running:29/59, client loss: 2.0325236320495605, loss 1: 1.958187460899353, loss 2: 0.0007433614227920771
client running:30/59, client loss: 2.013936758041382, loss 1: 1.9679447412490845, loss 2: 0.00045992093509994447
client running:31/59, client loss: 2.0769901275634766, loss 1: 1.9508116245269775, loss 2: 0.0012617858592420816
client running:32/59, client loss: 2.0260238647460938, loss 1: 1.9531532526016235, loss 2: 0.0007287063053809106
client running:33/59, client loss: 2.0277230739593506, loss 1: 1.9392207860946655, loss 2: 0.0008850226295180619
client running:34/59, client loss: 2.028926372528076, loss 1: 1.9505349397659302, loss 2: 0.0007839135359972715
client running:35/59, client loss: 2.0379223823547363, loss 1: 1.9494874477386475, loss 2: 0.0008843494579195976
client running:36/59, client loss: 2.027097702026367, loss 1: 1.9622256755828857, loss 2: 0.0006487204227596521
client running:37/59, client loss: 2.044318199157715, loss 1: 1.9509007930755615, loss 2: 0.0009341744007542729
client running:38/59, client loss: 2.0447964668273926, loss 1: 1.9597241878509521, loss 2: 0.0008507233578711748
client running:39/59, client loss: 2.009993314743042, loss 1: 1.9403704404830933, loss 2: 0.0006962297484278679
client running:40/59, client loss: 2.0230443477630615, loss 1: 1.9559389352798462, loss 2: 0.000671053712721914
client running:41/59, client loss: 2.0150063037872314, loss 1: 1.9548507928848267, loss 2: 0.0006015556864440441
client running:42/59, client loss: 2.029738664627075, loss 1: 1.9598524570465088, loss 2: 0.0006988620734773576
client running:43/59, client loss: 2.0246832370758057, loss 1: 1.953464388847351, loss 2: 0.0007121888920664787
client running:44/59, client loss: 2.009018898010254, loss 1: 1.9389773607254028, loss 2: 0.0007004145882092416
client running:45/59, client loss: 2.037717819213867, loss 1: 1.954620122909546, loss 2: 0.0008309776894748211
client running:46/59, client loss: 2.0422873497009277, loss 1: 1.9703868627548218, loss 2: 0.0007190051255747676
client running:47/59, client loss: 2.0407538414001465, loss 1: 1.93202543258667, loss 2: 0.0010872851125895977
client running:48/59, client loss: 2.0155580043792725, loss 1: 1.9536421298980713, loss 2: 0.000619159487541765
client running:49/59, client loss: 2.0593342781066895, loss 1: 1.966642141342163, loss 2: 0.0009269221336580813
client running:50/59, client loss: 2.042604684829712, loss 1: 1.955754041671753, loss 2: 0.0008685058564879
client running:51/59, client loss: 2.042992353439331, loss 1: 1.97105872631073, loss 2: 0.000719335803296417
client running:52/59, client loss: 2.0110578536987305, loss 1: 1.953877329826355, loss 2: 0.0005718051106669009
client running:53/59, client loss: 2.009138345718384, loss 1: 1.945129632949829, loss 2: 0.0006400882266461849
client running:54/59, client loss: 2.035598039627075, loss 1: 1.9648799896240234, loss 2: 0.0007071803556755185
client running:55/59, client loss: 2.0211246013641357, loss 1: 1.958479642868042, loss 2: 0.0006264492403715849
client running:56/59, client loss: 2.039698362350464, loss 1: 1.9487531185150146, loss 2: 0.0009094533743336797
client running:57/59, client loss: 2.014373302459717, loss 1: 1.9368815422058105, loss 2: 0.0007749168435111642
client running:58/59, client loss: 2.012443780899048, loss 1: 1.9536504745483398, loss 2: 0.0005879324162378907
server loss: tensor([[0.8859, 0.7099, 0.7413, 0.7038, 0.7538, 0.7190, 0.7174, 0.7514],
        [0.6983, 0.8263, 0.7614, 0.7619, 0.7374, 0.7595, 0.7548, 0.7389],
        [0.7271, 0.7715, 0.9381, 0.7605, 0.7591, 0.7980, 0.7583, 0.7277],
        [0.6832, 0.7827, 0.7552, 0.9229, 0.7682, 0.7809, 0.7286, 0.7389],
        [0.7395, 0.7056, 0.7569, 0.7666, 0.9445, 0.7352, 0.7042, 0.7335],
        [0.6776, 0.7527, 0.7746, 0.7645, 0.7345, 0.9270, 0.7839, 0.7127],
        [0.6851, 0.7233, 0.7445, 0.6922, 0.6946, 0.7491, 0.9756, 0.7356],
        [0.7379, 0.7043, 0.7288, 0.6975, 0.7230, 0.6992, 0.7202, 0.8608]],
       device='cuda:0')
server average tensor
client running:0/59, client loss: 2.02559494972229, loss 1: 1.9457229375839233, loss 2: 0.0007987211574800313
client running:1/59, client loss: 2.0382938385009766, loss 1: 1.9424660205841064, loss 2: 0.0009582793572917581
client running:2/59, client loss: 2.025315999984741, loss 1: 1.9335051774978638, loss 2: 0.000918108387850225
client running:3/59, client loss: 2.076228380203247, loss 1: 1.9361636638641357, loss 2: 0.0014006479177623987
client running:4/59, client loss: 2.026237964630127, loss 1: 1.9456321001052856, loss 2: 0.0008060597465373576
client running:5/59, client loss: 2.074150323867798, loss 1: 1.9579627513885498, loss 2: 0.001161875668913126
client running:6/59, client loss: 2.086620807647705, loss 1: 1.9574692249298096, loss 2: 0.001291515538468957
client running:7/59, client loss: 2.022709369659424, loss 1: 1.934445858001709, loss 2: 0.0008826354169286788
client running:8/59, client loss: 2.0002024173736572, loss 1: 1.923254370689392, loss 2: 0.0007694800733588636
client running:9/59, client loss: 2.0337905883789062, loss 1: 1.9542006254196167, loss 2: 0.00079589948290959
client running:10/59, client loss: 2.0473055839538574, loss 1: 1.9251741170883179, loss 2: 0.001221314538270235
client running:11/59, client loss: 2.0190131664276123, loss 1: 1.9486240148544312, loss 2: 0.0007038916228339076
client running:12/59, client loss: 2.0039737224578857, loss 1: 1.9426461458206177, loss 2: 0.0006132766138762236
client running:13/59, client loss: 2.019277811050415, loss 1: 1.9509313106536865, loss 2: 0.0006834659143351018
client running:14/59, client loss: 2.0430331230163574, loss 1: 1.9355475902557373, loss 2: 0.0010748552158474922
client running:15/59, client loss: 2.01755428314209, loss 1: 1.933102011680603, loss 2: 0.0008445236599072814
client running:16/59, client loss: 2.067211627960205, loss 1: 1.9477953910827637, loss 2: 0.0011941625270992517
client running:17/59, client loss: 2.0735116004943848, loss 1: 1.9470741748809814, loss 2: 0.0012643737718462944
client running:18/59, client loss: 2.0377869606018066, loss 1: 1.9358199834823608, loss 2: 0.0010196705115959048
client running:19/59, client loss: 2.015652894973755, loss 1: 1.9445304870605469, loss 2: 0.000711223401594907
client running:20/59, client loss: 2.0050458908081055, loss 1: 1.9423390626907349, loss 2: 0.0006270672893151641
client running:21/59, client loss: 2.0331544876098633, loss 1: 1.957112431526184, loss 2: 0.0007604212732985616
client running:22/59, client loss: 2.0444834232330322, loss 1: 1.9676802158355713, loss 2: 0.0007680321577936411
client running:23/59, client loss: 2.0198915004730225, loss 1: 1.933585286140442, loss 2: 0.0008630629163235426
client running:24/59, client loss: 2.034207344055176, loss 1: 1.9464225769042969, loss 2: 0.0008778487681411207
client running:25/59, client loss: 2.0167856216430664, loss 1: 1.947054147720337, loss 2: 0.0006973159033805132
client running:26/59, client loss: 2.069488525390625, loss 1: 1.933012843132019, loss 2: 0.0013647570740431547
client running:27/59, client loss: 2.0591342449188232, loss 1: 1.948602318763733, loss 2: 0.0011053187772631645
client running:28/59, client loss: 2.0013439655303955, loss 1: 1.92928147315979, loss 2: 0.0007206242880783975
client running:29/59, client loss: 2.040174722671509, loss 1: 1.9751404523849487, loss 2: 0.0006503426702693105
client running:30/59, client loss: 2.033066511154175, loss 1: 1.9482775926589966, loss 2: 0.0008478887029923499
client running:31/59, client loss: 2.019726037979126, loss 1: 1.9546890258789062, loss 2: 0.0006503693293780088
client running:32/59, client loss: 2.0022289752960205, loss 1: 1.9416793584823608, loss 2: 0.0006054955301806331
client running:33/59, client loss: 2.034048080444336, loss 1: 1.9716933965682983, loss 2: 0.0006235475884750485
client running:34/59, client loss: 2.019256591796875, loss 1: 1.946273922920227, loss 2: 0.0007298261625692248
client running:35/59, client loss: 2.0499606132507324, loss 1: 1.9636605978012085, loss 2: 0.0008630005177110434
client running:36/59, client loss: 2.0678722858428955, loss 1: 1.94964599609375, loss 2: 0.001182263484224677
client running:37/59, client loss: 2.0410592555999756, loss 1: 1.93379807472229, loss 2: 0.0010726114269345999
client running:38/59, client loss: 2.034881830215454, loss 1: 1.9482194185256958, loss 2: 0.0008666231296956539
client running:39/59, client loss: 2.0092756748199463, loss 1: 1.95903742313385, loss 2: 0.0005023826961405575
client running:40/59, client loss: 2.059608221054077, loss 1: 1.9426627159118652, loss 2: 0.0011694560525938869
client running:41/59, client loss: 2.0740270614624023, loss 1: 1.972469449043274, loss 2: 0.0010155764175578952
client running:42/59, client loss: 2.0237534046173096, loss 1: 1.9552232027053833, loss 2: 0.0006853012018837035
client running:43/59, client loss: 2.058194398880005, loss 1: 1.9578197002410889, loss 2: 0.0010037461761385202
client running:44/59, client loss: 1.9981354475021362, loss 1: 1.9198741912841797, loss 2: 0.0007826125365681946
client running:45/59, client loss: 2.0221428871154785, loss 1: 1.943253517150879, loss 2: 0.0007888944237492979
client running:46/59, client loss: 2.019916296005249, loss 1: 1.953668236732483, loss 2: 0.0006624804227612913
client running:47/59, client loss: 2.009445905685425, loss 1: 1.9340436458587646, loss 2: 0.0007540215738117695
client running:48/59, client loss: 2.031501531600952, loss 1: 1.9685426950454712, loss 2: 0.00062958849593997
client running:49/59, client loss: 2.004204034805298, loss 1: 1.9292881488800049, loss 2: 0.0007491587894037366
client running:50/59, client loss: 2.0279994010925293, loss 1: 1.9445631504058838, loss 2: 0.0008343618828803301
client running:51/59, client loss: 1.9982223510742188, loss 1: 1.9281483888626099, loss 2: 0.0007007401436567307
client running:52/59, client loss: 2.0203328132629395, loss 1: 1.9311457872390747, loss 2: 0.0008918705279938877
client running:53/59, client loss: 2.0379481315612793, loss 1: 1.951075553894043, loss 2: 0.0008687252411618829
client running:54/59, client loss: 2.0530338287353516, loss 1: 1.9563966989517212, loss 2: 0.0009663711534813046
client running:55/59, client loss: 2.0033345222473145, loss 1: 1.9380518198013306, loss 2: 0.0006528269732370973
client running:56/59, client loss: 2.0148494243621826, loss 1: 1.9519832134246826, loss 2: 0.0006286614225246012
client running:57/59, client loss: 2.0806758403778076, loss 1: 1.9599398374557495, loss 2: 0.001207359484396875
client running:58/59, client loss: 2.043107748031616, loss 1: 1.9504623413085938, loss 2: 0.0009264544351026416
server loss: tensor([[0.9198, 0.7699, 0.6890, 0.6702, 0.7910, 0.7591, 0.7870, 0.7387],
        [0.7897, 0.9691, 0.7407, 0.7167, 0.7903, 0.7094, 0.7734, 0.7363],
        [0.6712, 0.7292, 0.9180, 0.6633, 0.6919, 0.6627, 0.6894, 0.6732],
        [0.6978, 0.7022, 0.7006, 0.9027, 0.6942, 0.6907, 0.6999, 0.7112],
        [0.7943, 0.7507, 0.6953, 0.6712, 0.8774, 0.7440, 0.7726, 0.7131],
        [0.7696, 0.7130, 0.6722, 0.6978, 0.7236, 0.8681, 0.7388, 0.7388],
        [0.7908, 0.7674, 0.6801, 0.6750, 0.7535, 0.6954, 0.9184, 0.7172],
        [0.7249, 0.7450, 0.7102, 0.7108, 0.7253, 0.7189, 0.7595, 0.8470]],
       device='cuda:0')
client running:0/59, client loss: 2.044976234436035, loss 1: 1.9443655014038086, loss 2: 0.0010061069624498487
client running:1/59, client loss: 2.0638980865478516, loss 1: 1.9526121616363525, loss 2: 0.0011128588812425733
client running:2/59, client loss: 2.0206573009490967, loss 1: 1.9355038404464722, loss 2: 0.0008515350054949522
client running:3/59, client loss: 2.043393135070801, loss 1: 1.9447472095489502, loss 2: 0.0009864596650004387
client running:4/59, client loss: 2.049593210220337, loss 1: 1.9493863582611084, loss 2: 0.0010020677000284195
client running:5/59, client loss: 2.0704543590545654, loss 1: 1.9712542295455933, loss 2: 0.0009920012671500444
client running:6/59, client loss: 2.051861047744751, loss 1: 1.940663456916809, loss 2: 0.0011119761038571596
client running:7/59, client loss: 2.0261898040771484, loss 1: 1.9608073234558105, loss 2: 0.0006538248271681368
client running:8/59, client loss: 2.030564546585083, loss 1: 1.9426900148391724, loss 2: 0.0008787451079115272
client running:9/59, client loss: 2.0271198749542236, loss 1: 1.933542251586914, loss 2: 0.000935776683036238
client running:10/59, client loss: 2.026618003845215, loss 1: 1.9414076805114746, loss 2: 0.0008521029958501458
client running:11/59, client loss: 2.0245654582977295, loss 1: 1.9560457468032837, loss 2: 0.000685196602717042
client running:12/59, client loss: 2.039531946182251, loss 1: 1.9686369895935059, loss 2: 0.0007089498685672879
client running:13/59, client loss: 2.0966434478759766, loss 1: 1.9781229496002197, loss 2: 0.0011852046009153128
client running:14/59, client loss: 2.045135498046875, loss 1: 1.9511849880218506, loss 2: 0.0009395049419254065
client running:15/59, client loss: 2.0032718181610107, loss 1: 1.939665675163269, loss 2: 0.000636062293779105
client running:16/59, client loss: 2.063319206237793, loss 1: 1.9608010053634644, loss 2: 0.001025180914439261
client running:17/59, client loss: 2.0330538749694824, loss 1: 1.9667333364486694, loss 2: 0.0006632045842707157
client running:18/59, client loss: 2.0600523948669434, loss 1: 1.9461333751678467, loss 2: 0.0011391896987333894
client running:19/59, client loss: 2.022209405899048, loss 1: 1.9430363178253174, loss 2: 0.0007917307084426284
client running:20/59, client loss: 2.0110652446746826, loss 1: 1.9321117401123047, loss 2: 0.0007895357557572424
client running:21/59, client loss: 2.0426695346832275, loss 1: 1.950439214706421, loss 2: 0.0009223036468029022
client running:22/59, client loss: 2.0607504844665527, loss 1: 1.9604183435440063, loss 2: 0.0010033223079517484
client running:23/59, client loss: 2.044722557067871, loss 1: 1.9438625574111938, loss 2: 0.0010085990652441978
client running:24/59, client loss: 2.0160634517669678, loss 1: 1.9531513452529907, loss 2: 0.0006291215540841222
client running:25/59, client loss: 2.0063230991363525, loss 1: 1.9402008056640625, loss 2: 0.0006612226134166121
client running:26/59, client loss: 2.0487916469573975, loss 1: 1.9353749752044678, loss 2: 0.0011341662611812353
client running:27/59, client loss: 2.011430025100708, loss 1: 1.9594894647598267, loss 2: 0.0005194067489355803
client running:28/59, client loss: 2.036647081375122, loss 1: 1.9402894973754883, loss 2: 0.0009635766036808491
client running:29/59, client loss: 2.0560946464538574, loss 1: 1.9635488986968994, loss 2: 0.0009254571050405502
client running:30/59, client loss: 2.0446653366088867, loss 1: 1.9553195238113403, loss 2: 0.0008934572106227279
client running:31/59, client loss: 2.0411603450775146, loss 1: 1.9432051181793213, loss 2: 0.000979552511125803
client running:32/59, client loss: 2.0472571849823, loss 1: 1.9565160274505615, loss 2: 0.0009074123227037489
client running:33/59, client loss: 2.0314557552337646, loss 1: 1.9680919647216797, loss 2: 0.0006336389924399555
client running:34/59, client loss: 2.0292868614196777, loss 1: 1.9372029304504395, loss 2: 0.0009208384435623884
client running:35/59, client loss: 2.015552043914795, loss 1: 1.9456106424331665, loss 2: 0.0006994145223870873
client running:36/59, client loss: 2.0111939907073975, loss 1: 1.944844126701355, loss 2: 0.000663498358335346
client running:37/59, client loss: 2.0291666984558105, loss 1: 1.9497426748275757, loss 2: 0.0007942391675896943
client running:38/59, client loss: 2.018751621246338, loss 1: 1.9522892236709595, loss 2: 0.0006646252004429698
client running:39/59, client loss: 2.040607452392578, loss 1: 1.9458611011505127, loss 2: 0.0009474637918174267
client running:40/59, client loss: 2.045956611633301, loss 1: 1.9523208141326904, loss 2: 0.0009363574208691716
client running:41/59, client loss: 2.019045352935791, loss 1: 1.9373083114624023, loss 2: 0.0008173700189217925
client running:42/59, client loss: 2.0220541954040527, loss 1: 1.9428768157958984, loss 2: 0.0007917729672044516
client running:43/59, client loss: 2.014967203140259, loss 1: 1.9348688125610352, loss 2: 0.0008009839802980423
client running:44/59, client loss: 2.017423152923584, loss 1: 1.9523972272872925, loss 2: 0.0006502601318061352
client running:45/59, client loss: 2.0394833087921143, loss 1: 1.9355717897415161, loss 2: 0.001039115246385336
client running:46/59, client loss: 2.037053108215332, loss 1: 1.9513028860092163, loss 2: 0.00085750239668414
client running:47/59, client loss: 2.0488970279693604, loss 1: 1.9612544775009155, loss 2: 0.00087642518337816
client running:48/59, client loss: 2.0334675312042236, loss 1: 1.9465372562408447, loss 2: 0.000869301613420248
client running:49/59, client loss: 2.0537312030792236, loss 1: 1.9414048194885254, loss 2: 0.0011232630349695683
client running:50/59, client loss: 2.0392847061157227, loss 1: 1.9600903987884521, loss 2: 0.0007919425843283534
client running:51/59, client loss: 2.0504887104034424, loss 1: 1.9382487535476685, loss 2: 0.0011224003974348307
client running:52/59, client loss: 1.9958133697509766, loss 1: 1.9411933422088623, loss 2: 0.0005462002009153366
client running:53/59, client loss: 2.017404079437256, loss 1: 1.9451910257339478, loss 2: 0.0007221298292279243
client running:54/59, client loss: 2.033456325531006, loss 1: 1.9672012329101562, loss 2: 0.0006625500391237438
client running:55/59, client loss: 2.03894305229187, loss 1: 1.9568758010864258, loss 2: 0.0008206730126403272
client running:56/59, client loss: 2.0782506465911865, loss 1: 1.9501982927322388, loss 2: 0.0012805246515199542
client running:57/59, client loss: 2.0401611328125, loss 1: 1.9393317699432373, loss 2: 0.0010082924272865057
client running:58/59, client loss: 2.0185446739196777, loss 1: 1.9583302736282349, loss 2: 0.0006021449808031321
server loss: tensor([[0.9054, 0.7062, 0.7489, 0.7318, 0.7507, 0.7678, 0.7744, 0.7885],
        [0.7433, 0.8778, 0.7703, 0.7639, 0.7946, 0.8107, 0.7795, 0.7291],
        [0.7292, 0.6739, 0.9102, 0.7507, 0.7750, 0.7508, 0.7619, 0.7368],
        [0.7153, 0.7015, 0.7427, 0.9414, 0.7790, 0.8013, 0.7540, 0.7660],
        [0.7350, 0.7060, 0.7836, 0.7621, 0.9475, 0.7918, 0.7868, 0.7580],
        [0.7539, 0.7571, 0.7617, 0.8147, 0.7993, 0.9401, 0.8011, 0.7537],
        [0.7459, 0.7491, 0.7810, 0.7844, 0.7778, 0.7967, 0.9205, 0.7614],
        [0.8031, 0.7017, 0.7293, 0.7732, 0.7480, 0.7687, 0.7621, 0.9490]],
       device='cuda:0')
client running:0/59, client loss: 2.025890588760376, loss 1: 1.946346640586853, loss 2: 0.0007954394677653909
client running:1/59, client loss: 2.0181901454925537, loss 1: 1.9464993476867676, loss 2: 0.0007169090094976127
client running:2/59, client loss: 2.0559821128845215, loss 1: 1.953665018081665, loss 2: 0.0010231719352304935
client running:3/59, client loss: 2.0457777976989746, loss 1: 1.935337781906128, loss 2: 0.0011043993290513754
client running:4/59, client loss: 2.0167136192321777, loss 1: 1.9418838024139404, loss 2: 0.0007482976652681828
client running:5/59, client loss: 2.048259973526001, loss 1: 1.936197280883789, loss 2: 0.0011206259950995445
client running:6/59, client loss: 2.0533688068389893, loss 1: 1.9617235660552979, loss 2: 0.0009164524381048977
client running:7/59, client loss: 1.9976874589920044, loss 1: 1.936970591545105, loss 2: 0.0006071688840165734
client running:8/59, client loss: 2.0371758937835693, loss 1: 1.956499695777893, loss 2: 0.0008067630114965141
client running:9/59, client loss: 2.052114486694336, loss 1: 1.9726446866989136, loss 2: 0.0007946990663185716
client running:10/59, client loss: 2.054180145263672, loss 1: 1.9560362100601196, loss 2: 0.0009814405348151922
client running:11/59, client loss: 2.02746319770813, loss 1: 1.949479341506958, loss 2: 0.0007798377773724496
client running:12/59, client loss: 2.018331527709961, loss 1: 1.9570224285125732, loss 2: 0.0006130921537987888
client running:13/59, client loss: 2.0627264976501465, loss 1: 1.947535514831543, loss 2: 0.0011519088875502348
client running:14/59, client loss: 2.019937515258789, loss 1: 1.9328542947769165, loss 2: 0.0008708328241482377
client running:15/59, client loss: 2.0863399505615234, loss 1: 1.9635097980499268, loss 2: 0.0012283017858862877
client running:16/59, client loss: 2.0386855602264404, loss 1: 1.969529628753662, loss 2: 0.0006915590493008494
client running:17/59, client loss: 2.0369977951049805, loss 1: 1.9399409294128418, loss 2: 0.0009705680422484875
client running:18/59, client loss: 2.021209239959717, loss 1: 1.944918155670166, loss 2: 0.000762909883633256
client running:19/59, client loss: 2.0290591716766357, loss 1: 1.943650484085083, loss 2: 0.000854085898026824
client running:20/59, client loss: 2.0612189769744873, loss 1: 1.9746925830841064, loss 2: 0.0008652639226056635
client running:21/59, client loss: 1.9973154067993164, loss 1: 1.9243277311325073, loss 2: 0.0007298769196495414
client running:22/59, client loss: 2.023918628692627, loss 1: 1.934535026550293, loss 2: 0.0008938352111726999
client running:23/59, client loss: 2.030933141708374, loss 1: 1.9505290985107422, loss 2: 0.0008040399989113212
client running:24/59, client loss: 2.0362322330474854, loss 1: 1.9588950872421265, loss 2: 0.0007733710226602852
client running:25/59, client loss: 2.022674083709717, loss 1: 1.9415555000305176, loss 2: 0.0008111861534416676
client running:26/59, client loss: 2.026728868484497, loss 1: 1.9587643146514893, loss 2: 0.0006796459201723337
client running:27/59, client loss: 2.0186901092529297, loss 1: 1.9583826065063477, loss 2: 0.0006030760705471039
client running:28/59, client loss: 2.0446460247039795, loss 1: 1.957266092300415, loss 2: 0.000873799086548388
client running:29/59, client loss: 2.0372726917266846, loss 1: 1.9573330879211426, loss 2: 0.000799396657384932
client running:30/59, client loss: 2.011951446533203, loss 1: 1.9358150959014893, loss 2: 0.000761364703066647
client running:31/59, client loss: 2.053689479827881, loss 1: 1.9399070739746094, loss 2: 0.001137823797762394
client running:32/59, client loss: 2.0536627769470215, loss 1: 1.9531991481781006, loss 2: 0.0010046361712738872
client running:33/59, client loss: 2.0107791423797607, loss 1: 1.9456309080123901, loss 2: 0.0006514817359857261
client running:34/59, client loss: 2.0213756561279297, loss 1: 1.9465252161026, loss 2: 0.0007485047681257129
client running:35/59, client loss: 2.0431294441223145, loss 1: 1.921466588973999, loss 2: 0.0012166287051513791
client running:36/59, client loss: 2.020981788635254, loss 1: 1.9360461235046387, loss 2: 0.0008493574569001794
client running:37/59, client loss: 2.043146848678589, loss 1: 1.9425121545791626, loss 2: 0.0010063478257507086
client running:38/59, client loss: 2.029655694961548, loss 1: 1.9344229698181152, loss 2: 0.0009523261105641723
client running:39/59, client loss: 2.0242152214050293, loss 1: 1.9507381916046143, loss 2: 0.0007347706705331802
client running:40/59, client loss: 2.0326297283172607, loss 1: 1.9497145414352417, loss 2: 0.0008291522972285748
client running:41/59, client loss: 2.0559022426605225, loss 1: 1.945351004600525, loss 2: 0.0011055124923586845
client running:42/59, client loss: 2.0237884521484375, loss 1: 1.9610235691070557, loss 2: 0.0006276499480009079
client running:43/59, client loss: 2.0338540077209473, loss 1: 1.9461488723754883, loss 2: 0.0008770520216785371
client running:44/59, client loss: 2.0105321407318115, loss 1: 1.9389387369155884, loss 2: 0.0007159345550462604
client running:45/59, client loss: 2.081394672393799, loss 1: 1.9729218482971191, loss 2: 0.001084728050045669
client running:46/59, client loss: 2.000805616378784, loss 1: 1.9238049983978271, loss 2: 0.0007700066198594868
client running:47/59, client loss: 1.9975768327713013, loss 1: 1.9347257614135742, loss 2: 0.0006285105482675135
client running:48/59, client loss: 2.0301334857940674, loss 1: 1.9425421953201294, loss 2: 0.0008759118500165641
client running:49/59, client loss: 2.0350770950317383, loss 1: 1.9609602689743042, loss 2: 0.0007411693804897368
client running:50/59, client loss: 2.0241711139678955, loss 1: 1.9585615396499634, loss 2: 0.0006560962647199631
client running:51/59, client loss: 2.042727470397949, loss 1: 1.9544001817703247, loss 2: 0.0008832721505314112
client running:52/59, client loss: 2.007507801055908, loss 1: 1.946982502937317, loss 2: 0.0006052537937648594
client running:53/59, client loss: 2.0160183906555176, loss 1: 1.944879412651062, loss 2: 0.0007113907486200333
client running:54/59, client loss: 2.0252504348754883, loss 1: 1.9393844604492188, loss 2: 0.0008586605545133352
client running:55/59, client loss: 2.0318431854248047, loss 1: 1.9478530883789062, loss 2: 0.0008399002254009247
client running:56/59, client loss: 2.0555195808410645, loss 1: 1.9416224956512451, loss 2: 0.0011389717692509294
client running:57/59, client loss: 2.026381731033325, loss 1: 1.9549975395202637, loss 2: 0.0007138416403904557
client running:58/59, client loss: 2.0317177772521973, loss 1: 1.942652940750122, loss 2: 0.000890647410415113
server loss: tensor([[0.9089, 0.7662, 0.7521, 0.7600, 0.6882, 0.7602, 0.7611, 0.7920],
        [0.8094, 0.9602, 0.7427, 0.7774, 0.6891, 0.7892, 0.7732, 0.7415],
        [0.7919, 0.7895, 0.9267, 0.7720, 0.6775, 0.7960, 0.7737, 0.7581],
        [0.7570, 0.7624, 0.7190, 0.9147, 0.6771, 0.7495, 0.7195, 0.7295],
        [0.7134, 0.6981, 0.6595, 0.6650, 0.9495, 0.6887, 0.7081, 0.7028],
        [0.7326, 0.7505, 0.7196, 0.7418, 0.6926, 0.8914, 0.7213, 0.7317],
        [0.7927, 0.7772, 0.7547, 0.7298, 0.6989, 0.7742, 0.9674, 0.8207],
        [0.7937, 0.7351, 0.7236, 0.7273, 0.6771, 0.7541, 0.8128, 0.9642]],
       device='cuda:0')
client running:0/59, client loss: 2.039289712905884, loss 1: 1.9440851211547852, loss 2: 0.0009520456660538912
client running:1/59, client loss: 2.032069444656372, loss 1: 1.945803165435791, loss 2: 0.0008626626804471016
client running:2/59, client loss: 2.0501444339752197, loss 1: 1.9532634019851685, loss 2: 0.0009688098216429353
client running:3/59, client loss: 2.021054267883301, loss 1: 1.9388231039047241, loss 2: 0.0008223117329180241
client running:4/59, client loss: 2.035431146621704, loss 1: 1.9511295557022095, loss 2: 0.000843015150167048
client running:5/59, client loss: 2.0352299213409424, loss 1: 1.9360283613204956, loss 2: 0.0009920145384967327
client running:6/59, client loss: 2.0476863384246826, loss 1: 1.9451994895935059, loss 2: 0.001024868106469512
client running:7/59, client loss: 2.0256059169769287, loss 1: 1.9460740089416504, loss 2: 0.0007953185122460127
client running:8/59, client loss: 1.9982949495315552, loss 1: 1.939276933670044, loss 2: 0.0005901805707253516
client running:9/59, client loss: 2.033237934112549, loss 1: 1.9462416172027588, loss 2: 0.0008699622703716159
client running:10/59, client loss: 2.0289626121520996, loss 1: 1.9597691297531128, loss 2: 0.0006919355946592987
client running:11/59, client loss: 2.038691520690918, loss 1: 1.9516867399215698, loss 2: 0.0008700469043105841
client running:12/59, client loss: 2.04682993888855, loss 1: 1.9482421875, loss 2: 0.0009858765406534076
client running:13/59, client loss: 2.0511717796325684, loss 1: 1.9523684978485107, loss 2: 0.0009880324359983206
client running:14/59, client loss: 2.0511295795440674, loss 1: 1.950598955154419, loss 2: 0.0010053054429590702
client running:15/59, client loss: 2.0295403003692627, loss 1: 1.934515118598938, loss 2: 0.0009502527536824346
client running:16/59, client loss: 2.08136248588562, loss 1: 1.9754436016082764, loss 2: 0.0010591880418360233
client running:17/59, client loss: 2.044330596923828, loss 1: 1.967514991760254, loss 2: 0.0007681567221879959
client running:18/59, client loss: 2.0664124488830566, loss 1: 1.9580224752426147, loss 2: 0.0010838992893695831
client running:19/59, client loss: 2.0267534255981445, loss 1: 1.942987084388733, loss 2: 0.0008376623154617846
client running:20/59, client loss: 2.055964708328247, loss 1: 1.977057933807373, loss 2: 0.000789067184086889
client running:21/59, client loss: 2.0209949016571045, loss 1: 1.947265625, loss 2: 0.0007372916443273425
client running:22/59, client loss: 2.026195764541626, loss 1: 1.9332048892974854, loss 2: 0.0009299094090238214
client running:23/59, client loss: 2.050859212875366, loss 1: 1.9655104875564575, loss 2: 0.0008534861262887716
client running:24/59, client loss: 2.0538086891174316, loss 1: 1.941908359527588, loss 2: 0.0011190036311745644
client running:25/59, client loss: 2.0222554206848145, loss 1: 1.9538445472717285, loss 2: 0.0006841083522886038
client running:26/59, client loss: 2.046757221221924, loss 1: 1.9582772254943848, loss 2: 0.0008848002180457115
client running:27/59, client loss: 2.0272390842437744, loss 1: 1.9390857219696045, loss 2: 0.0008815343608148396
client running:28/59, client loss: 2.0319957733154297, loss 1: 1.9441137313842773, loss 2: 0.000878821243532002
client running:29/59, client loss: 2.0183634757995605, loss 1: 1.9710570573806763, loss 2: 0.00047306501073762774
client running:30/59, client loss: 2.0357606410980225, loss 1: 1.9465023279190063, loss 2: 0.0008925821166485548
client running:31/59, client loss: 2.0189807415008545, loss 1: 1.9402120113372803, loss 2: 0.0007876863237470388
client running:32/59, client loss: 2.05684494972229, loss 1: 1.9546222686767578, loss 2: 0.0010222264099866152
client running:33/59, client loss: 2.0622715950012207, loss 1: 1.9532418251037598, loss 2: 0.0010902981739491224
client running:34/59, client loss: 2.0191495418548584, loss 1: 1.9611893892288208, loss 2: 0.0005796016193926334
client running:35/59, client loss: 2.0786211490631104, loss 1: 1.9542161226272583, loss 2: 0.0012440497521311045
client running:36/59, client loss: 2.102602243423462, loss 1: 1.9589743614196777, loss 2: 0.0014362784568220377
client running:37/59, client loss: 2.0331737995147705, loss 1: 1.9270460605621338, loss 2: 0.0010612772312015295
client running:38/59, client loss: 2.0173966884613037, loss 1: 1.9388843774795532, loss 2: 0.0007851242553442717
client running:39/59, client loss: 2.021125555038452, loss 1: 1.9546443223953247, loss 2: 0.0006648125709034503
client running:40/59, client loss: 2.0471596717834473, loss 1: 1.9548949003219604, loss 2: 0.0009226477704942226
client running:41/59, client loss: 2.0628437995910645, loss 1: 1.9599366188049316, loss 2: 0.0010290730278939009
client running:42/59, client loss: 2.022214651107788, loss 1: 1.9329638481140137, loss 2: 0.0008925083675421774
client running:43/59, client loss: 2.0081212520599365, loss 1: 1.9464802742004395, loss 2: 0.0006164106307551265
client running:44/59, client loss: 2.067362070083618, loss 1: 1.9663684368133545, loss 2: 0.001009936910122633
client running:45/59, client loss: 2.025479793548584, loss 1: 1.9546502828598022, loss 2: 0.0007082950323820114
client running:46/59, client loss: 2.0127763748168945, loss 1: 1.9469928741455078, loss 2: 0.0006578343454748392
client running:47/59, client loss: 2.0332047939300537, loss 1: 1.948244571685791, loss 2: 0.0008496025111526251
client running:48/59, client loss: 2.0176990032196045, loss 1: 1.9482848644256592, loss 2: 0.000694141024723649
client running:49/59, client loss: 2.1071889400482178, loss 1: 1.9775197505950928, loss 2: 0.001296692411415279
client running:50/59, client loss: 1.9962140321731567, loss 1: 1.9417659044265747, loss 2: 0.0005444808630272746
client running:51/59, client loss: 2.006176471710205, loss 1: 1.9344758987426758, loss 2: 0.0007170048775151372
client running:52/59, client loss: 2.022792339324951, loss 1: 1.9472745656967163, loss 2: 0.0007551772287115455
client running:53/59, client loss: 2.0514934062957764, loss 1: 1.9579113721847534, loss 2: 0.0009358209208585322
client running:54/59, client loss: 2.047189950942993, loss 1: 1.9695810079574585, loss 2: 0.0007760884473100305
client running:55/59, client loss: 1.9988592863082886, loss 1: 1.934787392616272, loss 2: 0.0006407194305211306
client running:56/59, client loss: 2.0655810832977295, loss 1: 1.9490742683410645, loss 2: 0.0011650685919448733
client running:57/59, client loss: 2.0415000915527344, loss 1: 1.9627898931503296, loss 2: 0.000787103024777025
client running:58/59, client loss: 2.0134358406066895, loss 1: 1.967673897743225, loss 2: 0.00045761914225295186
server loss: tensor([[0.9657, 0.7654, 0.7721, 0.7984, 0.7412, 0.7835, 0.7253, 0.7601],
        [0.7788, 0.9502, 0.7424, 0.7982, 0.7666, 0.8161, 0.7447, 0.7817],
        [0.7804, 0.7480, 0.9081, 0.7699, 0.7374, 0.7578, 0.7563, 0.7720],
        [0.7713, 0.7987, 0.7456, 0.8980, 0.7542, 0.7758, 0.7408, 0.8022],
        [0.7611, 0.7673, 0.7515, 0.7694, 0.9342, 0.8260, 0.7411, 0.7786],
        [0.7870, 0.7995, 0.7602, 0.8011, 0.7987, 0.9635, 0.7701, 0.7677],
        [0.7155, 0.7150, 0.7632, 0.7490, 0.7365, 0.7714, 0.8141, 0.7901],
        [0.7535, 0.7772, 0.7651, 0.7894, 0.7620, 0.7914, 0.7881, 0.9124]],
       device='cuda:0')
client running:0/59, client loss: 2.0376486778259277, loss 1: 1.9575191736221313, loss 2: 0.0008012952748686075
client running:1/59, client loss: 2.05478835105896, loss 1: 1.9562838077545166, loss 2: 0.0009850463829934597
client running:2/59, client loss: 2.046812057495117, loss 1: 1.9535568952560425, loss 2: 0.0009325520950369537
client running:3/59, client loss: 2.0731606483459473, loss 1: 1.9342718124389648, loss 2: 0.0013888878747820854
client running:4/59, client loss: 2.034383535385132, loss 1: 1.9419500827789307, loss 2: 0.0009243334643542767
client running:5/59, client loss: 2.0729575157165527, loss 1: 1.9745792150497437, loss 2: 0.0009837833931669593
client running:6/59, client loss: 2.0461907386779785, loss 1: 1.959864854812622, loss 2: 0.0008632579119876027
client running:7/59, client loss: 2.134201765060425, loss 1: 1.9485059976577759, loss 2: 0.0018569579115137458
client running:8/59, client loss: 2.045532703399658, loss 1: 1.9528517723083496, loss 2: 0.000926810025703162
client running:9/59, client loss: 2.054710865020752, loss 1: 1.9465161561965942, loss 2: 0.0010819481685757637
client running:10/59, client loss: 2.026939630508423, loss 1: 1.9485574960708618, loss 2: 0.0007838221499696374
client running:11/59, client loss: 2.059555768966675, loss 1: 1.9629535675048828, loss 2: 0.0009660225478000939
client running:12/59, client loss: 2.040011167526245, loss 1: 1.9564512968063354, loss 2: 0.0008355979807674885
client running:13/59, client loss: 2.0256235599517822, loss 1: 1.9314539432525635, loss 2: 0.0009416952962055802
client running:14/59, client loss: 1.995336890220642, loss 1: 1.9478247165679932, loss 2: 0.0004751218657474965
client running:15/59, client loss: 2.0794312953948975, loss 1: 1.968599796295166, loss 2: 0.0011083157733082771
client running:16/59, client loss: 2.0152153968811035, loss 1: 1.9411084651947021, loss 2: 0.0007410701364278793
client running:17/59, client loss: 2.0511481761932373, loss 1: 1.9526487588882446, loss 2: 0.0009849942289292812
client running:18/59, client loss: 2.0558407306671143, loss 1: 1.9528921842575073, loss 2: 0.0010294863022863865
client running:19/59, client loss: 2.036853551864624, loss 1: 1.9636670351028442, loss 2: 0.00073186622466892
client running:20/59, client loss: 2.016545534133911, loss 1: 1.9430733919143677, loss 2: 0.0007347209611907601
client running:21/59, client loss: 2.04110050201416, loss 1: 1.9458153247833252, loss 2: 0.0009528529481031001
client running:22/59, client loss: 2.0438547134399414, loss 1: 1.9567019939422607, loss 2: 0.0008715264266356826
client running:23/59, client loss: 2.0525784492492676, loss 1: 1.9679659605026245, loss 2: 0.0008461244287900627
client running:24/59, client loss: 2.027137517929077, loss 1: 1.9538613557815552, loss 2: 0.0007327614584937692
client running:25/59, client loss: 2.0145912170410156, loss 1: 1.9269554615020752, loss 2: 0.0008763570804148912
client running:26/59, client loss: 2.094032049179077, loss 1: 1.9618895053863525, loss 2: 0.001321424962952733
client running:27/59, client loss: 2.0225961208343506, loss 1: 1.956445336341858, loss 2: 0.0006615070160478354
client running:28/59, client loss: 2.0240631103515625, loss 1: 1.94779372215271, loss 2: 0.000762693234719336
client running:29/59, client loss: 2.0174360275268555, loss 1: 1.9411450624465942, loss 2: 0.0007629105821251869
client running:30/59, client loss: 2.039815664291382, loss 1: 1.973907470703125, loss 2: 0.0006590814446099102
client running:31/59, client loss: 2.0420312881469727, loss 1: 1.9614686965942383, loss 2: 0.0008056258084252477
client running:32/59, client loss: 2.0223588943481445, loss 1: 1.9348591566085815, loss 2: 0.0008749962435103953
client running:33/59, client loss: 2.016157388687134, loss 1: 1.9420125484466553, loss 2: 0.0007414495339617133
client running:34/59, client loss: 2.0350987911224365, loss 1: 1.9385565519332886, loss 2: 0.0009654220775701106
client running:35/59, client loss: 2.0397818088531494, loss 1: 1.9743455648422241, loss 2: 0.0006543619092553854
client running:36/59, client loss: 2.053617477416992, loss 1: 1.9753711223602295, loss 2: 0.0007824645144864917
client running:37/59, client loss: 2.050018072128296, loss 1: 1.9525316953659058, loss 2: 0.0009748645243234932
client running:38/59, client loss: 2.022573232650757, loss 1: 1.9490324258804321, loss 2: 0.0007354081608355045
client running:39/59, client loss: 2.060027599334717, loss 1: 1.9675372838974, loss 2: 0.0009249030845239758
client running:40/59, client loss: 2.015272855758667, loss 1: 1.9397016763687134, loss 2: 0.0007557113422080874
client running:41/59, client loss: 2.0256409645080566, loss 1: 1.9526681900024414, loss 2: 0.0007297267438843846
client running:42/59, client loss: 2.052318572998047, loss 1: 1.963510513305664, loss 2: 0.0008880797540768981
client running:43/59, client loss: 2.066883087158203, loss 1: 1.9747732877731323, loss 2: 0.0009210979915224016
client running:44/59, client loss: 2.024852752685547, loss 1: 1.9488416910171509, loss 2: 0.0007601100951433182
client running:45/59, client loss: 2.0205655097961426, loss 1: 1.949051856994629, loss 2: 0.0007151367608457804
client running:46/59, client loss: 2.0089128017425537, loss 1: 1.9368958473205566, loss 2: 0.0007201702101156116
client running:47/59, client loss: 2.0488204956054688, loss 1: 1.9496036767959595, loss 2: 0.0009921691380441189
client running:48/59, client loss: 2.0432522296905518, loss 1: 1.9689918756484985, loss 2: 0.0007426039082929492
client running:49/59, client loss: 2.0422585010528564, loss 1: 1.9476382732391357, loss 2: 0.0009462015004828572
client running:50/59, client loss: 2.0553598403930664, loss 1: 1.9540818929672241, loss 2: 0.0010127797722816467
client running:51/59, client loss: 2.001352548599243, loss 1: 1.9343217611312866, loss 2: 0.0006703072576783597
client running:52/59, client loss: 2.0523574352264404, loss 1: 1.9377760887145996, loss 2: 0.0011458136141300201
client running:53/59, client loss: 2.0391554832458496, loss 1: 1.9559637308120728, loss 2: 0.0008319186745211482
client running:54/59, client loss: 2.0352046489715576, loss 1: 1.9566316604614258, loss 2: 0.0007857299642637372
client running:55/59, client loss: 2.0272903442382812, loss 1: 1.935779094696045, loss 2: 0.0009151135454885662
client running:56/59, client loss: 2.022230625152588, loss 1: 1.9643117189407349, loss 2: 0.0005791878793388605
client running:57/59, client loss: 2.0238254070281982, loss 1: 1.9713250398635864, loss 2: 0.0005250025424174964
client running:58/59, client loss: 2.0888822078704834, loss 1: 1.9761987924575806, loss 2: 0.0011268352391198277
server loss: tensor([[0.9581, 0.7536, 0.7315, 0.7656, 0.7563, 0.7190, 0.8019, 0.7713],
        [0.7994, 0.9366, 0.7707, 0.7712, 0.8022, 0.7033, 0.7982, 0.7761],
        [0.7567, 0.7478, 0.9112, 0.7145, 0.7274, 0.6827, 0.7374, 0.7201],
        [0.7785, 0.7116, 0.6825, 0.8779, 0.7445, 0.6869, 0.8021, 0.7827],
        [0.7938, 0.7966, 0.7636, 0.7768, 0.9075, 0.6789, 0.7903, 0.7496],
        [0.8080, 0.7913, 0.7551, 0.7860, 0.7739, 0.7550, 0.7807, 0.7984],
        [0.7890, 0.7336, 0.7208, 0.7882, 0.7588, 0.6707, 0.9497, 0.7788],
        [0.7736, 0.7463, 0.7140, 0.7799, 0.7306, 0.6793, 0.7825, 0.8801]],
       device='cuda:0')
server average tensor
client running:0/59, client loss: 2.0299606323242188, loss 1: 1.9339711666107178, loss 2: 0.000959893804974854
client running:1/59, client loss: 2.0519566535949707, loss 1: 1.9603514671325684, loss 2: 0.0009160528425127268
client running:2/59, client loss: 2.0423390865325928, loss 1: 1.9641854763031006, loss 2: 0.0007815372082404792
client running:3/59, client loss: 2.028653860092163, loss 1: 1.9252766370773315, loss 2: 0.001033772830851376
client running:4/59, client loss: 2.077507257461548, loss 1: 1.9521242380142212, loss 2: 0.0012538301525637507
client running:5/59, client loss: 2.0906286239624023, loss 1: 1.9901423454284668, loss 2: 0.001004862249828875
client running:6/59, client loss: 2.0246479511260986, loss 1: 1.9304254055023193, loss 2: 0.0009422262664884329
client running:7/59, client loss: 2.0680675506591797, loss 1: 1.9695825576782227, loss 2: 0.0009848488261923194
client running:8/59, client loss: 2.036756753921509, loss 1: 1.9426732063293457, loss 2: 0.0009408363839611411
client running:9/59, client loss: 2.0427663326263428, loss 1: 1.9348220825195312, loss 2: 0.0010794417466968298
client running:10/59, client loss: 2.028703212738037, loss 1: 1.9540890455245972, loss 2: 0.0007461422355845571
client running:11/59, client loss: 2.0026862621307373, loss 1: 1.9153398275375366, loss 2: 0.0008734637522138655
client running:12/59, client loss: 2.069794178009033, loss 1: 1.93501877784729, loss 2: 0.0013477550819516182
client running:13/59, client loss: 2.045076847076416, loss 1: 1.9330458641052246, loss 2: 0.0011203102767467499
client running:14/59, client loss: 2.0360684394836426, loss 1: 1.9554226398468018, loss 2: 0.0008064571884460747
client running:15/59, client loss: 2.0012035369873047, loss 1: 1.9301003217697144, loss 2: 0.0007110320148058236
client running:16/59, client loss: 2.0486600399017334, loss 1: 1.9433954954147339, loss 2: 0.0010526461992412806
client running:17/59, client loss: 2.0404014587402344, loss 1: 1.951048493385315, loss 2: 0.0008935306686908007
client running:18/59, client loss: 2.0744946002960205, loss 1: 1.959618330001831, loss 2: 0.0011487632291391492
client running:19/59, client loss: 2.0501410961151123, loss 1: 1.9368839263916016, loss 2: 0.001132570905610919
client running:20/59, client loss: 2.054250955581665, loss 1: 1.932380199432373, loss 2: 0.001218707300722599
client running:21/59, client loss: 2.0390989780426025, loss 1: 1.9596295356750488, loss 2: 0.0007946941768750548
client running:22/59, client loss: 2.0036942958831787, loss 1: 1.9133225679397583, loss 2: 0.0009037178242579103
client running:23/59, client loss: 2.03627610206604, loss 1: 1.9536018371582031, loss 2: 0.0008267420344054699
client running:24/59, client loss: 2.0875442028045654, loss 1: 1.961395502090454, loss 2: 0.001261487021110952
client running:25/59, client loss: 2.0092592239379883, loss 1: 1.9415416717529297, loss 2: 0.0006771753542125225
client running:26/59, client loss: 2.0525951385498047, loss 1: 1.9427869319915771, loss 2: 0.0010980815859511495
client running:27/59, client loss: 2.03259539604187, loss 1: 1.9398691654205322, loss 2: 0.0009272631723433733
client running:28/59, client loss: 2.071303129196167, loss 1: 1.964505672454834, loss 2: 0.0010679749539121985
client running:29/59, client loss: 2.0536246299743652, loss 1: 1.9828250408172607, loss 2: 0.0007079961942508817
client running:30/59, client loss: 2.026642084121704, loss 1: 1.9268054962158203, loss 2: 0.0009983668569475412
client running:31/59, client loss: 2.0471394062042236, loss 1: 1.965528964996338, loss 2: 0.0008161051664501429
client running:32/59, client loss: 2.0314676761627197, loss 1: 1.951960563659668, loss 2: 0.0007950719445943832
client running:33/59, client loss: 2.0416526794433594, loss 1: 1.9533582925796509, loss 2: 0.0008829431608319283
client running:34/59, client loss: 2.0021371841430664, loss 1: 1.9345729351043701, loss 2: 0.0006756421644240618
client running:35/59, client loss: 2.0235517024993896, loss 1: 1.9426214694976807, loss 2: 0.000809301738627255
client running:36/59, client loss: 2.044189214706421, loss 1: 1.9624594449996948, loss 2: 0.0008172971429303288
client running:37/59, client loss: 2.0190885066986084, loss 1: 1.9348986148834229, loss 2: 0.0008418994839303195
client running:38/59, client loss: 2.0165746212005615, loss 1: 1.9436860084533691, loss 2: 0.0007288870983757079
client running:39/59, client loss: 2.026432991027832, loss 1: 1.9563316106796265, loss 2: 0.0007010146509855986
client running:40/59, client loss: 2.0588033199310303, loss 1: 1.9428883790969849, loss 2: 0.0011591505026444793
client running:41/59, client loss: 2.0335052013397217, loss 1: 1.9477770328521729, loss 2: 0.0008572806837037206
client running:42/59, client loss: 2.029538154602051, loss 1: 1.935777187347412, loss 2: 0.0009376086527481675
client running:43/59, client loss: 2.0156328678131104, loss 1: 1.9177045822143555, loss 2: 0.0009792819619178772
client running:44/59, client loss: 2.0316519737243652, loss 1: 1.9471051692962646, loss 2: 0.0008454680209979415
client running:45/59, client loss: 2.0511293411254883, loss 1: 1.9564067125320435, loss 2: 0.0009472258971072733
client running:46/59, client loss: 2.0116069316864014, loss 1: 1.9358553886413574, loss 2: 0.0007575150229968131
client running:47/59, client loss: 2.0080766677856445, loss 1: 1.9289865493774414, loss 2: 0.0007909021805971861
client running:48/59, client loss: 2.04150390625, loss 1: 1.9580879211425781, loss 2: 0.0008341596694663167
client running:49/59, client loss: 2.0164175033569336, loss 1: 1.9120615720748901, loss 2: 0.0010435603326186538
client running:50/59, client loss: 2.0002660751342773, loss 1: 1.9347184896469116, loss 2: 0.0006554756546393037
client running:51/59, client loss: 2.03226375579834, loss 1: 1.9499719142913818, loss 2: 0.0008229188388213515
client running:52/59, client loss: 2.0702929496765137, loss 1: 1.9551833868026733, loss 2: 0.0011510959593579173
client running:53/59, client loss: 2.0541818141937256, loss 1: 1.9428081512451172, loss 2: 0.0011137358378618956
client running:54/59, client loss: 2.0782227516174316, loss 1: 1.9638816118240356, loss 2: 0.001143410336226225
client running:55/59, client loss: 2.0302176475524902, loss 1: 1.9657655954360962, loss 2: 0.0006445214385166764
client running:56/59, client loss: 1.9926859140396118, loss 1: 1.946078896522522, loss 2: 0.00046607039985246956
client running:57/59, client loss: 2.001650094985962, loss 1: 1.9459574222564697, loss 2: 0.0005569271743297577
client running:58/59, client loss: 2.0186960697174072, loss 1: 1.9464187622070312, loss 2: 0.0007227740716189146
server loss: tensor([[0.9712, 0.7064, 0.7685, 0.7309, 0.7011, 0.7198, 0.6871, 0.7081],
        [0.7095, 0.9049, 0.7517, 0.7882, 0.7212, 0.7277, 0.7294, 0.7354],
        [0.7583, 0.7680, 0.9418, 0.8071, 0.6812, 0.7383, 0.7099, 0.7098],
        [0.7151, 0.7719, 0.7813, 0.9559, 0.7043, 0.7176, 0.7298, 0.7289],
        [0.7218, 0.7163, 0.6972, 0.6969, 0.9093, 0.7213, 0.7058, 0.6851],
        [0.7383, 0.7361, 0.7406, 0.7622, 0.7540, 0.8783, 0.7763, 0.7667],
        [0.7070, 0.6981, 0.7128, 0.7146, 0.7503, 0.7437, 0.9055, 0.6542],
        [0.7715, 0.7881, 0.7694, 0.8226, 0.7388, 0.7670, 0.7200, 0.8712]],
       device='cuda:0')
client running:0/59, client loss: 2.057332754135132, loss 1: 1.9573522806167603, loss 2: 0.0009998049354180694
client running:1/59, client loss: 2.0457985401153564, loss 1: 1.9508461952209473, loss 2: 0.0009495230624452233
client running:2/59, client loss: 2.001981496810913, loss 1: 1.9445219039916992, loss 2: 0.0005745949456468225
client running:3/59, client loss: 2.0486044883728027, loss 1: 1.9485993385314941, loss 2: 0.0010000518523156643
client running:4/59, client loss: 2.049428701400757, loss 1: 1.95488440990448, loss 2: 0.0009454438695684075
client running:5/59, client loss: 2.048387289047241, loss 1: 1.9436837434768677, loss 2: 0.001047035912051797
client running:6/59, client loss: 2.0533580780029297, loss 1: 1.9619404077529907, loss 2: 0.0009141757618635893
client running:7/59, client loss: 2.0487422943115234, loss 1: 1.9578959941864014, loss 2: 0.0009084620978683233
client running:8/59, client loss: 2.06531023979187, loss 1: 1.9440867900848389, loss 2: 0.0012122340267524123
client running:9/59, client loss: 2.0812978744506836, loss 1: 1.9646601676940918, loss 2: 0.0011663767509162426
client running:10/59, client loss: 2.0481832027435303, loss 1: 1.9432297945022583, loss 2: 0.0010495337191969156
client running:11/59, client loss: 2.036653757095337, loss 1: 1.9318897724151611, loss 2: 0.001047639176249504
client running:12/59, client loss: 2.057579755783081, loss 1: 1.961303472518921, loss 2: 0.0009627633262425661
client running:13/59, client loss: 2.0452804565429688, loss 1: 1.9633293151855469, loss 2: 0.000819511478766799
client running:14/59, client loss: 2.035813808441162, loss 1: 1.9459625482559204, loss 2: 0.0008985113818198442
client running:15/59, client loss: 2.0113906860351562, loss 1: 1.9328806400299072, loss 2: 0.0007851006230339408
client running:16/59, client loss: 2.0288467407226562, loss 1: 1.9149329662322998, loss 2: 0.0011391370790079236
client running:17/59, client loss: 2.052406072616577, loss 1: 1.9518660306930542, loss 2: 0.0010054006706923246
client running:18/59, client loss: 2.0251781940460205, loss 1: 1.935733437538147, loss 2: 0.0008944481378421187
client running:19/59, client loss: 2.0423717498779297, loss 1: 1.950595736503601, loss 2: 0.0009177591418847442
client running:20/59, client loss: 2.033021926879883, loss 1: 1.936610221862793, loss 2: 0.0009641173528507352
client running:21/59, client loss: 2.015148639678955, loss 1: 1.9379645586013794, loss 2: 0.0007718413253314793
client running:22/59, client loss: 2.0771145820617676, loss 1: 1.94923996925354, loss 2: 0.0012787453597411513
client running:23/59, client loss: 2.0402188301086426, loss 1: 1.9483675956726074, loss 2: 0.000918511941563338
client running:24/59, client loss: 2.078464984893799, loss 1: 1.9668066501617432, loss 2: 0.0011165833566337824
client running:25/59, client loss: 2.0213119983673096, loss 1: 1.9581975936889648, loss 2: 0.0006311439792625606
client running:26/59, client loss: 2.0359599590301514, loss 1: 1.9534317255020142, loss 2: 0.0008252827101387084
client running:27/59, client loss: 2.040473222732544, loss 1: 1.955978274345398, loss 2: 0.0008449496235698462
client running:28/59, client loss: 2.0431692600250244, loss 1: 1.945388674736023, loss 2: 0.0009778060484677553
client running:29/59, client loss: 2.0045957565307617, loss 1: 1.9452753067016602, loss 2: 0.0005932034691795707
client running:30/59, client loss: 2.0511586666107178, loss 1: 1.9673627614974976, loss 2: 0.0008379592327401042
client running:31/59, client loss: 2.0539467334747314, loss 1: 1.954465627670288, loss 2: 0.0009948111837729812
client running:32/59, client loss: 2.0456693172454834, loss 1: 1.93818998336792, loss 2: 0.0010747933993116021
client running:33/59, client loss: 2.074974536895752, loss 1: 1.9717254638671875, loss 2: 0.0010324916802346706
client running:34/59, client loss: 2.0091800689697266, loss 1: 1.9539464712142944, loss 2: 0.0005523369181901217
client running:35/59, client loss: 2.019073963165283, loss 1: 1.952026128768921, loss 2: 0.0006704776897095144
client running:36/59, client loss: 2.0217132568359375, loss 1: 1.9480558633804321, loss 2: 0.0007365733617916703
client running:37/59, client loss: 2.001026153564453, loss 1: 1.942415714263916, loss 2: 0.0005861052195541561
client running:38/59, client loss: 2.0316073894500732, loss 1: 1.960114598274231, loss 2: 0.0007149268058128655
client running:39/59, client loss: 2.02883243560791, loss 1: 1.9395887851715088, loss 2: 0.0008924356661736965
client running:40/59, client loss: 2.044978618621826, loss 1: 1.9598865509033203, loss 2: 0.0008509218459948897
client running:41/59, client loss: 2.053692102432251, loss 1: 1.9596701860427856, loss 2: 0.0009402185678482056
client running:42/59, client loss: 2.0066277980804443, loss 1: 1.9612846374511719, loss 2: 0.00045343185774981976
client running:43/59, client loss: 2.0070736408233643, loss 1: 1.9347693920135498, loss 2: 0.0007230422925204039
client running:44/59, client loss: 2.017467737197876, loss 1: 1.9261656999588013, loss 2: 0.0009130195830948651
client running:45/59, client loss: 2.0304861068725586, loss 1: 1.93308687210083, loss 2: 0.0009739915258251131
client running:46/59, client loss: 2.0313572883605957, loss 1: 1.9680336713790894, loss 2: 0.0006332352641038597
client running:47/59, client loss: 2.0225021839141846, loss 1: 1.939618706703186, loss 2: 0.0008288347162306309
client running:48/59, client loss: 2.025656223297119, loss 1: 1.95564603805542, loss 2: 0.0007001010817475617
client running:49/59, client loss: 2.0080368518829346, loss 1: 1.9176499843597412, loss 2: 0.0009038687567226589
client running:50/59, client loss: 2.0486764907836914, loss 1: 1.9556372165679932, loss 2: 0.0009303918341174722
client running:51/59, client loss: 2.048095941543579, loss 1: 1.9640333652496338, loss 2: 0.0008406253764405847
client running:52/59, client loss: 1.9863008260726929, loss 1: 1.9207664728164673, loss 2: 0.0006553432904183865
client running:53/59, client loss: 2.0251598358154297, loss 1: 1.9475172758102417, loss 2: 0.0007764267502352595
client running:54/59, client loss: 2.0589213371276855, loss 1: 1.969409465789795, loss 2: 0.0008951191557571292
client running:55/59, client loss: 2.02256178855896, loss 1: 1.930472731590271, loss 2: 0.0009208910632878542
client running:56/59, client loss: 2.017030954360962, loss 1: 1.9374284744262695, loss 2: 0.0007960237562656403
client running:57/59, client loss: 2.0080208778381348, loss 1: 1.9238394498825073, loss 2: 0.0008418140932917595
client running:58/59, client loss: 2.0414562225341797, loss 1: 1.965377926826477, loss 2: 0.0007607836159877479
server loss: tensor([[0.8286, 0.7470, 0.7293, 0.7516, 0.7710, 0.6951, 0.7668, 0.7253],
        [0.7817, 0.9517, 0.7543, 0.7134, 0.8069, 0.6873, 0.7889, 0.7664],
        [0.7546, 0.7613, 0.8350, 0.7220, 0.7622, 0.7024, 0.7801, 0.7644],
        [0.6925, 0.6906, 0.6857, 0.8612, 0.7333, 0.6357, 0.6887, 0.7101],
        [0.7385, 0.7728, 0.7481, 0.7461, 0.9758, 0.6891, 0.7626, 0.7485],
        [0.6919, 0.7127, 0.7062, 0.7195, 0.7347, 0.8552, 0.7089, 0.6811],
        [0.7802, 0.7721, 0.7920, 0.7107, 0.7689, 0.6947, 0.9219, 0.7914],
        [0.7275, 0.7367, 0.7487, 0.7452, 0.7726, 0.6586, 0.7648, 0.8452]],
       device='cuda:0')
client running:0/59, client loss: 2.0559334754943848, loss 1: 1.9530632495880127, loss 2: 0.001028702245093882
client running:1/59, client loss: 2.015446901321411, loss 1: 1.9464157819747925, loss 2: 0.0006903100875206292
client running:2/59, client loss: 2.019282579421997, loss 1: 1.937230110168457, loss 2: 0.0008205258054658771
client running:3/59, client loss: 2.0432496070861816, loss 1: 1.9555130004882812, loss 2: 0.0008773671579547226
client running:4/59, client loss: 2.0242176055908203, loss 1: 1.933329463005066, loss 2: 0.0009088811348192394
client running:5/59, client loss: 2.039735794067383, loss 1: 1.9586350917816162, loss 2: 0.000811007572337985
client running:6/59, client loss: 2.033210039138794, loss 1: 1.9430181980133057, loss 2: 0.0009019187418743968
client running:7/59, client loss: 2.0684750080108643, loss 1: 1.9526339769363403, loss 2: 0.0011584098683670163
client running:8/59, client loss: 2.0402519702911377, loss 1: 1.953932523727417, loss 2: 0.0008631949312984943
client running:9/59, client loss: 2.0728137493133545, loss 1: 1.9629857540130615, loss 2: 0.0010982808889821172
client running:10/59, client loss: 2.0636656284332275, loss 1: 1.9636919498443604, loss 2: 0.0009997370652854443
client running:11/59, client loss: 2.0608503818511963, loss 1: 1.9512592554092407, loss 2: 0.0010959121864289045
client running:12/59, client loss: 2.077397584915161, loss 1: 1.9558144807815552, loss 2: 0.0012158309109508991
client running:13/59, client loss: 2.0897977352142334, loss 1: 1.9488459825515747, loss 2: 0.0014095166698098183
client running:14/59, client loss: 2.028013229370117, loss 1: 1.9470025300979614, loss 2: 0.0008101079147309065
client running:15/59, client loss: 2.057504653930664, loss 1: 1.9321348667144775, loss 2: 0.0012536977883428335
client running:16/59, client loss: 2.039301633834839, loss 1: 1.9281467199325562, loss 2: 0.0011115502566099167
client running:17/59, client loss: 2.034811496734619, loss 1: 1.9403564929962158, loss 2: 0.0009445501491427422
client running:18/59, client loss: 2.0290040969848633, loss 1: 1.9604082107543945, loss 2: 0.0006859586574137211
client running:19/59, client loss: 2.038086175918579, loss 1: 1.9446285963058472, loss 2: 0.0009345755679532886
client running:20/59, client loss: 2.0530025959014893, loss 1: 1.9550658464431763, loss 2: 0.0009793681092560291
client running:21/59, client loss: 2.026423215866089, loss 1: 1.9593427181243896, loss 2: 0.0006708053406327963
client running:22/59, client loss: 2.066049575805664, loss 1: 1.9440346956253052, loss 2: 0.0012201475910842419
client running:23/59, client loss: 2.043865919113159, loss 1: 1.9568496942520142, loss 2: 0.000870163319632411
client running:24/59, client loss: 2.0451018810272217, loss 1: 1.953875184059143, loss 2: 0.0009122666670009494
client running:25/59, client loss: 2.039551258087158, loss 1: 1.9547654390335083, loss 2: 0.0008478588424623013
client running:26/59, client loss: 2.0281577110290527, loss 1: 1.9457876682281494, loss 2: 0.0008237003930844367
client running:27/59, client loss: 2.043112277984619, loss 1: 1.930135726928711, loss 2: 0.0011297666933387518
client running:28/59, client loss: 2.0111279487609863, loss 1: 1.9416674375534058, loss 2: 0.0006946041830815375
client running:29/59, client loss: 2.005108594894409, loss 1: 1.9357339143753052, loss 2: 0.0006937456782907248
client running:30/59, client loss: 2.004376173019409, loss 1: 1.93195641040802, loss 2: 0.0007241982384584844
client running:31/59, client loss: 2.0531067848205566, loss 1: 1.96142578125, loss 2: 0.0009168105898424983
client running:32/59, client loss: 2.0722813606262207, loss 1: 1.9429562091827393, loss 2: 0.0012932522222399712
client running:33/59, client loss: 2.0254104137420654, loss 1: 1.9414798021316528, loss 2: 0.0008393058669753373
client running:34/59, client loss: 2.065823793411255, loss 1: 1.9531528949737549, loss 2: 0.0011267097434028983
client running:35/59, client loss: 2.029771327972412, loss 1: 1.9360296726226807, loss 2: 0.0009374165092594922
client running:36/59, client loss: 2.05352520942688, loss 1: 1.9668304920196533, loss 2: 0.0008669478120282292
client running:37/59, client loss: 2.031508684158325, loss 1: 1.9447966814041138, loss 2: 0.0008671205723658204
client running:38/59, client loss: 2.026796340942383, loss 1: 1.9372965097427368, loss 2: 0.0008949973271228373
client running:39/59, client loss: 2.0472755432128906, loss 1: 1.9516383409500122, loss 2: 0.0009563720668666065
client running:40/59, client loss: 2.0498902797698975, loss 1: 1.9613901376724243, loss 2: 0.0008850023150444031
client running:41/59, client loss: 2.0432915687561035, loss 1: 1.9403772354125977, loss 2: 0.0010291440412402153
client running:42/59, client loss: 2.028268575668335, loss 1: 1.9501817226409912, loss 2: 0.0007808684604242444
client running:43/59, client loss: 2.037088394165039, loss 1: 1.9404910802841187, loss 2: 0.0009659734787419438
client running:44/59, client loss: 2.0291383266448975, loss 1: 1.9382959604263306, loss 2: 0.0009084234479814768
client running:45/59, client loss: 2.039708137512207, loss 1: 1.966012716293335, loss 2: 0.0007369550876319408
client running:46/59, client loss: 2.03981614112854, loss 1: 1.9456098079681396, loss 2: 0.000942063401453197
client running:47/59, client loss: 2.0277955532073975, loss 1: 1.945288896560669, loss 2: 0.0008250654209405184
client running:48/59, client loss: 2.045623302459717, loss 1: 1.9440391063690186, loss 2: 0.0010158417280763388
client running:49/59, client loss: 2.0190935134887695, loss 1: 1.9400370121002197, loss 2: 0.0007905659731477499
client running:50/59, client loss: 2.049299716949463, loss 1: 1.9567174911499023, loss 2: 0.0009258220670744777
client running:51/59, client loss: 2.030165672302246, loss 1: 1.9410544633865356, loss 2: 0.000891111558303237
client running:52/59, client loss: 2.039494514465332, loss 1: 1.9399473667144775, loss 2: 0.0009954723063856363
client running:53/59, client loss: 2.0801870822906494, loss 1: 1.941832423210144, loss 2: 0.0013835460413247347
client running:54/59, client loss: 2.006481409072876, loss 1: 1.933578372001648, loss 2: 0.000729030929505825
client running:55/59, client loss: 2.0327558517456055, loss 1: 1.9492077827453613, loss 2: 0.0008354815654456615
client running:56/59, client loss: 2.0166492462158203, loss 1: 1.9389244318008423, loss 2: 0.0007772488752380013
client running:57/59, client loss: 2.0334181785583496, loss 1: 1.9524623155593872, loss 2: 0.0008095591329038143
client running:58/59, client loss: 2.0471794605255127, loss 1: 1.9495121240615845, loss 2: 0.0009766730945557356
server loss: tensor([[0.8292, 0.6856, 0.7213, 0.7612, 0.7347, 0.7139, 0.7576, 0.7434],
        [0.6431, 0.8744, 0.7598, 0.7354, 0.7110, 0.6935, 0.6981, 0.7208],
        [0.6873, 0.6873, 0.9403, 0.7557, 0.7235, 0.7344, 0.7284, 0.7965],
        [0.6845, 0.6480, 0.7484, 0.9598, 0.7410, 0.7543, 0.7539, 0.7599],
        [0.6584, 0.6946, 0.7465, 0.7791, 0.9342, 0.7034, 0.7697, 0.7158],
        [0.6715, 0.6885, 0.7834, 0.8173, 0.7062, 0.9018, 0.7302, 0.7661],
        [0.6938, 0.6857, 0.7674, 0.7941, 0.7620, 0.7446, 0.9046, 0.7787],
        [0.6707, 0.7130, 0.8109, 0.7794, 0.7223, 0.7709, 0.7422, 0.9011]],
       device='cuda:0')
client running:0/59, client loss: 2.0178656578063965, loss 1: 1.9547858238220215, loss 2: 0.0006307977018877864
client running:1/59, client loss: 2.0253522396087646, loss 1: 1.926230788230896, loss 2: 0.000991215230897069
client running:2/59, client loss: 2.0406057834625244, loss 1: 1.9530301094055176, loss 2: 0.0008757569594308734
client running:3/59, client loss: 2.04826021194458, loss 1: 1.9460461139678955, loss 2: 0.001022140495479107
client running:4/59, client loss: 2.058184862136841, loss 1: 1.948915958404541, loss 2: 0.0010926887625828385
client running:5/59, client loss: 2.033561944961548, loss 1: 1.9489123821258545, loss 2: 0.0008464952697977424
client running:6/59, client loss: 2.049057722091675, loss 1: 1.9563499689102173, loss 2: 0.0009270769078284502
client running:7/59, client loss: 2.0430145263671875, loss 1: 1.9462755918502808, loss 2: 0.0009673891472630203
client running:8/59, client loss: 2.0221481323242188, loss 1: 1.9510811567306519, loss 2: 0.0007106697303242981
client running:9/59, client loss: 2.0689404010772705, loss 1: 1.9679397344589233, loss 2: 0.0010100062936544418
client running:10/59, client loss: 2.0599825382232666, loss 1: 1.9490008354187012, loss 2: 0.0011098168324679136
client running:11/59, client loss: 2.027926445007324, loss 1: 1.9441440105438232, loss 2: 0.000837824831251055
client running:12/59, client loss: 2.0460994243621826, loss 1: 1.9395712614059448, loss 2: 0.001065281219780445
client running:13/59, client loss: 2.0630693435668945, loss 1: 1.9515883922576904, loss 2: 0.0011148096527904272
client running:14/59, client loss: 2.0373857021331787, loss 1: 1.9576036930084229, loss 2: 0.0007978201610967517
client running:15/59, client loss: 2.0429279804229736, loss 1: 1.9486480951309204, loss 2: 0.0009427990298718214
client running:16/59, client loss: 2.0497453212738037, loss 1: 1.9503997564315796, loss 2: 0.0009934548288583755
client running:17/59, client loss: 1.992855429649353, loss 1: 1.9396759271621704, loss 2: 0.0005317949689924717
client running:18/59, client loss: 2.023562431335449, loss 1: 1.9463474750518799, loss 2: 0.0007721504662185907
client running:19/59, client loss: 2.028651237487793, loss 1: 1.929384708404541, loss 2: 0.0009926663478836417
client running:20/59, client loss: 2.023808479309082, loss 1: 1.9418838024139404, loss 2: 0.0008192479726858437
client running:21/59, client loss: 2.016880750656128, loss 1: 1.9469194412231445, loss 2: 0.0006996138254180551
client running:22/59, client loss: 2.081444263458252, loss 1: 1.959153413772583, loss 2: 0.0012229079147800803
client running:23/59, client loss: 2.027815818786621, loss 1: 1.9388227462768555, loss 2: 0.0008899307576939464
client running:24/59, client loss: 2.048018217086792, loss 1: 1.9560413360595703, loss 2: 0.0009197678882628679
client running:25/59, client loss: 2.0922036170959473, loss 1: 1.9730606079101562, loss 2: 0.0011914311908185482
client running:26/59, client loss: 2.074756622314453, loss 1: 1.9406007528305054, loss 2: 0.0013415575958788395
client running:27/59, client loss: 2.0213942527770996, loss 1: 1.9582135677337646, loss 2: 0.000631806964520365
client running:28/59, client loss: 2.0200400352478027, loss 1: 1.9275310039520264, loss 2: 0.0009250905713997781
client running:29/59, client loss: 2.035163164138794, loss 1: 1.9595030546188354, loss 2: 0.0007566011045128107
client running:30/59, client loss: 2.0425705909729004, loss 1: 1.9349819421768188, loss 2: 0.0010758861899375916
client running:31/59, client loss: 2.044074058532715, loss 1: 1.9569495916366577, loss 2: 0.0008712441776879132
client running:32/59, client loss: 2.065716505050659, loss 1: 1.9390335083007812, loss 2: 0.0012668307172134519
client running:33/59, client loss: 2.085341691970825, loss 1: 1.9551585912704468, loss 2: 0.0013018313329666853
client running:34/59, client loss: 2.030489683151245, loss 1: 1.937249779701233, loss 2: 0.000932399183511734
client running:35/59, client loss: 2.031656265258789, loss 1: 1.9398281574249268, loss 2: 0.0009182814974337816
client running:36/59, client loss: 2.0252437591552734, loss 1: 1.944217324256897, loss 2: 0.0008102640276774764
client running:37/59, client loss: 2.0178539752960205, loss 1: 1.9334797859191895, loss 2: 0.000843742280267179
client running:38/59, client loss: 2.0284230709075928, loss 1: 1.946914792060852, loss 2: 0.0008150819921866059
client running:39/59, client loss: 2.0360167026519775, loss 1: 1.935339093208313, loss 2: 0.0010067769326269627
client running:40/59, client loss: 2.0280380249023438, loss 1: 1.9558647871017456, loss 2: 0.0007217334350571036
client running:41/59, client loss: 2.0112059116363525, loss 1: 1.9555399417877197, loss 2: 0.0005566604086197913
client running:42/59, client loss: 2.09322452545166, loss 1: 1.963854193687439, loss 2: 0.0012937034480273724
client running:43/59, client loss: 2.015310049057007, loss 1: 1.9557111263275146, loss 2: 0.000595989404246211
client running:44/59, client loss: 2.031984806060791, loss 1: 1.9520702362060547, loss 2: 0.0007991467136889696
client running:45/59, client loss: 2.0538127422332764, loss 1: 1.9433834552764893, loss 2: 0.0011042936239391565
client running:46/59, client loss: 2.0370113849639893, loss 1: 1.9721665382385254, loss 2: 0.0006484494660981
client running:47/59, client loss: 2.0174574851989746, loss 1: 1.9461984634399414, loss 2: 0.0007125898264348507
client running:48/59, client loss: 2.0429279804229736, loss 1: 1.9619728326797485, loss 2: 0.000809550634585321
client running:49/59, client loss: 2.0637803077697754, loss 1: 1.9448575973510742, loss 2: 0.0011892272159457207
client running:50/59, client loss: 2.0296802520751953, loss 1: 1.9397388696670532, loss 2: 0.0008994128438644111
client running:51/59, client loss: 2.0690441131591797, loss 1: 1.9546360969543457, loss 2: 0.0011440807720646262
client running:52/59, client loss: 2.0306718349456787, loss 1: 1.9460387229919434, loss 2: 0.0008463321719318628
client running:53/59, client loss: 2.0092098712921143, loss 1: 1.9292418956756592, loss 2: 0.0007996790809556842
client running:54/59, client loss: 2.0410854816436768, loss 1: 1.9619394540786743, loss 2: 0.0007914605084806681
client running:55/59, client loss: 2.0495858192443848, loss 1: 1.9610066413879395, loss 2: 0.0008857914945110679
client running:56/59, client loss: 2.024604320526123, loss 1: 1.9406487941741943, loss 2: 0.0008395561017096043
client running:57/59, client loss: 2.0415892601013184, loss 1: 1.951849341392517, loss 2: 0.0008974000811576843
client running:58/59, client loss: 2.0166850090026855, loss 1: 1.953761339187622, loss 2: 0.0006292358739301562
server loss: tensor([[0.9387, 0.7122, 0.7466, 0.7984, 0.7091, 0.7983, 0.7128, 0.7899],
        [0.7585, 0.9210, 0.7546, 0.7424, 0.6658, 0.7487, 0.7539, 0.7100],
        [0.7891, 0.7376, 0.9233, 0.7600, 0.6904, 0.7923, 0.7180, 0.7830],
        [0.8061, 0.7340, 0.7528, 0.8629, 0.7224, 0.7881, 0.7445, 0.7630],
        [0.7292, 0.6792, 0.7223, 0.6928, 0.8258, 0.7261, 0.7009, 0.7206],
        [0.7867, 0.7315, 0.7519, 0.7647, 0.6830, 0.9352, 0.7017, 0.7828],
        [0.7141, 0.7467, 0.7044, 0.7186, 0.6769, 0.7429, 0.8656, 0.6896],
        [0.7813, 0.7115, 0.7312, 0.7594, 0.6796, 0.8064, 0.6814, 0.9681]],
       device='cuda:0')
client running:0/59, client loss: 2.0379111766815186, loss 1: 1.9540293216705322, loss 2: 0.0008388194837607443
client running:1/59, client loss: 2.0603597164154053, loss 1: 1.9573922157287598, loss 2: 0.0010296759428456426
client running:2/59, client loss: 2.05716872215271, loss 1: 1.9435268640518188, loss 2: 0.0011364186648279428
client running:3/59, client loss: 2.06252384185791, loss 1: 1.9597034454345703, loss 2: 0.0010282028233632445
client running:4/59, client loss: 2.032337188720703, loss 1: 1.9520388841629028, loss 2: 0.0008029838791117072
client running:5/59, client loss: 2.045660972595215, loss 1: 1.9459391832351685, loss 2: 0.0009972171392291784
client running:6/59, client loss: 2.0323033332824707, loss 1: 1.935180425643921, loss 2: 0.0009712296305224299
client running:7/59, client loss: 2.054924249649048, loss 1: 1.9649560451507568, loss 2: 0.0008996831020340323
client running:8/59, client loss: 2.04829478263855, loss 1: 1.945322036743164, loss 2: 0.001029726816341281
client running:9/59, client loss: 2.0158631801605225, loss 1: 1.9531303644180298, loss 2: 0.0006273279432207346
client running:10/59, client loss: 2.08182430267334, loss 1: 1.9413299560546875, loss 2: 0.0014049424789845943
client running:11/59, client loss: 2.040468215942383, loss 1: 1.939866304397583, loss 2: 0.0010060195345431566
client running:12/59, client loss: 2.025063991546631, loss 1: 1.9583866596221924, loss 2: 0.0006667726556770504
client running:13/59, client loss: 2.0710530281066895, loss 1: 1.9615023136138916, loss 2: 0.0010955070611089468
client running:14/59, client loss: 2.0453457832336426, loss 1: 1.96285879611969, loss 2: 0.000824869959615171
client running:15/59, client loss: 2.033395290374756, loss 1: 1.9556370973587036, loss 2: 0.0007775812991894782
client running:16/59, client loss: 2.052546739578247, loss 1: 1.9532217979431152, loss 2: 0.0009932499378919601
client running:17/59, client loss: 2.0347652435302734, loss 1: 1.9334619045257568, loss 2: 0.0010130340233445168
client running:18/59, client loss: 2.0371971130371094, loss 1: 1.9514553546905518, loss 2: 0.000857417588122189
client running:19/59, client loss: 2.074740409851074, loss 1: 1.9619193077087402, loss 2: 0.001128209987655282
client running:20/59, client loss: 2.058326482772827, loss 1: 1.968230128288269, loss 2: 0.0009009632049128413
client running:21/59, client loss: 2.047769546508789, loss 1: 1.9319781064987183, loss 2: 0.00115791370626539
client running:22/59, client loss: 2.0879714488983154, loss 1: 1.9482448101043701, loss 2: 0.001397266867570579
client running:23/59, client loss: 2.061971426010132, loss 1: 1.9488396644592285, loss 2: 0.001131317112594843
client running:24/59, client loss: 2.011925220489502, loss 1: 1.9434336423873901, loss 2: 0.000684914703015238
client running:25/59, client loss: 2.0114402770996094, loss 1: 1.9470633268356323, loss 2: 0.0006437705596908927
client running:26/59, client loss: 2.057401180267334, loss 1: 1.9760534763336182, loss 2: 0.0008134764502756298
client running:27/59, client loss: 2.001316785812378, loss 1: 1.9365053176879883, loss 2: 0.000648114422801882
client running:28/59, client loss: 2.0488076210021973, loss 1: 1.9612382650375366, loss 2: 0.0008756924071349204
client running:29/59, client loss: 2.032848596572876, loss 1: 1.963197112083435, loss 2: 0.0006965142674744129
client running:30/59, client loss: 2.0371744632720947, loss 1: 1.9621495008468628, loss 2: 0.0007502496591769159
client running:31/59, client loss: 2.045164108276367, loss 1: 1.9740248918533325, loss 2: 0.0007113926112651825
client running:32/59, client loss: 2.1588454246520996, loss 1: 1.9776029586791992, loss 2: 0.0018124235793948174
client running:33/59, client loss: 2.0012638568878174, loss 1: 1.932133436203003, loss 2: 0.0006913046236149967
client running:34/59, client loss: 2.0476646423339844, loss 1: 1.96692955493927, loss 2: 0.0008073511999100447
client running:35/59, client loss: 2.0499489307403564, loss 1: 1.9832589626312256, loss 2: 0.0006669007707387209
client running:36/59, client loss: 2.025094509124756, loss 1: 1.949060082435608, loss 2: 0.0007603430422022939
client running:37/59, client loss: 2.009960889816284, loss 1: 1.9434916973114014, loss 2: 0.0006646912079304457
client running:38/59, client loss: 2.054704189300537, loss 1: 1.9504764080047607, loss 2: 0.00104227673728019
client running:39/59, client loss: 2.0531415939331055, loss 1: 1.9569171667099, loss 2: 0.0009622430661693215
client running:40/59, client loss: 2.072157144546509, loss 1: 1.9626855850219727, loss 2: 0.0010947147384285927
client running:41/59, client loss: 2.0054519176483154, loss 1: 1.9345202445983887, loss 2: 0.0007093172753229737
client running:42/59, client loss: 2.0057239532470703, loss 1: 1.9403738975524902, loss 2: 0.0006535004358738661
client running:43/59, client loss: 2.0267341136932373, loss 1: 1.9368488788604736, loss 2: 0.0008988531189970672
client running:44/59, client loss: 2.01668643951416, loss 1: 1.9525786638259888, loss 2: 0.0006410781643353403
client running:45/59, client loss: 1.9966386556625366, loss 1: 1.9248535633087158, loss 2: 0.000717850576620549
client running:46/59, client loss: 2.007993459701538, loss 1: 1.9362998008728027, loss 2: 0.000716937705874443
client running:47/59, client loss: 2.0717177391052246, loss 1: 1.9693591594696045, loss 2: 0.001023585326038301
client running:48/59, client loss: 2.0211238861083984, loss 1: 1.9490793943405151, loss 2: 0.0007204448920674622
client running:49/59, client loss: 2.052633047103882, loss 1: 1.9626330137252808, loss 2: 0.0009000010322779417
client running:50/59, client loss: 2.0290074348449707, loss 1: 1.9271163940429688, loss 2: 0.0010189104359596968
client running:51/59, client loss: 2.0330886840820312, loss 1: 1.937119483947754, loss 2: 0.0009596922900527716
client running:52/59, client loss: 2.020822048187256, loss 1: 1.9487603902816772, loss 2: 0.0007206158479675651
client running:53/59, client loss: 2.01983642578125, loss 1: 1.9416453838348389, loss 2: 0.0007819114835001528
client running:54/59, client loss: 2.008296251296997, loss 1: 1.93739652633667, loss 2: 0.0007089978316798806
client running:55/59, client loss: 2.034560203552246, loss 1: 1.9595288038253784, loss 2: 0.0007503139786422253
client running:56/59, client loss: 2.0415539741516113, loss 1: 1.9456199407577515, loss 2: 0.0009593391441740096
client running:57/59, client loss: 2.0253400802612305, loss 1: 1.9495508670806885, loss 2: 0.0007578922668471932
client running:58/59, client loss: 2.039703369140625, loss 1: 1.9502781629562378, loss 2: 0.0008942530257627368
server loss: tensor([[0.8339, 0.6947, 0.6741, 0.7418, 0.7429, 0.6922, 0.7152, 0.7945],
        [0.7499, 0.8591, 0.7294, 0.7344, 0.7416, 0.7039, 0.7291, 0.7579],
        [0.6803, 0.6933, 0.9042, 0.6728, 0.6968, 0.7100, 0.7115, 0.7018],
        [0.7340, 0.7438, 0.6619, 0.8907, 0.7904, 0.6970, 0.7655, 0.7905],
        [0.7473, 0.7376, 0.6732, 0.7504, 0.9626, 0.7275, 0.7339, 0.7499],
        [0.7175, 0.7069, 0.6667, 0.6656, 0.7283, 0.9490, 0.6913, 0.7231],
        [0.7325, 0.6916, 0.6709, 0.7428, 0.7373, 0.6883, 0.9519, 0.7684],
        [0.7001, 0.6971, 0.6979, 0.7176, 0.6930, 0.6939, 0.7173, 0.8050]],
       device='cuda:0')
server average tensor
client running:0/59, client loss: 2.060878038406372, loss 1: 1.9535434246063232, loss 2: 0.0010733455419540405
client running:1/59, client loss: 2.052834987640381, loss 1: 1.9635876417160034, loss 2: 0.0008924738503992558
client running:2/59, client loss: 2.0719480514526367, loss 1: 1.9447346925735474, loss 2: 0.001272133202292025
client running:3/59, client loss: 2.0830085277557373, loss 1: 1.952864408493042, loss 2: 0.0013014412252232432
client running:4/59, client loss: 2.0091712474823, loss 1: 1.926142930984497, loss 2: 0.0008302831556648016
client running:5/59, client loss: 2.0365402698516846, loss 1: 1.9334546327590942, loss 2: 0.0010308559285476804
client running:6/59, client loss: 2.0459461212158203, loss 1: 1.9320430755615234, loss 2: 0.0011390313738957047
client running:7/59, client loss: 2.040163516998291, loss 1: 1.9444291591644287, loss 2: 0.0009573444840498269
client running:8/59, client loss: 2.027311086654663, loss 1: 1.9535832405090332, loss 2: 0.0007372776744887233
client running:9/59, client loss: 2.049527883529663, loss 1: 1.9334784746170044, loss 2: 0.0011604932369664311
client running:10/59, client loss: 2.0449681282043457, loss 1: 1.9382349252700806, loss 2: 0.0010673324577510357
client running:11/59, client loss: 2.06392765045166, loss 1: 1.9544035196304321, loss 2: 0.0010952409356832504
client running:12/59, client loss: 2.0795278549194336, loss 1: 1.9417699575424194, loss 2: 0.001377579290419817
client running:13/59, client loss: 2.0006651878356934, loss 1: 1.9435337781906128, loss 2: 0.0005713143618777394
client running:14/59, client loss: 2.0329341888427734, loss 1: 1.9598109722137451, loss 2: 0.0007312323432415724
client running:15/59, client loss: 2.041585683822632, loss 1: 1.9468269348144531, loss 2: 0.0009475884726271033
client running:16/59, client loss: 2.044814109802246, loss 1: 1.9414290189743042, loss 2: 0.001033850945532322
client running:17/59, client loss: 2.0930628776550293, loss 1: 1.9649200439453125, loss 2: 0.0012814291985705495
client running:18/59, client loss: 2.0934903621673584, loss 1: 1.9481234550476074, loss 2: 0.0014536683447659016
client running:19/59, client loss: 2.0476880073547363, loss 1: 1.9348764419555664, loss 2: 0.0011281163897365332
client running:20/59, client loss: 2.0381054878234863, loss 1: 1.9562467336654663, loss 2: 0.0008185866754502058
client running:21/59, client loss: 2.0371131896972656, loss 1: 1.9574540853500366, loss 2: 0.0007965919794514775
client running:22/59, client loss: 2.0507471561431885, loss 1: 1.9460082054138184, loss 2: 0.001047390280291438
client running:23/59, client loss: 2.0143699645996094, loss 1: 1.943789005279541, loss 2: 0.0007058093906380236
client running:24/59, client loss: 2.0195820331573486, loss 1: 1.9386931657791138, loss 2: 0.000808887998573482
client running:25/59, client loss: 2.0437557697296143, loss 1: 1.9376261234283447, loss 2: 0.00106129702180624
client running:26/59, client loss: 2.034891128540039, loss 1: 1.9373018741607666, loss 2: 0.0009758926462382078
client running:27/59, client loss: 2.0317604541778564, loss 1: 1.9378244876861572, loss 2: 0.0009393591899424791
client running:28/59, client loss: 2.037903308868408, loss 1: 1.9461512565612793, loss 2: 0.0009175200830213726
client running:29/59, client loss: 2.0135772228240967, loss 1: 1.9252426624298096, loss 2: 0.0008833463652990758
client running:30/59, client loss: 2.074272871017456, loss 1: 1.9526537656784058, loss 2: 0.001216190168634057
client running:31/59, client loss: 2.0438966751098633, loss 1: 1.9593312740325928, loss 2: 0.0008456538198515773
client running:32/59, client loss: 2.0404133796691895, loss 1: 1.9469151496887207, loss 2: 0.0009349819738417864
client running:33/59, client loss: 2.039644718170166, loss 1: 1.9467490911483765, loss 2: 0.0009289562003687024
client running:34/59, client loss: 2.0199484825134277, loss 1: 1.926707148551941, loss 2: 0.0009324137936346233
client running:35/59, client loss: 2.0387368202209473, loss 1: 1.957809329032898, loss 2: 0.0008092738571576774
client running:36/59, client loss: 2.054816722869873, loss 1: 1.9546985626220703, loss 2: 0.0010011827107518911
client running:37/59, client loss: 2.060455560684204, loss 1: 1.9583301544189453, loss 2: 0.0010212548077106476
client running:38/59, client loss: 2.0160279273986816, loss 1: 1.934605360031128, loss 2: 0.0008142248261719942
client running:39/59, client loss: 2.0377087593078613, loss 1: 1.9566432237625122, loss 2: 0.000810655765235424
client running:40/59, client loss: 2.020845413208008, loss 1: 1.934557557106018, loss 2: 0.0008628781652078032
client running:41/59, client loss: 2.0663397312164307, loss 1: 1.942857027053833, loss 2: 0.001234827795997262
client running:42/59, client loss: 2.0381674766540527, loss 1: 1.9456262588500977, loss 2: 0.0009254123433493078
client running:43/59, client loss: 2.003948211669922, loss 1: 1.9338499307632446, loss 2: 0.000700982753187418
client running:44/59, client loss: 2.0051474571228027, loss 1: 1.9410858154296875, loss 2: 0.0006406167522072792
client running:45/59, client loss: 2.0338337421417236, loss 1: 1.9453697204589844, loss 2: 0.0008846410783007741
client running:46/59, client loss: 2.041255474090576, loss 1: 1.954713225364685, loss 2: 0.0008654214325360954
client running:47/59, client loss: 2.0320019721984863, loss 1: 1.9168457984924316, loss 2: 0.0011515606893226504
client running:48/59, client loss: 2.0522689819335938, loss 1: 1.9585105180740356, loss 2: 0.0009375838562846184
client running:49/59, client loss: 2.0445196628570557, loss 1: 1.944704294204712, loss 2: 0.0009981533512473106
client running:50/59, client loss: 2.014829397201538, loss 1: 1.9342460632324219, loss 2: 0.0008058333769440651
client running:51/59, client loss: 2.0316267013549805, loss 1: 1.945034384727478, loss 2: 0.0008659228915348649
client running:52/59, client loss: 2.0160093307495117, loss 1: 1.9358325004577637, loss 2: 0.000801769201643765
client running:53/59, client loss: 2.0170297622680664, loss 1: 1.9522212743759155, loss 2: 0.0006480842130258679
client running:54/59, client loss: 2.027639150619507, loss 1: 1.9382624626159668, loss 2: 0.0008937673410400748
client running:55/59, client loss: 2.0261189937591553, loss 1: 1.930039644241333, loss 2: 0.000960793811827898
client running:56/59, client loss: 2.0412757396698, loss 1: 1.9406284093856812, loss 2: 0.0010064737871289253
client running:57/59, client loss: 2.0133581161499023, loss 1: 1.946000337600708, loss 2: 0.0006735777715221047
client running:58/59, client loss: 2.046447515487671, loss 1: 1.9659593105316162, loss 2: 0.0008048826130107045
server loss: tensor([[0.9124, 0.7261, 0.7654, 0.8292, 0.7810, 0.7417, 0.8135, 0.6788],
        [0.7271, 0.9133, 0.7274, 0.7525, 0.7253, 0.7820, 0.7499, 0.7710],
        [0.7750, 0.7512, 0.9242, 0.7859, 0.7513, 0.7681, 0.7771, 0.7165],
        [0.7936, 0.7274, 0.7761, 0.9289, 0.7980, 0.7581, 0.7904, 0.7258],
        [0.7423, 0.7082, 0.6883, 0.7780, 0.8867, 0.7136, 0.7610, 0.6703],
        [0.6868, 0.7542, 0.6969, 0.6935, 0.7293, 0.8520, 0.7074, 0.7753],
        [0.7827, 0.7130, 0.7351, 0.7881, 0.7847, 0.7427, 0.9264, 0.7026],
        [0.7285, 0.7317, 0.7162, 0.7286, 0.7251, 0.7981, 0.7426, 0.8920]],
       device='cuda:0')
client running:0/59, client loss: 2.082688093185425, loss 1: 1.9496917724609375, loss 2: 0.0013299636775627732
client running:1/59, client loss: 2.023442268371582, loss 1: 1.9318348169326782, loss 2: 0.000916073564440012
client running:2/59, client loss: 2.043148994445801, loss 1: 1.9398081302642822, loss 2: 0.001033407635986805
client running:3/59, client loss: 2.0540318489074707, loss 1: 1.9451758861541748, loss 2: 0.0010885600931942463
client running:4/59, client loss: 2.0477633476257324, loss 1: 1.938372015953064, loss 2: 0.0010939138010144234
client running:5/59, client loss: 2.0342609882354736, loss 1: 1.951873779296875, loss 2: 0.0008238726295530796
client running:6/59, client loss: 2.047351598739624, loss 1: 1.9483994245529175, loss 2: 0.0009895219700410962
client running:7/59, client loss: 2.0290560722351074, loss 1: 1.9490712881088257, loss 2: 0.0007998478831723332
client running:8/59, client loss: 2.034076452255249, loss 1: 1.9417681694030762, loss 2: 0.0009230835130438209
client running:9/59, client loss: 2.0633649826049805, loss 1: 1.9564217329025269, loss 2: 0.001069431658834219
client running:10/59, client loss: 2.015707492828369, loss 1: 1.9388195276260376, loss 2: 0.0007688791956752539
client running:11/59, client loss: 2.01741361618042, loss 1: 1.9371020793914795, loss 2: 0.0008031143806874752
client running:12/59, client loss: 1.9985361099243164, loss 1: 1.9539053440093994, loss 2: 0.0004463076184038073
client running:13/59, client loss: 2.0474770069122314, loss 1: 1.9281195402145386, loss 2: 0.0011935746297240257
client running:14/59, client loss: 2.047940254211426, loss 1: 1.971384048461914, loss 2: 0.0007655621157027781
client running:15/59, client loss: 2.1284866333007812, loss 1: 1.955870270729065, loss 2: 0.0017261633183807135
client running:16/59, client loss: 2.0255191326141357, loss 1: 1.9695590734481812, loss 2: 0.0005595998372882605
client running:17/59, client loss: 2.025676727294922, loss 1: 1.9528447389602661, loss 2: 0.0007283209706656635
client running:18/59, client loss: 2.028500556945801, loss 1: 1.9609529972076416, loss 2: 0.000675475865136832
client running:19/59, client loss: 2.0142858028411865, loss 1: 1.9324370622634888, loss 2: 0.0008184870821423829
client running:20/59, client loss: 2.047562599182129, loss 1: 1.9637064933776855, loss 2: 0.0008385610999539495
client running:21/59, client loss: 2.061619281768799, loss 1: 1.9468305110931396, loss 2: 0.0011478865053504705
client running:22/59, client loss: 2.008613109588623, loss 1: 1.9241818189620972, loss 2: 0.0008443141123279929
client running:23/59, client loss: 2.0227746963500977, loss 1: 1.9407751560211182, loss 2: 0.0008199956500902772
client running:24/59, client loss: 2.056516408920288, loss 1: 1.9652597904205322, loss 2: 0.0009125652723014355
client running:25/59, client loss: 2.0295960903167725, loss 1: 1.9424664974212646, loss 2: 0.0008712952258065343
client running:26/59, client loss: 2.0596814155578613, loss 1: 1.94880211353302, loss 2: 0.0011087930761277676
client running:27/59, client loss: 2.0223517417907715, loss 1: 1.9467566013336182, loss 2: 0.0007559502846561372
client running:28/59, client loss: 2.0271153450012207, loss 1: 1.9476655721664429, loss 2: 0.000794497667811811
client running:29/59, client loss: 2.0413382053375244, loss 1: 1.9408762454986572, loss 2: 0.0010046199895441532
client running:30/59, client loss: 2.0230813026428223, loss 1: 1.9438470602035522, loss 2: 0.0007923433440737426
client running:31/59, client loss: 2.019407033920288, loss 1: 1.9443902969360352, loss 2: 0.0007501677609980106
client running:32/59, client loss: 2.044574022293091, loss 1: 1.9511889219284058, loss 2: 0.000933851464651525
client running:33/59, client loss: 2.028352975845337, loss 1: 1.9310954809188843, loss 2: 0.0009725748095661402
client running:34/59, client loss: 2.020350217819214, loss 1: 1.9385857582092285, loss 2: 0.0008176451665349305
client running:35/59, client loss: 2.078157663345337, loss 1: 1.9495238065719604, loss 2: 0.0012863385491073132
client running:36/59, client loss: 2.0032482147216797, loss 1: 1.9296263456344604, loss 2: 0.0007362175965681672
client running:37/59, client loss: 2.0473406314849854, loss 1: 1.964735507965088, loss 2: 0.0008260522736236453
client running:38/59, client loss: 1.992609977722168, loss 1: 1.9238200187683105, loss 2: 0.0006878999411128461
client running:39/59, client loss: 2.0566649436950684, loss 1: 1.9562766551971436, loss 2: 0.0010038826148957014
client running:40/59, client loss: 2.0339951515197754, loss 1: 1.9382251501083374, loss 2: 0.00095770024927333
client running:41/59, client loss: 2.024353265762329, loss 1: 1.9412943124771118, loss 2: 0.0008305887458845973
client running:42/59, client loss: 2.0320205688476562, loss 1: 1.9623732566833496, loss 2: 0.0006964725907891989
client running:43/59, client loss: 2.0362942218780518, loss 1: 1.9350295066833496, loss 2: 0.0010126468259841204
client running:44/59, client loss: 2.027454376220703, loss 1: 1.9544460773468018, loss 2: 0.000730083032976836
client running:45/59, client loss: 2.0299599170684814, loss 1: 1.9545832872390747, loss 2: 0.0007537654601037502
client running:46/59, client loss: 2.0658159255981445, loss 1: 1.9529445171356201, loss 2: 0.0011287140659987926
client running:47/59, client loss: 2.033076524734497, loss 1: 1.9429887533187866, loss 2: 0.0009008782217279077
client running:48/59, client loss: 2.0056867599487305, loss 1: 1.9388947486877441, loss 2: 0.0006679202779196203
client running:49/59, client loss: 2.0291225910186768, loss 1: 1.941112756729126, loss 2: 0.0008800981449894607
client running:50/59, client loss: 2.0205440521240234, loss 1: 1.9564818143844604, loss 2: 0.0006406218744814396
client running:51/59, client loss: 2.0376126766204834, loss 1: 1.9519469738006592, loss 2: 0.0008566573378629982
client running:52/59, client loss: 2.023617744445801, loss 1: 1.9413974285125732, loss 2: 0.0008222023607231677
client running:53/59, client loss: 1.9930990934371948, loss 1: 1.934601068496704, loss 2: 0.0005849802982993424
client running:54/59, client loss: 2.0249361991882324, loss 1: 1.922499179840088, loss 2: 0.00102437031455338
client running:55/59, client loss: 2.014324903488159, loss 1: 1.9513458013534546, loss 2: 0.0006297911750152707
client running:56/59, client loss: 2.0367772579193115, loss 1: 1.9543406963348389, loss 2: 0.0008243662305176258
client running:57/59, client loss: 2.0210790634155273, loss 1: 1.9471862316131592, loss 2: 0.0007389294914901257
client running:58/59, client loss: 2.058401584625244, loss 1: 1.948020577430725, loss 2: 0.0011038100346922874
server loss: tensor([[0.8824, 0.7226, 0.7533, 0.7294, 0.7454, 0.7537, 0.6797, 0.6450],
        [0.7813, 0.9450, 0.7522, 0.7589, 0.7344, 0.7881, 0.7157, 0.6745],
        [0.7723, 0.7330, 0.9554, 0.7377, 0.7302, 0.7316, 0.7261, 0.7155],
        [0.7675, 0.7039, 0.7273, 0.9276, 0.7474, 0.7681, 0.6850, 0.6800],
        [0.7554, 0.7248, 0.7419, 0.7473, 0.9387, 0.7676, 0.6835, 0.6679],
        [0.7641, 0.7581, 0.7463, 0.7528, 0.7363, 0.9238, 0.7159, 0.6470],
        [0.7282, 0.7075, 0.7340, 0.7848, 0.6897, 0.7493, 0.7865, 0.7089],
        [0.6732, 0.6844, 0.7042, 0.6939, 0.6732, 0.6644, 0.6971, 0.8772]],
       device='cuda:0')
client running:0/59, client loss: 2.0464842319488525, loss 1: 1.9528456926345825, loss 2: 0.000936384778469801
client running:1/59, client loss: 2.0349621772766113, loss 1: 1.9642243385314941, loss 2: 0.0007073774468153715
client running:2/59, client loss: 2.0388128757476807, loss 1: 1.959092140197754, loss 2: 0.000797207816503942
client running:3/59, client loss: 2.0546677112579346, loss 1: 1.9430395364761353, loss 2: 0.0011162826558575034
client running:4/59, client loss: 2.00285267829895, loss 1: 1.9261970520019531, loss 2: 0.0007665567100048065
client running:5/59, client loss: 2.044734477996826, loss 1: 1.947487711906433, loss 2: 0.0009724674746394157
client running:6/59, client loss: 2.0546412467956543, loss 1: 1.955331802368164, loss 2: 0.0009930952219292521
client running:7/59, client loss: 2.059335708618164, loss 1: 1.9366998672485352, loss 2: 0.0012263586977496743
client running:8/59, client loss: 2.0478591918945312, loss 1: 1.9539275169372559, loss 2: 0.0009393179789185524
client running:9/59, client loss: 2.051933765411377, loss 1: 1.9461991786956787, loss 2: 0.001057346467860043
client running:10/59, client loss: 1.994480848312378, loss 1: 1.9146463871002197, loss 2: 0.0007983442628756166
client running:11/59, client loss: 2.041020393371582, loss 1: 1.9515697956085205, loss 2: 0.0008945058798417449
client running:12/59, client loss: 2.031745195388794, loss 1: 1.9526571035385132, loss 2: 0.0007908797706477344
client running:13/59, client loss: 2.031454563140869, loss 1: 1.9446994066238403, loss 2: 0.0008675515418872237
client running:14/59, client loss: 2.0339601039886475, loss 1: 1.9417779445648193, loss 2: 0.0009218218619935215
client running:15/59, client loss: 2.1060850620269775, loss 1: 1.979671835899353, loss 2: 0.001264132559299469
client running:16/59, client loss: 2.045318126678467, loss 1: 1.9541645050048828, loss 2: 0.0009115365683101118
client running:17/59, client loss: 2.0493552684783936, loss 1: 1.9567487239837646, loss 2: 0.000926065375097096
client running:18/59, client loss: 2.048579454421997, loss 1: 1.93912935256958, loss 2: 0.0010945021640509367
client running:19/59, client loss: 2.058013677597046, loss 1: 1.9529778957366943, loss 2: 0.001050357474014163
client running:20/59, client loss: 2.0304739475250244, loss 1: 1.9413081407546997, loss 2: 0.0008916588267311454
client running:21/59, client loss: 2.0205633640289307, loss 1: 1.942166805267334, loss 2: 0.0007839651661925018
client running:22/59, client loss: 2.0233752727508545, loss 1: 1.9339890480041504, loss 2: 0.0008938615792430937
client running:23/59, client loss: 2.056540012359619, loss 1: 1.9336148500442505, loss 2: 0.0012292512692511082
client running:24/59, client loss: 2.0266313552856445, loss 1: 1.9327861070632935, loss 2: 0.0009384526638314128
client running:25/59, client loss: 2.020940065383911, loss 1: 1.9528745412826538, loss 2: 0.0006806548335589468
client running:26/59, client loss: 2.0432002544403076, loss 1: 1.9380329847335815, loss 2: 0.0010516727343201637
client running:27/59, client loss: 2.0741422176361084, loss 1: 1.9882478713989258, loss 2: 0.000858943909406662
client running:28/59, client loss: 2.0363292694091797, loss 1: 1.9500395059585571, loss 2: 0.0008628986543044448
client running:29/59, client loss: 2.0371601581573486, loss 1: 1.9563095569610596, loss 2: 0.0008085055742412806
client running:30/59, client loss: 2.03906512260437, loss 1: 1.9423487186431885, loss 2: 0.0009671637089923024
client running:31/59, client loss: 2.090296506881714, loss 1: 1.9570786952972412, loss 2: 0.0013321774313226342
client running:32/59, client loss: 2.025296211242676, loss 1: 1.9548983573913574, loss 2: 0.0007039790507405996
client running:33/59, client loss: 2.0370728969573975, loss 1: 1.930127501487732, loss 2: 0.0010694540105760098
client running:34/59, client loss: 2.0394859313964844, loss 1: 1.9406654834747314, loss 2: 0.0009882054291665554
client running:35/59, client loss: 2.0221073627471924, loss 1: 1.941106915473938, loss 2: 0.0008100040722638369
client running:36/59, client loss: 2.034571647644043, loss 1: 1.9641063213348389, loss 2: 0.000704652164131403
client running:37/59, client loss: 2.0236504077911377, loss 1: 1.9273576736450195, loss 2: 0.0009629264823161066
client running:38/59, client loss: 2.0180046558380127, loss 1: 1.9477651119232178, loss 2: 0.0007023945217952132
client running:39/59, client loss: 2.047814130783081, loss 1: 1.9383927583694458, loss 2: 0.001094213454052806
client running:40/59, client loss: 2.1067333221435547, loss 1: 1.9591113328933716, loss 2: 0.0014762210194021463
client running:41/59, client loss: 2.0158183574676514, loss 1: 1.9271008968353271, loss 2: 0.000887175090610981
client running:42/59, client loss: 2.015446186065674, loss 1: 1.9266220331192017, loss 2: 0.0008882406400516629
client running:43/59, client loss: 2.0327186584472656, loss 1: 1.9368374347686768, loss 2: 0.0009588120738044381
client running:44/59, client loss: 2.026871681213379, loss 1: 1.9536422491073608, loss 2: 0.000732295447960496
client running:45/59, client loss: 2.02262020111084, loss 1: 1.940811038017273, loss 2: 0.0008180923759937286
client running:46/59, client loss: 2.0177652835845947, loss 1: 1.935368537902832, loss 2: 0.0008239682647399604
client running:47/59, client loss: 2.0139787197113037, loss 1: 1.9464309215545654, loss 2: 0.0006754783680662513
client running:48/59, client loss: 2.0033342838287354, loss 1: 1.9497452974319458, loss 2: 0.0005358889466151595
client running:49/59, client loss: 2.031620979309082, loss 1: 1.9477946758270264, loss 2: 0.0008382637752220035
client running:50/59, client loss: 2.021399974822998, loss 1: 1.9440504312515259, loss 2: 0.0007734961109235883
client running:51/59, client loss: 1.9872114658355713, loss 1: 1.9424545764923096, loss 2: 0.00044756924035027623
client running:52/59, client loss: 2.0158605575561523, loss 1: 1.9336316585540771, loss 2: 0.0008222897886298597
client running:53/59, client loss: 1.9958337545394897, loss 1: 1.9397281408309937, loss 2: 0.0005610556108877063
client running:54/59, client loss: 2.0250391960144043, loss 1: 1.9385390281677246, loss 2: 0.000865001289639622
client running:55/59, client loss: 1.9965437650680542, loss 1: 1.9228535890579224, loss 2: 0.0007369022350758314
client running:56/59, client loss: 1.994582176208496, loss 1: 1.9279288053512573, loss 2: 0.0006665334803983569
client running:57/59, client loss: 2.0234265327453613, loss 1: 1.93401038646698, loss 2: 0.0008941611740738153
client running:58/59, client loss: 2.017106533050537, loss 1: 1.935110092163086, loss 2: 0.0008199641015380621
server loss: tensor([[0.8780, 0.6257, 0.6787, 0.6895, 0.7027, 0.6857, 0.6918, 0.6852],
        [0.6672, 0.8286, 0.7852, 0.7722, 0.7192, 0.7444, 0.7585, 0.7119],
        [0.6782, 0.7823, 0.9050, 0.7955, 0.7291, 0.7573, 0.7469, 0.7125],
        [0.6744, 0.7220, 0.7548, 0.9390, 0.7509, 0.7663, 0.7926, 0.7758],
        [0.7017, 0.7071, 0.6966, 0.7627, 0.9496, 0.7469, 0.7604, 0.7436],
        [0.6923, 0.7010, 0.7312, 0.7578, 0.7259, 0.9792, 0.7484, 0.7203],
        [0.6810, 0.6907, 0.7233, 0.7717, 0.7467, 0.7268, 0.9599, 0.7330],
        [0.6834, 0.6807, 0.7081, 0.7695, 0.7483, 0.7304, 0.7426, 0.9601]],
       device='cuda:0')
client running:0/59, client loss: 2.0806381702423096, loss 1: 1.9472424983978271, loss 2: 0.0013339577708393335
client running:1/59, client loss: 2.0558359622955322, loss 1: 1.9384334087371826, loss 2: 0.0011740251211449504
client running:2/59, client loss: 2.0655839443206787, loss 1: 1.9390907287597656, loss 2: 0.00126493233256042
client running:3/59, client loss: 2.0170114040374756, loss 1: 1.9392023086547852, loss 2: 0.0007780906744301319
client running:4/59, client loss: 2.060454845428467, loss 1: 1.9567495584487915, loss 2: 0.0010370520176365972
client running:5/59, client loss: 2.0475893020629883, loss 1: 1.9324523210525513, loss 2: 0.0011513695353642106
client running:6/59, client loss: 2.0131523609161377, loss 1: 1.934654951095581, loss 2: 0.0007849737303331494
client running:7/59, client loss: 2.082723617553711, loss 1: 1.9401854276657104, loss 2: 0.0014253822155296803
client running:8/59, client loss: 2.0134997367858887, loss 1: 1.9265066385269165, loss 2: 0.0008699321188032627
client running:9/59, client loss: 2.065195083618164, loss 1: 1.967245101928711, loss 2: 0.0009794991929084063
client running:10/59, client loss: 2.0739712715148926, loss 1: 1.9514466524124146, loss 2: 0.0012252465821802616
client running:11/59, client loss: 2.022165298461914, loss 1: 1.929589033126831, loss 2: 0.0009257631609216332
client running:12/59, client loss: 2.0595436096191406, loss 1: 1.943013072013855, loss 2: 0.0011653044493868947
client running:13/59, client loss: 2.0538337230682373, loss 1: 1.947556972503662, loss 2: 0.0010627683950588107
client running:14/59, client loss: 2.036557197570801, loss 1: 1.9371556043624878, loss 2: 0.0009940160671249032
client running:15/59, client loss: 2.0218865871429443, loss 1: 1.9554877281188965, loss 2: 0.0006639886414632201
client running:16/59, client loss: 2.043142080307007, loss 1: 1.9524548053741455, loss 2: 0.000906872097402811
client running:17/59, client loss: 2.0510289669036865, loss 1: 1.9414222240447998, loss 2: 0.001096067251637578
client running:18/59, client loss: 2.074854850769043, loss 1: 1.9513523578643799, loss 2: 0.0012350247707217932
client running:19/59, client loss: 2.08333420753479, loss 1: 1.961037516593933, loss 2: 0.001222966704517603
client running:20/59, client loss: 2.044008493423462, loss 1: 1.9651004076004028, loss 2: 0.00078908063005656
client running:21/59, client loss: 2.077953577041626, loss 1: 1.9541035890579224, loss 2: 0.0012384988367557526
client running:22/59, client loss: 2.01108980178833, loss 1: 1.940609097480774, loss 2: 0.0007048074039630592
client running:23/59, client loss: 2.0210845470428467, loss 1: 1.9456311464309692, loss 2: 0.0007545347325503826
client running:24/59, client loss: 2.0453922748565674, loss 1: 1.9392178058624268, loss 2: 0.0010617447551339865
client running:25/59, client loss: 2.052489757537842, loss 1: 1.9639523029327393, loss 2: 0.0008853746112436056
client running:26/59, client loss: 2.027646064758301, loss 1: 1.9595420360565186, loss 2: 0.000681039527989924
client running:27/59, client loss: 2.0224504470825195, loss 1: 1.9447921514511108, loss 2: 0.0007765820482745767
client running:28/59, client loss: 2.03818416595459, loss 1: 1.9541908502578735, loss 2: 0.0008399325888603926
client running:29/59, client loss: 2.0359160900115967, loss 1: 1.9486072063446045, loss 2: 0.0008730897679924965
client running:30/59, client loss: 2.0387017726898193, loss 1: 1.9375336170196533, loss 2: 0.001011681160889566
client running:31/59, client loss: 2.0497758388519287, loss 1: 1.9530776739120483, loss 2: 0.0009669827995821834
client running:32/59, client loss: 2.040891170501709, loss 1: 1.953304648399353, loss 2: 0.0008758649928495288
client running:33/59, client loss: 2.0571200847625732, loss 1: 1.969583511352539, loss 2: 0.0008753667352721095
client running:34/59, client loss: 2.0512726306915283, loss 1: 1.9350205659866333, loss 2: 0.0011625203769654036
client running:35/59, client loss: 2.0272505283355713, loss 1: 1.959657073020935, loss 2: 0.0006759345415048301
client running:36/59, client loss: 2.037705421447754, loss 1: 1.9638683795928955, loss 2: 0.0007383705815300345
client running:37/59, client loss: 2.0184385776519775, loss 1: 1.928635597229004, loss 2: 0.0008980288985185325
client running:38/59, client loss: 2.0397419929504395, loss 1: 1.941436767578125, loss 2: 0.0009830519556999207
client running:39/59, client loss: 2.032576084136963, loss 1: 1.9545912742614746, loss 2: 0.0007798478472977877
client running:40/59, client loss: 2.0908024311065674, loss 1: 1.962362289428711, loss 2: 0.001284402096644044
client running:41/59, client loss: 2.107614278793335, loss 1: 1.9642189741134644, loss 2: 0.0014339522458612919
client running:42/59, client loss: 2.0247151851654053, loss 1: 1.9364657402038574, loss 2: 0.0008824949618428946
client running:43/59, client loss: 2.0383996963500977, loss 1: 1.969301700592041, loss 2: 0.0006909788935445249
client running:44/59, client loss: 2.004404067993164, loss 1: 1.9332456588745117, loss 2: 0.0007115846965461969
client running:45/59, client loss: 1.9975957870483398, loss 1: 1.9178502559661865, loss 2: 0.0007974550826475024
client running:46/59, client loss: 2.0367794036865234, loss 1: 1.9459398984909058, loss 2: 0.0009083947516046464
client running:47/59, client loss: 2.0172231197357178, loss 1: 1.9372358322143555, loss 2: 0.0007998724468052387
client running:48/59, client loss: 2.007258892059326, loss 1: 1.943834662437439, loss 2: 0.0006342411506921053
client running:49/59, client loss: 2.0406765937805176, loss 1: 1.946336269378662, loss 2: 0.0009434041567146778
client running:50/59, client loss: 2.03031063079834, loss 1: 1.930785059928894, loss 2: 0.000995255308225751
client running:51/59, client loss: 2.0692954063415527, loss 1: 1.9477654695510864, loss 2: 0.0012152993585914373
client running:52/59, client loss: 2.0071070194244385, loss 1: 1.9475650787353516, loss 2: 0.0005954199004918337
client running:53/59, client loss: 2.046109437942505, loss 1: 1.9614392518997192, loss 2: 0.0008467017905786633
client running:54/59, client loss: 2.0195226669311523, loss 1: 1.9337064027786255, loss 2: 0.0008581634610891342
client running:55/59, client loss: 2.0410361289978027, loss 1: 1.9469574689865112, loss 2: 0.0009407870238646865
client running:56/59, client loss: 2.002955198287964, loss 1: 1.93081533908844, loss 2: 0.000721398857422173
client running:57/59, client loss: 2.0068023204803467, loss 1: 1.9489825963974, loss 2: 0.0005781966610811651
client running:58/59, client loss: 2.0650362968444824, loss 1: 1.9543207883834839, loss 2: 0.0011071542976424098
server loss: tensor([[0.9386, 0.7377, 0.7395, 0.7911, 0.7775, 0.7030, 0.7824, 0.7784],
        [0.7640, 0.8844, 0.7983, 0.8018, 0.8086, 0.7532, 0.7759, 0.7095],
        [0.7170, 0.8032, 0.9184, 0.8008, 0.7880, 0.7107, 0.7828, 0.6968],
        [0.7679, 0.7564, 0.7586, 0.9803, 0.7842, 0.7329, 0.7785, 0.7386],
        [0.7763, 0.7557, 0.7690, 0.7868, 0.9628, 0.7280, 0.7860, 0.7133],
        [0.6834, 0.7462, 0.7191, 0.7488, 0.7673, 0.8958, 0.7500, 0.6687],
        [0.7515, 0.7119, 0.7550, 0.7732, 0.7838, 0.7247, 0.9630, 0.7377],
        [0.7912, 0.7124, 0.7172, 0.7587, 0.7495, 0.6949, 0.7758, 0.8622]],
       device='cuda:0')
client running:0/59, client loss: 2.0476932525634766, loss 1: 1.9575989246368408, loss 2: 0.0009009434725157917
client running:1/59, client loss: 2.024205446243286, loss 1: 1.9495391845703125, loss 2: 0.0007466632523573935
client running:2/59, client loss: 2.065977096557617, loss 1: 1.9662940502166748, loss 2: 0.0009968297090381384
client running:3/59, client loss: 2.0663955211639404, loss 1: 1.9432257413864136, loss 2: 0.0012316970387473702
client running:4/59, client loss: 2.094727039337158, loss 1: 1.9572844505310059, loss 2: 0.0013744267635047436
client running:5/59, client loss: 2.099947214126587, loss 1: 1.9575276374816895, loss 2: 0.0014241950120776892
client running:6/59, client loss: 2.032240390777588, loss 1: 1.953497052192688, loss 2: 0.0007874327711760998
client running:7/59, client loss: 2.0520241260528564, loss 1: 1.9749751091003418, loss 2: 0.000770489452406764
client running:8/59, client loss: 2.035810947418213, loss 1: 1.9510337114334106, loss 2: 0.0008477718802168965
client running:9/59, client loss: 2.0187466144561768, loss 1: 1.9380196332931519, loss 2: 0.0008072704076766968
client running:10/59, client loss: 2.0171444416046143, loss 1: 1.9289729595184326, loss 2: 0.0008817139314487576
client running:11/59, client loss: 2.059580087661743, loss 1: 1.9506011009216309, loss 2: 0.001089790603145957
client running:12/59, client loss: 2.00797176361084, loss 1: 1.9401930570602417, loss 2: 0.0006777867674827576
client running:13/59, client loss: 2.057076930999756, loss 1: 1.9405434131622314, loss 2: 0.0011653352994471788
client running:14/59, client loss: 2.0647733211517334, loss 1: 1.9379868507385254, loss 2: 0.001267863786779344
client running:15/59, client loss: 2.05818247795105, loss 1: 1.9395248889923096, loss 2: 0.001186575973406434
client running:16/59, client loss: 2.0378432273864746, loss 1: 1.9598703384399414, loss 2: 0.0007797293365001678
client running:17/59, client loss: 2.031578302383423, loss 1: 1.9465440511703491, loss 2: 0.000850343203637749
client running:18/59, client loss: 2.0761659145355225, loss 1: 1.9644358158111572, loss 2: 0.0011173011735081673
client running:19/59, client loss: 2.0799953937530518, loss 1: 1.9474766254425049, loss 2: 0.0013251875061541796
client running:20/59, client loss: 2.0655226707458496, loss 1: 1.947465419769287, loss 2: 0.001180571736767888
client running:21/59, client loss: 2.078853130340576, loss 1: 1.9588818550109863, loss 2: 0.0011997133260592818
client running:22/59, client loss: 2.0371787548065186, loss 1: 1.9407116174697876, loss 2: 0.0009646706166677177
client running:23/59, client loss: 2.006056308746338, loss 1: 1.9338150024414062, loss 2: 0.0007224135333672166
client running:24/59, client loss: 2.0336694717407227, loss 1: 1.9423985481262207, loss 2: 0.0009127091616392136
client running:25/59, client loss: 2.007166862487793, loss 1: 1.9593908786773682, loss 2: 0.00047775876009836793
client running:26/59, client loss: 2.065124988555908, loss 1: 1.9436862468719482, loss 2: 0.0012143871281296015
client running:27/59, client loss: 2.0535707473754883, loss 1: 1.9425715208053589, loss 2: 0.0011099916882812977
client running:28/59, client loss: 2.0100836753845215, loss 1: 1.9475619792938232, loss 2: 0.0006252164021134377
client running:29/59, client loss: 2.0553510189056396, loss 1: 1.9568113088607788, loss 2: 0.000985397957265377
client running:30/59, client loss: 2.0389556884765625, loss 1: 1.9407358169555664, loss 2: 0.0009821982821449637
client running:31/59, client loss: 2.0370774269104004, loss 1: 1.9519069194793701, loss 2: 0.0008517050300724804
client running:32/59, client loss: 2.0249974727630615, loss 1: 1.9460264444351196, loss 2: 0.0007897103787399828
client running:33/59, client loss: 2.034243583679199, loss 1: 1.9292891025543213, loss 2: 0.0010495451278984547
client running:34/59, client loss: 2.034604787826538, loss 1: 1.9417243003845215, loss 2: 0.0009288055589422584
client running:35/59, client loss: 2.0298311710357666, loss 1: 1.9605249166488647, loss 2: 0.0006930624367669225
client running:36/59, client loss: 2.0688445568084717, loss 1: 1.9469883441925049, loss 2: 0.0012185615487396717
client running:37/59, client loss: 2.0262510776519775, loss 1: 1.9423152208328247, loss 2: 0.0008393590687774122
client running:38/59, client loss: 2.0448694229125977, loss 1: 1.9847562313079834, loss 2: 0.0006011311779730022
client running:39/59, client loss: 2.0711543560028076, loss 1: 1.9596502780914307, loss 2: 0.0011150413192808628
client running:40/59, client loss: 2.0263359546661377, loss 1: 1.9515599012374878, loss 2: 0.0007477601175196469
client running:41/59, client loss: 2.0789995193481445, loss 1: 1.9533655643463135, loss 2: 0.0012563387863337994
client running:42/59, client loss: 2.055328130722046, loss 1: 1.948175072669983, loss 2: 0.001071530394256115
client running:43/59, client loss: 2.0478124618530273, loss 1: 1.9566395282745361, loss 2: 0.0009117283625528216
client running:44/59, client loss: 2.04703426361084, loss 1: 1.9445936679840088, loss 2: 0.0010244071017950773
client running:45/59, client loss: 2.0443115234375, loss 1: 1.9474066495895386, loss 2: 0.0009690480655990541
client running:46/59, client loss: 2.0068395137786865, loss 1: 1.9547346830368042, loss 2: 0.0005210490780882537
client running:47/59, client loss: 2.025225877761841, loss 1: 1.945199966430664, loss 2: 0.0008002584800124168
client running:48/59, client loss: 2.0262258052825928, loss 1: 1.9641207456588745, loss 2: 0.0006210495484992862
client running:49/59, client loss: 2.003891706466675, loss 1: 1.9397448301315308, loss 2: 0.0006414683302864432
client running:50/59, client loss: 2.0342252254486084, loss 1: 1.950966715812683, loss 2: 0.0008325861999765038
client running:51/59, client loss: 2.020125389099121, loss 1: 1.940933346748352, loss 2: 0.0007919206982478499
client running:52/59, client loss: 2.0225517749786377, loss 1: 1.9477895498275757, loss 2: 0.0007476233877241611
client running:53/59, client loss: 2.030529260635376, loss 1: 1.9368553161621094, loss 2: 0.0009367390885017812
client running:54/59, client loss: 2.00954270362854, loss 1: 1.9399750232696533, loss 2: 0.0006956771248951554
client running:55/59, client loss: 2.0473875999450684, loss 1: 1.981908917427063, loss 2: 0.0006547877565026283
client running:56/59, client loss: 2.0287740230560303, loss 1: 1.9329087734222412, loss 2: 0.0009586529340595007
client running:57/59, client loss: 2.0079073905944824, loss 1: 1.928073763847351, loss 2: 0.0007983369869180024
client running:58/59, client loss: 2.0745022296905518, loss 1: 1.967818021774292, loss 2: 0.0010668413015082479
server loss: tensor([[0.7715, 0.6773, 0.7335, 0.6239, 0.7169, 0.6873, 0.6572, 0.7155],
        [0.7598, 0.8794, 0.7289, 0.6416, 0.7809, 0.7439, 0.7525, 0.7424],
        [0.7027, 0.7325, 0.9697, 0.6722, 0.7272, 0.6997, 0.6678, 0.7338],
        [0.7237, 0.7184, 0.7481, 0.7299, 0.7440, 0.7354, 0.7114, 0.7570],
        [0.7241, 0.7364, 0.7194, 0.6780, 0.9453, 0.7667, 0.7270, 0.7826],
        [0.7799, 0.7599, 0.7228, 0.6835, 0.7847, 0.9055, 0.7686, 0.7986],
        [0.7379, 0.7622, 0.6826, 0.6555, 0.7134, 0.7438, 0.9036, 0.7344],
        [0.7262, 0.7096, 0.7143, 0.6739, 0.7561, 0.7385, 0.6992, 0.9402]],
       device='cuda:0')
server average tensor
client running:0/59, client loss: 2.0505104064941406, loss 1: 1.9409887790679932, loss 2: 0.0010952174197882414
client running:1/59, client loss: 2.04327130317688, loss 1: 1.9401421546936035, loss 2: 0.001031291438266635
client running:2/59, client loss: 2.049044609069824, loss 1: 1.9734631776809692, loss 2: 0.0007558146025985479
client running:3/59, client loss: 2.0681800842285156, loss 1: 1.9385602474212646, loss 2: 0.0012961983447894454
client running:4/59, client loss: 2.0258119106292725, loss 1: 1.9162102937698364, loss 2: 0.0010960169602185488
client running:5/59, client loss: 2.074772834777832, loss 1: 1.919181227684021, loss 2: 0.0015559151070192456
client running:6/59, client loss: 2.0844898223876953, loss 1: 1.9529857635498047, loss 2: 0.0013150412123650312
client running:7/59, client loss: 2.042710304260254, loss 1: 1.9507267475128174, loss 2: 0.0009198349434882402
client running:8/59, client loss: 2.0503721237182617, loss 1: 1.9193389415740967, loss 2: 0.0013103315141052008
client running:9/59, client loss: 2.0640618801116943, loss 1: 1.9589594602584839, loss 2: 0.0010510246502235532
client running:10/59, client loss: 2.0774729251861572, loss 1: 1.9355303049087524, loss 2: 0.001419425942003727
client running:11/59, client loss: 2.0491178035736084, loss 1: 1.9466511011123657, loss 2: 0.0010246681049466133
client running:12/59, client loss: 2.00372576713562, loss 1: 1.9298012256622314, loss 2: 0.000739244744181633
client running:13/59, client loss: 2.060889482498169, loss 1: 1.9488525390625, loss 2: 0.0011203691828995943
client running:14/59, client loss: 2.0226824283599854, loss 1: 1.9397320747375488, loss 2: 0.0008295033476315439
client running:15/59, client loss: 2.0680313110351562, loss 1: 1.9521702527999878, loss 2: 0.0011586097534745932
client running:16/59, client loss: 2.0405123233795166, loss 1: 1.9295542240142822, loss 2: 0.0011095806257799268
client running:17/59, client loss: 2.0768203735351562, loss 1: 1.957332730293274, loss 2: 0.0011948756873607635
client running:18/59, client loss: 2.0445308685302734, loss 1: 1.9339439868927002, loss 2: 0.0011058696545660496
client running:19/59, client loss: 2.032942056655884, loss 1: 1.953230857849121, loss 2: 0.0007971113082021475
client running:20/59, client loss: 2.0159735679626465, loss 1: 1.9371579885482788, loss 2: 0.0007881556521169841
client running:21/59, client loss: 2.0429129600524902, loss 1: 1.946570873260498, loss 2: 0.0009634213056415319
client running:22/59, client loss: 2.055692195892334, loss 1: 1.9512046575546265, loss 2: 0.00104487594217062
client running:23/59, client loss: 2.018812417984009, loss 1: 1.9278817176818848, loss 2: 0.0009093080880120397
client running:24/59, client loss: 2.0248754024505615, loss 1: 1.9342703819274902, loss 2: 0.0009060512529686093
client running:25/59, client loss: 2.027107000350952, loss 1: 1.9395911693572998, loss 2: 0.0008751584100537002
client running:26/59, client loss: 2.017521619796753, loss 1: 1.9260964393615723, loss 2: 0.0009142524795606732
client running:27/59, client loss: 2.024735689163208, loss 1: 1.9488306045532227, loss 2: 0.0007590508321300149
client running:28/59, client loss: 2.068585157394409, loss 1: 1.9721417427062988, loss 2: 0.0009644344681873918
client running:29/59, client loss: 2.092416286468506, loss 1: 1.933644413948059, loss 2: 0.001587719889357686
client running:30/59, client loss: 2.0374417304992676, loss 1: 1.9447094202041626, loss 2: 0.0009273223113268614
client running:31/59, client loss: 2.0351593494415283, loss 1: 1.9436231851577759, loss 2: 0.000915361859370023
client running:32/59, client loss: 2.02573299407959, loss 1: 1.9432467222213745, loss 2: 0.0008248628000728786
client running:33/59, client loss: 2.0379576683044434, loss 1: 1.961470603942871, loss 2: 0.0007648709579370916
client running:34/59, client loss: 2.027040481567383, loss 1: 1.939978003501892, loss 2: 0.0008706243243068457
client running:35/59, client loss: 2.101189374923706, loss 1: 1.9502990245819092, loss 2: 0.0015089032240211964
client running:36/59, client loss: 2.023862838745117, loss 1: 1.959543228149414, loss 2: 0.0006431948859244585
client running:37/59, client loss: 1.9964399337768555, loss 1: 1.9387922286987305, loss 2: 0.0005764771485701203
client running:38/59, client loss: 2.0463242530822754, loss 1: 1.9259319305419922, loss 2: 0.0012039222056046128
client running:39/59, client loss: 2.0465846061706543, loss 1: 1.9339349269866943, loss 2: 0.0011264970526099205
client running:40/59, client loss: 2.022386312484741, loss 1: 1.9247816801071167, loss 2: 0.0009760457905940711
client running:41/59, client loss: 2.0318472385406494, loss 1: 1.9448366165161133, loss 2: 0.0008701063925400376
client running:42/59, client loss: 2.0558953285217285, loss 1: 1.9426950216293335, loss 2: 0.0011320027988404036
client running:43/59, client loss: 2.046872138977051, loss 1: 1.9685065746307373, loss 2: 0.0007836566655896604
client running:44/59, client loss: 2.029674768447876, loss 1: 1.9386006593704224, loss 2: 0.0009107418591156602
client running:45/59, client loss: 2.0386972427368164, loss 1: 1.9539952278137207, loss 2: 0.0008470200700685382
client running:46/59, client loss: 2.0295357704162598, loss 1: 1.9417060613632202, loss 2: 0.0008782970253378153
client running:47/59, client loss: 2.0284836292266846, loss 1: 1.93278169631958, loss 2: 0.0009570188703946769
client running:48/59, client loss: 2.054283857345581, loss 1: 1.942302942276001, loss 2: 0.0011198085267096758
client running:49/59, client loss: 2.0251927375793457, loss 1: 1.9334739446640015, loss 2: 0.0009171889396384358
client running:50/59, client loss: 2.017099380493164, loss 1: 1.9404020309448242, loss 2: 0.0007669725455343723
client running:51/59, client loss: 2.0361874103546143, loss 1: 1.953034520149231, loss 2: 0.0008315297891385853
client running:52/59, client loss: 2.077875852584839, loss 1: 1.9423818588256836, loss 2: 0.0013549402356147766
client running:53/59, client loss: 1.9991494417190552, loss 1: 1.9452301263809204, loss 2: 0.0005391932791098952
client running:54/59, client loss: 2.0457828044891357, loss 1: 1.9521067142486572, loss 2: 0.0009367604507133365
client running:55/59, client loss: 2.0237174034118652, loss 1: 1.9419350624084473, loss 2: 0.0008178227581083775
client running:56/59, client loss: 2.0267226696014404, loss 1: 1.9447102546691895, loss 2: 0.000820123590528965
client running:57/59, client loss: 2.002953290939331, loss 1: 1.9321787357330322, loss 2: 0.0007077465998008847
client running:58/59, client loss: 2.030214786529541, loss 1: 1.9363703727722168, loss 2: 0.0009384446311742067
server loss: tensor([[0.9291, 0.7164, 0.6949, 0.6529, 0.7109, 0.7562, 0.6638, 0.7128],
        [0.7443, 0.9327, 0.7364, 0.6632, 0.7223, 0.7495, 0.6778, 0.7255],
        [0.6805, 0.7368, 0.9324, 0.6897, 0.6673, 0.7098, 0.7208, 0.6920],
        [0.7181, 0.7379, 0.7358, 0.8746, 0.7346, 0.7689, 0.7117, 0.7571],
        [0.6986, 0.7305, 0.6965, 0.6597, 0.8081, 0.7502, 0.6331, 0.7176],
        [0.7215, 0.7294, 0.7313, 0.6975, 0.6928, 0.9581, 0.6652, 0.7320],
        [0.7292, 0.7203, 0.7651, 0.7400, 0.7211, 0.7465, 0.8787, 0.7375],
        [0.6777, 0.7032, 0.7454, 0.7376, 0.6848, 0.7555, 0.7165, 0.9593]],
       device='cuda:0')
client running:0/59, client loss: 2.0793678760528564, loss 1: 1.9523102045059204, loss 2: 0.0012705759145319462
client running:1/59, client loss: 2.046537399291992, loss 1: 1.9276704788208008, loss 2: 0.0011886690044775605
client running:2/59, client loss: 2.034691095352173, loss 1: 1.9430441856384277, loss 2: 0.0009164700750261545
client running:3/59, client loss: 2.037687063217163, loss 1: 1.9395838975906372, loss 2: 0.0009810326155275106
client running:4/59, client loss: 2.036510705947876, loss 1: 1.9444917440414429, loss 2: 0.000920188904274255
client running:5/59, client loss: 2.0532596111297607, loss 1: 1.971089243888855, loss 2: 0.0008217026479542255
client running:6/59, client loss: 2.0490689277648926, loss 1: 1.9304735660552979, loss 2: 0.0011859540827572346
client running:7/59, client loss: 2.018974542617798, loss 1: 1.9535913467407227, loss 2: 0.0006538323359563947
client running:8/59, client loss: 2.0482735633850098, loss 1: 1.9431886672973633, loss 2: 0.0010508488630875945
client running:9/59, client loss: 2.0472359657287598, loss 1: 1.9359092712402344, loss 2: 0.0011132669169455767
client running:10/59, client loss: 2.058295249938965, loss 1: 1.9427614212036133, loss 2: 0.001155339297838509
client running:11/59, client loss: 2.0334696769714355, loss 1: 1.930293083190918, loss 2: 0.0010317651322111487
client running:12/59, client loss: 2.0158114433288574, loss 1: 1.9417940378189087, loss 2: 0.0007401747861877084
client running:13/59, client loss: 2.03886079788208, loss 1: 1.9346834421157837, loss 2: 0.001041773590259254
client running:14/59, client loss: 2.036588430404663, loss 1: 1.9404743909835815, loss 2: 0.0009611399145796895
client running:15/59, client loss: 2.0020649433135986, loss 1: 1.9420156478881836, loss 2: 0.0006004939787089825
client running:16/59, client loss: 2.0598671436309814, loss 1: 1.946864366531372, loss 2: 0.001130028162151575
client running:17/59, client loss: 2.031191110610962, loss 1: 1.959843635559082, loss 2: 0.0007134744082577527
client running:18/59, client loss: 2.056542158126831, loss 1: 1.9354698657989502, loss 2: 0.0012107230722904205
client running:19/59, client loss: 2.056840419769287, loss 1: 1.9547150135040283, loss 2: 0.0010212546912953258
client running:20/59, client loss: 2.028435468673706, loss 1: 1.9417431354522705, loss 2: 0.0008669226081110537
client running:21/59, client loss: 2.0134432315826416, loss 1: 1.9439812898635864, loss 2: 0.0006946190260350704
client running:22/59, client loss: 2.0905768871307373, loss 1: 1.955124020576477, loss 2: 0.0013545288238674402
client running:23/59, client loss: 2.0276596546173096, loss 1: 1.9435752630233765, loss 2: 0.000840844470076263
client running:24/59, client loss: 2.0517799854278564, loss 1: 1.9378647804260254, loss 2: 0.0011391525622457266
client running:25/59, client loss: 2.087460994720459, loss 1: 1.9500112533569336, loss 2: 0.0013744961470365524
client running:26/59, client loss: 2.0383224487304688, loss 1: 1.9538917541503906, loss 2: 0.0008443079423159361
client running:27/59, client loss: 2.089625597000122, loss 1: 1.9887021780014038, loss 2: 0.001009235274977982
client running:28/59, client loss: 2.034271001815796, loss 1: 1.9407579898834229, loss 2: 0.0009351292974315584
client running:29/59, client loss: 2.0710062980651855, loss 1: 1.9583594799041748, loss 2: 0.0011264679487794638
client running:30/59, client loss: 2.0425102710723877, loss 1: 1.9411988258361816, loss 2: 0.0010131155140697956
client running:31/59, client loss: 2.026273012161255, loss 1: 1.932455062866211, loss 2: 0.0009381786221638322
client running:32/59, client loss: 2.0061774253845215, loss 1: 1.9310053586959839, loss 2: 0.0007517212652601302
client running:33/59, client loss: 2.030486822128296, loss 1: 1.9628865718841553, loss 2: 0.0006760029355064034
client running:34/59, client loss: 2.0366435050964355, loss 1: 1.9558237791061401, loss 2: 0.0008081968408077955
client running:35/59, client loss: 2.112170457839966, loss 1: 1.9701722860336304, loss 2: 0.0014199817087501287
client running:36/59, client loss: 2.0664799213409424, loss 1: 1.9595179557800293, loss 2: 0.0010696190875023603
client running:37/59, client loss: 2.0408170223236084, loss 1: 1.9499950408935547, loss 2: 0.0009082204196602106
client running:38/59, client loss: 2.0636637210845947, loss 1: 1.9457836151123047, loss 2: 0.001178801292553544
client running:39/59, client loss: 2.0362191200256348, loss 1: 1.9481781721115112, loss 2: 0.0008804105455055833
client running:40/59, client loss: 2.0598011016845703, loss 1: 1.9195376634597778, loss 2: 0.0014026355929672718
client running:41/59, client loss: 2.061474084854126, loss 1: 1.9540082216262817, loss 2: 0.0010746587067842484
client running:42/59, client loss: 2.0326786041259766, loss 1: 1.9372799396514893, loss 2: 0.0009539868915453553
client running:43/59, client loss: 2.0599770545959473, loss 1: 1.9595972299575806, loss 2: 0.0010037977481260896
client running:44/59, client loss: 2.0219480991363525, loss 1: 1.928704023361206, loss 2: 0.0009324399870820343
client running:45/59, client loss: 2.015843629837036, loss 1: 1.9302361011505127, loss 2: 0.000856075610499829
client running:46/59, client loss: 2.037904977798462, loss 1: 1.9678618907928467, loss 2: 0.00070042978040874
client running:47/59, client loss: 2.031564235687256, loss 1: 1.9629175662994385, loss 2: 0.0006864664028398693
client running:48/59, client loss: 2.0478515625, loss 1: 1.949275255203247, loss 2: 0.000985762570053339
client running:49/59, client loss: 2.0265276432037354, loss 1: 1.9493273496627808, loss 2: 0.0007720036082901061
client running:50/59, client loss: 2.0373997688293457, loss 1: 1.9540467262268066, loss 2: 0.000833529862575233
client running:51/59, client loss: 2.0634734630584717, loss 1: 1.9434024095535278, loss 2: 0.0012007097247987986
client running:52/59, client loss: 2.043069362640381, loss 1: 1.9425636529922485, loss 2: 0.0010050574783235788
client running:53/59, client loss: 2.0422847270965576, loss 1: 1.937563419342041, loss 2: 0.0010472140274941921
client running:54/59, client loss: 2.0209217071533203, loss 1: 1.9511433839797974, loss 2: 0.0006977830780670047
client running:55/59, client loss: 2.026305675506592, loss 1: 1.9318934679031372, loss 2: 0.0009441223228350282
client running:56/59, client loss: 2.009998083114624, loss 1: 1.927962303161621, loss 2: 0.0008203579345718026
client running:57/59, client loss: 2.0334084033966064, loss 1: 1.9265925884246826, loss 2: 0.001068159006536007
client running:58/59, client loss: 2.0119245052337646, loss 1: 1.9658756256103516, loss 2: 0.0004604883142746985
server loss: tensor([[0.8457, 0.6866, 0.7441, 0.7647, 0.7396, 0.7375, 0.7183, 0.7243],
        [0.7659, 0.7962, 0.7217, 0.7356, 0.7845, 0.7251, 0.7113, 0.7165],
        [0.7227, 0.7006, 0.9108, 0.7444, 0.7385, 0.7160, 0.7298, 0.6947],
        [0.7417, 0.6717, 0.7504, 0.8982, 0.7868, 0.7729, 0.7385, 0.7253],
        [0.7435, 0.6702, 0.7277, 0.7556, 0.9045, 0.7308, 0.7312, 0.7342],
        [0.7547, 0.6999, 0.7485, 0.7650, 0.7605, 0.9513, 0.7799, 0.7814],
        [0.7607, 0.6987, 0.7274, 0.7367, 0.7706, 0.7846, 0.8494, 0.7659],
        [0.7322, 0.6850, 0.7169, 0.7525, 0.7744, 0.7914, 0.7848, 0.9495]],
       device='cuda:0')
client running:0/59, client loss: 2.022733211517334, loss 1: 1.932397484779358, loss 2: 0.0009033563546836376
client running:1/59, client loss: 2.070763349533081, loss 1: 1.9469023942947388, loss 2: 0.0012386084999889135
client running:2/59, client loss: 2.0565786361694336, loss 1: 1.9484697580337524, loss 2: 0.001081089023500681
client running:3/59, client loss: 2.0420877933502197, loss 1: 1.9417911767959595, loss 2: 0.0010029659606516361
client running:4/59, client loss: 2.0277187824249268, loss 1: 1.9331622123718262, loss 2: 0.0009455661638639867
client running:5/59, client loss: 2.0745925903320312, loss 1: 1.9462045431137085, loss 2: 0.001283881370909512
client running:6/59, client loss: 2.05145263671875, loss 1: 1.9327040910720825, loss 2: 0.0011874858755618334
client running:7/59, client loss: 2.066646099090576, loss 1: 1.9418221712112427, loss 2: 0.0012482386082410812
client running:8/59, client loss: 2.027573585510254, loss 1: 1.9464610815048218, loss 2: 0.0008111261995509267
client running:9/59, client loss: 2.082516670227051, loss 1: 1.9425277709960938, loss 2: 0.0013998886570334435
client running:10/59, client loss: 2.033738613128662, loss 1: 1.9403252601623535, loss 2: 0.0009341323748230934
client running:11/59, client loss: 2.0552728176116943, loss 1: 1.9340012073516846, loss 2: 0.0012127170339226723
client running:12/59, client loss: 2.058237314224243, loss 1: 1.9490379095077515, loss 2: 0.001091992948204279
client running:13/59, client loss: 2.040242910385132, loss 1: 1.9304770231246948, loss 2: 0.0010976595804095268
client running:14/59, client loss: 2.0459110736846924, loss 1: 1.9531267881393433, loss 2: 0.0009278432698920369
client running:15/59, client loss: 2.037687301635742, loss 1: 1.9212496280670166, loss 2: 0.0011643758043646812
client running:16/59, client loss: 2.067673683166504, loss 1: 1.9394416809082031, loss 2: 0.0012823197757825255
client running:17/59, client loss: 2.0255203247070312, loss 1: 1.9395418167114258, loss 2: 0.0008597850101068616
client running:18/59, client loss: 2.069288492202759, loss 1: 1.936882495880127, loss 2: 0.0013240610715001822
client running:19/59, client loss: 2.051743507385254, loss 1: 1.9675997495651245, loss 2: 0.0008414385374635458
client running:20/59, client loss: 2.0245988368988037, loss 1: 1.9359290599822998, loss 2: 0.0008866974385455251
client running:21/59, client loss: 2.030186414718628, loss 1: 1.936112880706787, loss 2: 0.0009407355100847781
client running:22/59, client loss: 2.0292019844055176, loss 1: 1.9542402029037476, loss 2: 0.0007496175821870565
client running:23/59, client loss: 2.0551135540008545, loss 1: 1.9574180841445923, loss 2: 0.0009769557509571314
client running:24/59, client loss: 2.040499210357666, loss 1: 1.965462565422058, loss 2: 0.0007503668311983347
client running:25/59, client loss: 2.0521888732910156, loss 1: 1.9617141485214233, loss 2: 0.000904747867025435
client running:26/59, client loss: 2.0375165939331055, loss 1: 1.9334789514541626, loss 2: 0.0010403767228126526
client running:27/59, client loss: 2.0497384071350098, loss 1: 1.958721399307251, loss 2: 0.0009101690957322717
client running:28/59, client loss: 2.0192673206329346, loss 1: 1.932241439819336, loss 2: 0.000870258139912039
client running:29/59, client loss: 2.063025712966919, loss 1: 1.9764078855514526, loss 2: 0.0008661774918437004
client running:30/59, client loss: 2.032776355743408, loss 1: 1.962181806564331, loss 2: 0.0007059467025101185
client running:31/59, client loss: 2.046936511993408, loss 1: 1.9604089260101318, loss 2: 0.0008652752730995417
client running:32/59, client loss: 2.0210585594177246, loss 1: 1.9433822631835938, loss 2: 0.0007767628412693739
client running:33/59, client loss: 2.024266004562378, loss 1: 1.9548567533493042, loss 2: 0.0006940927123650908
client running:34/59, client loss: 2.0307812690734863, loss 1: 1.960231900215149, loss 2: 0.0007054940215311944
client running:35/59, client loss: 2.0210788249969482, loss 1: 1.9345451593399048, loss 2: 0.0008653356926515698
client running:36/59, client loss: 2.0845513343811035, loss 1: 1.9463993310928345, loss 2: 0.001381519716233015
client running:37/59, client loss: 2.015679121017456, loss 1: 1.9259055852890015, loss 2: 0.0008977364050224423
client running:38/59, client loss: 2.055518865585327, loss 1: 1.916373610496521, loss 2: 0.001391452387906611
client running:39/59, client loss: 2.026116132736206, loss 1: 1.929321050643921, loss 2: 0.0009679513750597835
client running:40/59, client loss: 2.0417537689208984, loss 1: 1.962510108947754, loss 2: 0.0007924376986920834
client running:41/59, client loss: 1.9948973655700684, loss 1: 1.9251660108566284, loss 2: 0.0006973141571506858
client running:42/59, client loss: 2.030998468399048, loss 1: 1.9393537044525146, loss 2: 0.0009164480725303292
client running:43/59, client loss: 2.043346405029297, loss 1: 1.9560072422027588, loss 2: 0.0008733922149986029
client running:44/59, client loss: 2.009870767593384, loss 1: 1.935441493988037, loss 2: 0.0007442928617820144
client running:45/59, client loss: 2.0155818462371826, loss 1: 1.917585015296936, loss 2: 0.0009799683466553688
client running:46/59, client loss: 2.0251078605651855, loss 1: 1.945682406425476, loss 2: 0.0007942534284666181
client running:47/59, client loss: 2.0247230529785156, loss 1: 1.9412689208984375, loss 2: 0.0008345402893610299
client running:48/59, client loss: 2.0226261615753174, loss 1: 1.9398654699325562, loss 2: 0.0008276067674160004
client running:49/59, client loss: 2.048428773880005, loss 1: 1.9496067762374878, loss 2: 0.000988219864666462
client running:50/59, client loss: 2.014045238494873, loss 1: 1.9457554817199707, loss 2: 0.0006828978657722473
client running:51/59, client loss: 2.0528433322906494, loss 1: 1.9561216831207275, loss 2: 0.0009672159212641418
client running:52/59, client loss: 2.00821590423584, loss 1: 1.9490175247192383, loss 2: 0.0005919846007600427
client running:53/59, client loss: 2.0367777347564697, loss 1: 1.9610142707824707, loss 2: 0.0007576353964395821
client running:54/59, client loss: 2.090252637863159, loss 1: 1.9505125284194946, loss 2: 0.0013974008616060019
client running:55/59, client loss: 2.030270576477051, loss 1: 1.9290707111358643, loss 2: 0.0010119997896254063
client running:56/59, client loss: 2.0288169384002686, loss 1: 1.957797884941101, loss 2: 0.0007101914961822331
client running:57/59, client loss: 2.0055391788482666, loss 1: 1.9437907934188843, loss 2: 0.0006174827576614916
client running:58/59, client loss: 2.025885820388794, loss 1: 1.9395345449447632, loss 2: 0.0008635132689960301
server loss: tensor([[0.9132, 0.6952, 0.7501, 0.7303, 0.7409, 0.6905, 0.7370, 0.7360],
        [0.6609, 0.9536, 0.7899, 0.7730, 0.6836, 0.6597, 0.6882, 0.6794],
        [0.6935, 0.7726, 0.9832, 0.8175, 0.7151, 0.6808, 0.6944, 0.6880],
        [0.7040, 0.7186, 0.7545, 0.8778, 0.7247, 0.7058, 0.7425, 0.7410],
        [0.7242, 0.6863, 0.7192, 0.7541, 0.9607, 0.7375, 0.7375, 0.7214],
        [0.6666, 0.6688, 0.6611, 0.6941, 0.6948, 0.8060, 0.7094, 0.6818],
        [0.7100, 0.7307, 0.7518, 0.7914, 0.7294, 0.7018, 0.9124, 0.7672],
        [0.7167, 0.7000, 0.7115, 0.7477, 0.7388, 0.7307, 0.7240, 0.9156]],
       device='cuda:0')
client running:0/59, client loss: 2.021372079849243, loss 1: 1.9410529136657715, loss 2: 0.0008031917386688292
client running:1/59, client loss: 2.03995418548584, loss 1: 1.9374862909317017, loss 2: 0.0010246788151562214
client running:2/59, client loss: 2.0733797550201416, loss 1: 1.9587262868881226, loss 2: 0.001146534807048738
client running:3/59, client loss: 2.0290708541870117, loss 1: 1.9436445236206055, loss 2: 0.000854264129884541
client running:4/59, client loss: 2.0651659965515137, loss 1: 1.9612888097763062, loss 2: 0.0010387718211859465
client running:5/59, client loss: 2.0527498722076416, loss 1: 1.9513511657714844, loss 2: 0.0010139880469068885
client running:6/59, client loss: 2.0361344814300537, loss 1: 1.9426262378692627, loss 2: 0.0009350829059258103
client running:7/59, client loss: 2.0538008213043213, loss 1: 1.9476145505905151, loss 2: 0.0010618618689477444
client running:8/59, client loss: 2.045883893966675, loss 1: 1.9482104778289795, loss 2: 0.0009767338633537292
client running:9/59, client loss: 2.035781145095825, loss 1: 1.9544504880905151, loss 2: 0.0008133070659823716
client running:10/59, client loss: 2.0705549716949463, loss 1: 1.9413669109344482, loss 2: 0.0012918808497488499
client running:11/59, client loss: 2.0428388118743896, loss 1: 1.947801947593689, loss 2: 0.0009503686451353133
client running:12/59, client loss: 2.042248487472534, loss 1: 1.9477909803390503, loss 2: 0.0009445742471143603
client running:13/59, client loss: 2.042407512664795, loss 1: 1.9428929090499878, loss 2: 0.0009951452957466245
client running:14/59, client loss: 2.037412643432617, loss 1: 1.9265252351760864, loss 2: 0.0011088738683611155
client running:15/59, client loss: 2.0659985542297363, loss 1: 1.948454737663269, loss 2: 0.0011754371225833893
client running:16/59, client loss: 2.0870554447174072, loss 1: 1.9608097076416016, loss 2: 0.0012624579248949885
client running:17/59, client loss: 2.0075080394744873, loss 1: 1.935429334640503, loss 2: 0.0007207868038676679
client running:18/59, client loss: 2.023080587387085, loss 1: 1.9527993202209473, loss 2: 0.0007028126856312156
client running:19/59, client loss: 2.0431630611419678, loss 1: 1.9462307691574097, loss 2: 0.0009693230385892093
client running:20/59, client loss: 2.0470590591430664, loss 1: 1.9354171752929688, loss 2: 0.0011164199095219374
client running:21/59, client loss: 2.045417308807373, loss 1: 1.928510069847107, loss 2: 0.0011690715327858925
client running:22/59, client loss: 2.0580129623413086, loss 1: 1.968056082725525, loss 2: 0.0008995690732263029
client running:23/59, client loss: 2.0287299156188965, loss 1: 1.9530019760131836, loss 2: 0.0007572796894237399
client running:24/59, client loss: 2.081171989440918, loss 1: 1.947806477546692, loss 2: 0.0013336555566638708
client running:25/59, client loss: 2.069722890853882, loss 1: 1.9609259366989136, loss 2: 0.0010879701003432274
client running:26/59, client loss: 2.022845506668091, loss 1: 1.946102499961853, loss 2: 0.0007674298831261694
client running:27/59, client loss: 2.071716547012329, loss 1: 1.9439929723739624, loss 2: 0.0012772348709404469
client running:28/59, client loss: 2.0103018283843994, loss 1: 1.9434174299240112, loss 2: 0.0006688442663289607
client running:29/59, client loss: 2.0594699382781982, loss 1: 1.958979845046997, loss 2: 0.0010049010161310434
client running:30/59, client loss: 2.069640874862671, loss 1: 1.9741805791854858, loss 2: 0.0009546031360514462
client running:31/59, client loss: 2.0724616050720215, loss 1: 1.9469765424728394, loss 2: 0.0012548515805974603
client running:32/59, client loss: 2.0467545986175537, loss 1: 1.9387518167495728, loss 2: 0.001080027548596263
client running:33/59, client loss: 2.0761704444885254, loss 1: 1.9559084177017212, loss 2: 0.0012026192853227258
client running:34/59, client loss: 2.0082695484161377, loss 1: 1.934197187423706, loss 2: 0.0007407238008454442
client running:35/59, client loss: 2.057157516479492, loss 1: 1.9482696056365967, loss 2: 0.0010888798860833049
client running:36/59, client loss: 2.048717498779297, loss 1: 1.9785561561584473, loss 2: 0.0007016122108325362
client running:37/59, client loss: 2.040591239929199, loss 1: 1.9488970041275024, loss 2: 0.0009169414406642318
client running:38/59, client loss: 2.04943585395813, loss 1: 1.9309265613555908, loss 2: 0.0011850930750370026
client running:39/59, client loss: 2.0439846515655518, loss 1: 1.9308605194091797, loss 2: 0.0011312417918816209
client running:40/59, client loss: 2.0340096950531006, loss 1: 1.965142011642456, loss 2: 0.0006886779447086155
client running:41/59, client loss: 2.0152697563171387, loss 1: 1.9406757354736328, loss 2: 0.0007459390326403081
client running:42/59, client loss: 2.0158417224884033, loss 1: 1.9219743013381958, loss 2: 0.0009386737365275621
client running:43/59, client loss: 2.0282206535339355, loss 1: 1.933821201324463, loss 2: 0.0009439956629648805
client running:44/59, client loss: 2.0362472534179688, loss 1: 1.9738407135009766, loss 2: 0.000624066567979753
client running:45/59, client loss: 2.01889967918396, loss 1: 1.928011178970337, loss 2: 0.0009088858496397734
client running:46/59, client loss: 2.0067477226257324, loss 1: 1.9375879764556885, loss 2: 0.0006915971753187478
client running:47/59, client loss: 2.047773838043213, loss 1: 1.9601373672485352, loss 2: 0.0008763641817495227
client running:48/59, client loss: 2.006373167037964, loss 1: 1.933349370956421, loss 2: 0.0007302380399778485
client running:49/59, client loss: 2.0540552139282227, loss 1: 1.9398179054260254, loss 2: 0.0011423737742006779
client running:50/59, client loss: 2.0170958042144775, loss 1: 1.9229369163513184, loss 2: 0.0009415891254320741
client running:51/59, client loss: 2.0097107887268066, loss 1: 1.9323235750198364, loss 2: 0.0007738730637356639
client running:52/59, client loss: 2.0290660858154297, loss 1: 1.94437575340271, loss 2: 0.0008469022577628493
client running:53/59, client loss: 2.0140373706817627, loss 1: 1.9371769428253174, loss 2: 0.0007686051540076733
client running:54/59, client loss: 2.048065185546875, loss 1: 1.9478830099105835, loss 2: 0.0010018222965300083
client running:55/59, client loss: 2.0046966075897217, loss 1: 1.9304922819137573, loss 2: 0.0007420423207804561
client running:56/59, client loss: 2.027031183242798, loss 1: 1.9545021057128906, loss 2: 0.0007252896903082728
client running:57/59, client loss: 2.0324277877807617, loss 1: 1.9470890760421753, loss 2: 0.0008533862419426441
client running:58/59, client loss: 2.0368947982788086, loss 1: 1.9422657489776611, loss 2: 0.0009462913149036467
server loss: tensor([[0.9120, 0.7568, 0.7616, 0.7245, 0.6746, 0.7189, 0.7414, 0.7677],
        [0.7737, 0.9488, 0.7777, 0.7430, 0.7066, 0.7691, 0.7574, 0.7868],
        [0.7373, 0.7478, 0.9421, 0.6845, 0.6389, 0.6689, 0.7014, 0.7138],
        [0.7222, 0.7550, 0.7357, 0.9427, 0.7046, 0.7073, 0.7145, 0.7536],
        [0.7964, 0.7596, 0.7586, 0.7585, 0.8060, 0.6968, 0.7285, 0.7615],
        [0.7081, 0.7654, 0.6846, 0.7482, 0.6622, 0.9698, 0.7326, 0.7508],
        [0.7543, 0.7551, 0.7050, 0.7388, 0.7056, 0.7371, 0.8893, 0.7876],
        [0.7318, 0.7704, 0.7135, 0.7411, 0.6933, 0.7217, 0.7518, 0.9513]],
       device='cuda:0')
client running:0/59, client loss: 2.042052984237671, loss 1: 1.9300154447555542, loss 2: 0.0011203750036656857
client running:1/59, client loss: 2.064030885696411, loss 1: 1.9289984703063965, loss 2: 0.0013503237860277295
client running:2/59, client loss: 2.0542852878570557, loss 1: 1.9496501684188843, loss 2: 0.0010463516227900982
client running:3/59, client loss: 2.071265459060669, loss 1: 1.9564793109893799, loss 2: 0.0011478611268103123
client running:4/59, client loss: 2.0452396869659424, loss 1: 1.9531489610671997, loss 2: 0.0009209068375639617
client running:5/59, client loss: 2.0494277477264404, loss 1: 1.9487359523773193, loss 2: 0.0010069170966744423
client running:6/59, client loss: 2.033055067062378, loss 1: 1.9501646757125854, loss 2: 0.0008289050310850143
client running:7/59, client loss: 2.036421537399292, loss 1: 1.9483393430709839, loss 2: 0.0008808230049908161
client running:8/59, client loss: 2.07305645942688, loss 1: 1.9318546056747437, loss 2: 0.0014120175037533045
client running:9/59, client loss: 2.077070951461792, loss 1: 1.949408769607544, loss 2: 0.0012766220606863499
client running:10/59, client loss: 2.031198263168335, loss 1: 1.9425394535064697, loss 2: 0.0008865882991813123
client running:11/59, client loss: 2.054327964782715, loss 1: 1.95975923538208, loss 2: 0.0009456872940063477
client running:12/59, client loss: 2.029585838317871, loss 1: 1.9438567161560059, loss 2: 0.0008572908118367195
client running:13/59, client loss: 2.0455336570739746, loss 1: 1.927958607673645, loss 2: 0.001175750745460391
client running:14/59, client loss: 2.046921968460083, loss 1: 1.9423918724060059, loss 2: 0.001045300392434001
client running:15/59, client loss: 2.050934076309204, loss 1: 1.9454818964004517, loss 2: 0.0010545216500759125
client running:16/59, client loss: 2.038516044616699, loss 1: 1.9481494426727295, loss 2: 0.0009036661358550191
client running:17/59, client loss: 2.051818370819092, loss 1: 1.9659478664398193, loss 2: 0.0008587049669586122
client running:18/59, client loss: 2.0598220825195312, loss 1: 1.9410035610198975, loss 2: 0.001188186346553266
client running:19/59, client loss: 2.02730655670166, loss 1: 1.9557206630706787, loss 2: 0.0007158601656556129
client running:20/59, client loss: 2.0186057090759277, loss 1: 1.9350526332855225, loss 2: 0.000835531041957438
client running:21/59, client loss: 2.048654079437256, loss 1: 1.9627330303192139, loss 2: 0.0008592097437940538
client running:22/59, client loss: 2.033560037612915, loss 1: 1.968935489654541, loss 2: 0.0006462463061325252
client running:23/59, client loss: 2.0486273765563965, loss 1: 1.9673044681549072, loss 2: 0.000813228776678443
client running:24/59, client loss: 2.0337367057800293, loss 1: 1.938942313194275, loss 2: 0.0009479444706812501
client running:25/59, client loss: 2.043165922164917, loss 1: 1.9496212005615234, loss 2: 0.0009354462381452322
client running:26/59, client loss: 2.035228967666626, loss 1: 1.948345422744751, loss 2: 0.0008688347297720611
client running:27/59, client loss: 2.03078556060791, loss 1: 1.9471607208251953, loss 2: 0.0008362493244931102
client running:28/59, client loss: 2.0495147705078125, loss 1: 1.9520223140716553, loss 2: 0.0009749243617989123
client running:29/59, client loss: 2.051229238510132, loss 1: 1.9656082391738892, loss 2: 0.0008562091970816255
client running:30/59, client loss: 2.0306947231292725, loss 1: 1.9483401775360107, loss 2: 0.0008235455024987459
client running:31/59, client loss: 2.0388827323913574, loss 1: 1.9535490274429321, loss 2: 0.0008533371728844941
client running:32/59, client loss: 2.022897720336914, loss 1: 1.924774408340454, loss 2: 0.000981234246864915
client running:33/59, client loss: 2.0451157093048096, loss 1: 1.9449230432510376, loss 2: 0.0010019269539043307
client running:34/59, client loss: 2.032836437225342, loss 1: 1.9486267566680908, loss 2: 0.0008420960512012243
client running:35/59, client loss: 2.0461266040802, loss 1: 1.953149676322937, loss 2: 0.0009297698270529509
client running:36/59, client loss: 2.038698673248291, loss 1: 1.9526339769363403, loss 2: 0.0008606476476415992
client running:37/59, client loss: 2.0660624504089355, loss 1: 1.9537334442138672, loss 2: 0.0011232895776629448
client running:38/59, client loss: 2.0364654064178467, loss 1: 1.9395978450775146, loss 2: 0.0009686752455309033
client running:39/59, client loss: 2.060147285461426, loss 1: 1.9743154048919678, loss 2: 0.0008583198068663478
client running:40/59, client loss: 2.008120059967041, loss 1: 1.940956711769104, loss 2: 0.0006716344505548477
client running:41/59, client loss: 2.0434460639953613, loss 1: 1.935034990310669, loss 2: 0.0010841108160093427
client running:42/59, client loss: 2.0344784259796143, loss 1: 1.9339064359664917, loss 2: 0.0010057206964120269
client running:43/59, client loss: 2.035313844680786, loss 1: 1.9402639865875244, loss 2: 0.0009504987392574549
client running:44/59, client loss: 2.0633583068847656, loss 1: 1.9497554302215576, loss 2: 0.001136029022745788
client running:45/59, client loss: 2.0221340656280518, loss 1: 1.938398838043213, loss 2: 0.0008373532327823341
client running:46/59, client loss: 2.0255489349365234, loss 1: 1.9311749935150146, loss 2: 0.0009437383851036429
client running:47/59, client loss: 2.045827627182007, loss 1: 1.9679808616638184, loss 2: 0.0007784665795043111
client running:48/59, client loss: 2.0002899169921875, loss 1: 1.9451967477798462, loss 2: 0.0005509313195943832
client running:49/59, client loss: 2.034917116165161, loss 1: 1.9406938552856445, loss 2: 0.000942232261877507
client running:50/59, client loss: 2.0644500255584717, loss 1: 1.9642183780670166, loss 2: 0.00100231752730906
client running:51/59, client loss: 2.0554661750793457, loss 1: 1.9753119945526123, loss 2: 0.0008015424245968461
client running:52/59, client loss: 2.0536680221557617, loss 1: 1.947058081626892, loss 2: 0.0010660984553396702
client running:53/59, client loss: 2.0576939582824707, loss 1: 1.9519978761672974, loss 2: 0.001056961016729474
client running:54/59, client loss: 2.0240836143493652, loss 1: 1.9425935745239258, loss 2: 0.0008148998022079468
client running:55/59, client loss: 2.0230138301849365, loss 1: 1.9409146308898926, loss 2: 0.000820991990622133
client running:56/59, client loss: 2.0253961086273193, loss 1: 1.9550604820251465, loss 2: 0.0007033554138615727
client running:57/59, client loss: 2.020815849304199, loss 1: 1.954339623451233, loss 2: 0.0006647625123150647
client running:58/59, client loss: 2.0355305671691895, loss 1: 1.9452064037322998, loss 2: 0.0009032409870997071
server loss: tensor([[0.9018, 0.7223, 0.7648, 0.7658, 0.7466, 0.7117, 0.7963, 0.7422],
        [0.7207, 0.8842, 0.7542, 0.7528, 0.7331, 0.6882, 0.7920, 0.6770],
        [0.7501, 0.7450, 0.9577, 0.7586, 0.7633, 0.7186, 0.7826, 0.7457],
        [0.7276, 0.7287, 0.7370, 0.9394, 0.7106, 0.7497, 0.7405, 0.7444],
        [0.7346, 0.7227, 0.7713, 0.7398, 0.9127, 0.6970, 0.7680, 0.7403],
        [0.7105, 0.6814, 0.7525, 0.7757, 0.6771, 0.8964, 0.7180, 0.7284],
        [0.7745, 0.7483, 0.7638, 0.7549, 0.7453, 0.7285, 0.9118, 0.7287],
        [0.7308, 0.7052, 0.7486, 0.7592, 0.7323, 0.7575, 0.7250, 0.9656]],
       device='cuda:0')
server average tensor
client running:0/59, client loss: 2.0698306560516357, loss 1: 1.9423872232437134, loss 2: 0.0012744353152811527
client running:1/59, client loss: 2.089831829071045, loss 1: 1.9578075408935547, loss 2: 0.0013202425325289369
client running:2/59, client loss: 2.06634521484375, loss 1: 1.932430624961853, loss 2: 0.0013391468673944473
client running:3/59, client loss: 2.0501513481140137, loss 1: 1.9529438018798828, loss 2: 0.0009720755042508245
client running:4/59, client loss: 2.0273706912994385, loss 1: 1.9471853971481323, loss 2: 0.0008018538937903941
client running:5/59, client loss: 2.069749355316162, loss 1: 1.9377312660217285, loss 2: 0.0013201809488236904
client running:6/59, client loss: 2.1072819232940674, loss 1: 1.9309061765670776, loss 2: 0.0017637566197663546
client running:7/59, client loss: 2.03987979888916, loss 1: 1.9491991996765137, loss 2: 0.000906805566046387
client running:8/59, client loss: 2.0384750366210938, loss 1: 1.9634299278259277, loss 2: 0.0007504515815526247
client running:9/59, client loss: 2.064396619796753, loss 1: 1.9531686305999756, loss 2: 0.0011122807627543807
client running:10/59, client loss: 2.0138893127441406, loss 1: 1.9282962083816528, loss 2: 0.00085593166295439
client running:11/59, client loss: 2.0452399253845215, loss 1: 1.9443193674087524, loss 2: 0.0010092053562402725
client running:12/59, client loss: 2.07142972946167, loss 1: 1.9305051565170288, loss 2: 0.0014092461206018925
client running:13/59, client loss: 2.0508668422698975, loss 1: 1.9280052185058594, loss 2: 0.0012286159908398986
client running:14/59, client loss: 2.0475873947143555, loss 1: 1.9345169067382812, loss 2: 0.0011307054664939642
client running:15/59, client loss: 2.091822624206543, loss 1: 1.9470306634902954, loss 2: 0.001447919406928122
client running:16/59, client loss: 2.0111100673675537, loss 1: 1.9345372915267944, loss 2: 0.0007657278329133987
client running:17/59, client loss: 2.008937120437622, loss 1: 1.9281598329544067, loss 2: 0.0008077736711129546
client running:18/59, client loss: 2.0174920558929443, loss 1: 1.9180964231491089, loss 2: 0.000993956346064806
client running:19/59, client loss: 2.0334408283233643, loss 1: 1.9598499536514282, loss 2: 0.0007359078736044466
client running:20/59, client loss: 1.9910438060760498, loss 1: 1.9339693784713745, loss 2: 0.0005707448581233621
client running:21/59, client loss: 2.0398385524749756, loss 1: 1.9419901371002197, loss 2: 0.000978484284132719
client running:22/59, client loss: 2.0598950386047363, loss 1: 1.9471358060836792, loss 2: 0.0011275933356955647
client running:23/59, client loss: 2.067466974258423, loss 1: 1.9585248231887817, loss 2: 0.0010894222650676966
client running:24/59, client loss: 2.0436272621154785, loss 1: 1.9384617805480957, loss 2: 0.0010516545735299587
client running:25/59, client loss: 2.025376081466675, loss 1: 1.9310269355773926, loss 2: 0.000943491468206048
client running:26/59, client loss: 2.0292224884033203, loss 1: 1.9499695301055908, loss 2: 0.0007925286190584302
client running:27/59, client loss: 2.059532403945923, loss 1: 1.953316569328308, loss 2: 0.0010621589608490467
client running:28/59, client loss: 2.0955240726470947, loss 1: 1.9490971565246582, loss 2: 0.0014642698224633932
client running:29/59, client loss: 2.0240585803985596, loss 1: 1.9279649257659912, loss 2: 0.0009609361877664924
client running:30/59, client loss: 2.0328357219696045, loss 1: 1.9297590255737305, loss 2: 0.0010307671036571264
client running:31/59, client loss: 2.0327234268188477, loss 1: 1.9341168403625488, loss 2: 0.000986065249890089
client running:32/59, client loss: 2.0778565406799316, loss 1: 1.9577163457870483, loss 2: 0.0012014012318104506
client running:33/59, client loss: 2.069333791732788, loss 1: 1.9481165409088135, loss 2: 0.001212171628139913
client running:34/59, client loss: 2.0689964294433594, loss 1: 1.954495906829834, loss 2: 0.0011450062738731503
client running:35/59, client loss: 2.0287394523620605, loss 1: 1.9467977285385132, loss 2: 0.0008194168331101537
client running:36/59, client loss: 2.032952308654785, loss 1: 1.9365081787109375, loss 2: 0.0009644407546147704
client running:37/59, client loss: 2.016455888748169, loss 1: 1.926129698753357, loss 2: 0.0009032611269503832
client running:38/59, client loss: 2.0236763954162598, loss 1: 1.9468984603881836, loss 2: 0.0007677796529605985
client running:39/59, client loss: 2.0260629653930664, loss 1: 1.9186999797821045, loss 2: 0.001073630410246551
client running:40/59, client loss: 2.0758931636810303, loss 1: 1.9394707679748535, loss 2: 0.0013642245903611183
client running:41/59, client loss: 2.0421414375305176, loss 1: 1.9353281259536743, loss 2: 0.001068134093657136
client running:42/59, client loss: 2.0180747509002686, loss 1: 1.9404871463775635, loss 2: 0.0007758764550089836
client running:43/59, client loss: 2.041813850402832, loss 1: 1.9341204166412354, loss 2: 0.0010769353248178959
client running:44/59, client loss: 2.014068126678467, loss 1: 1.9191635847091675, loss 2: 0.0009490461088716984
client running:45/59, client loss: 2.0322654247283936, loss 1: 1.9534457921981812, loss 2: 0.0007881956407800317
client running:46/59, client loss: 2.040264844894409, loss 1: 1.9370238780975342, loss 2: 0.00103241007309407
client running:47/59, client loss: 2.06144642829895, loss 1: 1.932237148284912, loss 2: 0.0012920938897877932
client running:48/59, client loss: 2.0380122661590576, loss 1: 1.9685354232788086, loss 2: 0.000694768619723618
client running:49/59, client loss: 2.0348246097564697, loss 1: 1.9356706142425537, loss 2: 0.0009915404953062534
client running:50/59, client loss: 2.0586862564086914, loss 1: 1.9573904275894165, loss 2: 0.001012959168292582
client running:51/59, client loss: 2.0292913913726807, loss 1: 1.9439159631729126, loss 2: 0.0008537546964362264
client running:52/59, client loss: 2.0203495025634766, loss 1: 1.9368362426757812, loss 2: 0.0008351316209882498
client running:53/59, client loss: 2.0403716564178467, loss 1: 1.9398062229156494, loss 2: 0.0010056549217551947
client running:54/59, client loss: 1.9926624298095703, loss 1: 1.93072509765625, loss 2: 0.0006193728186190128
client running:55/59, client loss: 2.014991521835327, loss 1: 1.9166415929794312, loss 2: 0.0009834982920438051
client running:56/59, client loss: 2.0399203300476074, loss 1: 1.9312137365341187, loss 2: 0.0010870660189539194
client running:57/59, client loss: 2.013982057571411, loss 1: 1.9395841360092163, loss 2: 0.0007439781329594553
client running:58/59, client loss: 2.015084981918335, loss 1: 1.9294822216033936, loss 2: 0.0008560284040868282
server loss: tensor([[0.9540, 0.7507, 0.7270, 0.7497, 0.7360, 0.6833, 0.7537, 0.7289],
        [0.7517, 0.9557, 0.7440, 0.7621, 0.7400, 0.7425, 0.7469, 0.7812],
        [0.7384, 0.7450, 0.9614, 0.7295, 0.7217, 0.6601, 0.7459, 0.7414],
        [0.7882, 0.7707, 0.7309, 0.9349, 0.7465, 0.7274, 0.7480, 0.7212],
        [0.7703, 0.7552, 0.7225, 0.7116, 0.9485, 0.6871, 0.7559, 0.7143],
        [0.7473, 0.7716, 0.7035, 0.7721, 0.7179, 0.9028, 0.7271, 0.7265],
        [0.7484, 0.7444, 0.7524, 0.6984, 0.7306, 0.6931, 0.9452, 0.7031],
        [0.7559, 0.8222, 0.7709, 0.7387, 0.7085, 0.6901, 0.7362, 0.9269]],
       device='cuda:0')
client running:0/59, client loss: 2.033762216567993, loss 1: 1.956655740737915, loss 2: 0.0007710644276812673
client running:1/59, client loss: 2.09372615814209, loss 1: 1.9591724872589111, loss 2: 0.001345536089502275
client running:2/59, client loss: 2.087484836578369, loss 1: 1.9484103918075562, loss 2: 0.001390743302181363
client running:3/59, client loss: 2.0192694664001465, loss 1: 1.938866376876831, loss 2: 0.0008040297543630004
client running:4/59, client loss: 2.089172601699829, loss 1: 1.9244649410247803, loss 2: 0.0016470755217596889
client running:5/59, client loss: 2.062044382095337, loss 1: 1.9294785261154175, loss 2: 0.0013256593374535441
client running:6/59, client loss: 2.042590379714966, loss 1: 1.9301881790161133, loss 2: 0.0011240229941904545
client running:7/59, client loss: 2.022723913192749, loss 1: 1.9318187236785889, loss 2: 0.0009090514504350722
client running:8/59, client loss: 2.0492844581604004, loss 1: 1.943130612373352, loss 2: 0.0010615380015224218
client running:9/59, client loss: 2.0680794715881348, loss 1: 1.9490411281585693, loss 2: 0.0011903827544301748
client running:10/59, client loss: 2.0483622550964355, loss 1: 1.9399687051773071, loss 2: 0.0010839349124580622
client running:11/59, client loss: 2.0352349281311035, loss 1: 1.9488253593444824, loss 2: 0.0008640954620204866
client running:12/59, client loss: 2.0407767295837402, loss 1: 1.949540376663208, loss 2: 0.0009123634081333876
client running:13/59, client loss: 2.0875377655029297, loss 1: 1.9893964529037476, loss 2: 0.0009814142249524593
client running:14/59, client loss: 2.0453970432281494, loss 1: 1.9463691711425781, loss 2: 0.0009902783203870058
client running:15/59, client loss: 2.0619056224823, loss 1: 1.9373952150344849, loss 2: 0.0012451037764549255
client running:16/59, client loss: 1.9981045722961426, loss 1: 1.9368696212768555, loss 2: 0.0006123500061221421
client running:17/59, client loss: 2.0438568592071533, loss 1: 1.9699786901474, loss 2: 0.0007387810619547963
client running:18/59, client loss: 2.028297185897827, loss 1: 1.9292494058609009, loss 2: 0.0009904789039865136
client running:19/59, client loss: 2.0462899208068848, loss 1: 1.9511202573776245, loss 2: 0.0009516972932033241
client running:20/59, client loss: 2.046743631362915, loss 1: 1.9402263164520264, loss 2: 0.0010651730699464679
client running:21/59, client loss: 2.0562400817871094, loss 1: 1.951826810836792, loss 2: 0.0010441320482641459
client running:22/59, client loss: 2.02234148979187, loss 1: 1.9338479042053223, loss 2: 0.0008849363657645881
client running:23/59, client loss: 2.0320940017700195, loss 1: 1.9404418468475342, loss 2: 0.0009165219962596893
client running:24/59, client loss: 2.0211198329925537, loss 1: 1.9295598268508911, loss 2: 0.0009156008600257337
client running:25/59, client loss: 2.0637223720550537, loss 1: 1.9414455890655518, loss 2: 0.0012227678671479225
client running:26/59, client loss: 2.0486154556274414, loss 1: 1.9617805480957031, loss 2: 0.000868349801748991
client running:27/59, client loss: 2.0344345569610596, loss 1: 1.9525153636932373, loss 2: 0.000819191976916045
client running:28/59, client loss: 2.0085465908050537, loss 1: 1.921396255493164, loss 2: 0.0008715025032870471
client running:29/59, client loss: 2.060878276824951, loss 1: 1.9713062047958374, loss 2: 0.0008957195677794516
client running:30/59, client loss: 2.058419942855835, loss 1: 1.9344154596328735, loss 2: 0.0012400445993989706
client running:31/59, client loss: 2.0392682552337646, loss 1: 1.9370654821395874, loss 2: 0.0010220272233709693
client running:32/59, client loss: 2.074772834777832, loss 1: 1.9428073167800903, loss 2: 0.0013196561485528946
client running:33/59, client loss: 1.9963693618774414, loss 1: 1.9264333248138428, loss 2: 0.0006993597489781678
client running:34/59, client loss: 2.021265745162964, loss 1: 1.9440336227416992, loss 2: 0.0007723203161731362
client running:35/59, client loss: 2.0435376167297363, loss 1: 1.9447135925292969, loss 2: 0.0009882390731945634
client running:36/59, client loss: 2.0460104942321777, loss 1: 1.9489113092422485, loss 2: 0.0009709927253425121
client running:37/59, client loss: 2.0419678688049316, loss 1: 1.9357516765594482, loss 2: 0.0010621624533087015
client running:38/59, client loss: 2.0474493503570557, loss 1: 1.9564014673233032, loss 2: 0.0009104791679419577
client running:39/59, client loss: 2.052708148956299, loss 1: 1.9439060688018799, loss 2: 0.0010880219051614404
client running:40/59, client loss: 2.0244994163513184, loss 1: 1.930586576461792, loss 2: 0.0009391282219439745
client running:41/59, client loss: 2.0271596908569336, loss 1: 1.9454867839813232, loss 2: 0.0008167288033291698
client running:42/59, client loss: 2.0296244621276855, loss 1: 1.9329216480255127, loss 2: 0.0009670282015576959
client running:43/59, client loss: 2.0172643661499023, loss 1: 1.947696328163147, loss 2: 0.0006956805591471493
client running:44/59, client loss: 2.0544803142547607, loss 1: 1.9499478340148926, loss 2: 0.0010453248396515846
client running:45/59, client loss: 2.0398051738739014, loss 1: 1.9520962238311768, loss 2: 0.0008770893327891827
client running:46/59, client loss: 2.0497732162475586, loss 1: 1.9364831447601318, loss 2: 0.0011329010594636202
client running:47/59, client loss: 2.039292097091675, loss 1: 1.941100835800171, loss 2: 0.0009819117840379477
client running:48/59, client loss: 2.0510916709899902, loss 1: 1.9517180919647217, loss 2: 0.0009937355061993003
client running:49/59, client loss: 2.1072943210601807, loss 1: 1.9383940696716309, loss 2: 0.001689002849161625
client running:50/59, client loss: 2.02860426902771, loss 1: 1.937809944152832, loss 2: 0.0009079436422325671
client running:51/59, client loss: 2.016188859939575, loss 1: 1.930708408355713, loss 2: 0.0008548055775463581
client running:52/59, client loss: 2.0187997817993164, loss 1: 1.9437800645828247, loss 2: 0.0007501980289816856
client running:53/59, client loss: 2.0135862827301025, loss 1: 1.9443951845169067, loss 2: 0.0006919099832884967
client running:54/59, client loss: 2.0212326049804688, loss 1: 1.9516925811767578, loss 2: 0.0006954011041671038
client running:55/59, client loss: 2.0273241996765137, loss 1: 1.9420222043991089, loss 2: 0.000853019068017602
client running:56/59, client loss: 2.0545296669006348, loss 1: 1.9433252811431885, loss 2: 0.0011120443232357502
client running:57/59, client loss: 2.009005308151245, loss 1: 1.9430811405181885, loss 2: 0.0006592425052076578
client running:58/59, client loss: 2.0640339851379395, loss 1: 1.9332268238067627, loss 2: 0.001308072474785149
server loss: tensor([[0.9182, 0.7516, 0.7125, 0.6664, 0.6995, 0.7198, 0.6593, 0.6681],
        [0.7310, 0.8631, 0.7413, 0.6137, 0.7224, 0.6964, 0.6695, 0.7283],
        [0.7358, 0.7437, 0.8920, 0.6576, 0.7831, 0.7475, 0.6604, 0.7494],
        [0.7275, 0.6980, 0.6508, 0.8580, 0.6878, 0.6736, 0.6653, 0.6582],
        [0.6946, 0.6844, 0.7100, 0.6439, 0.9221, 0.6675, 0.6498, 0.7018],
        [0.7126, 0.7117, 0.7252, 0.6534, 0.7001, 0.8733, 0.6926, 0.6863],
        [0.6910, 0.7116, 0.6595, 0.6391, 0.6800, 0.7061, 0.8894, 0.7398],
        [0.6914, 0.6872, 0.7095, 0.6085, 0.7333, 0.7126, 0.6937, 0.9588]],
       device='cuda:0')
client running:0/59, client loss: 2.063127279281616, loss 1: 1.9146103858947754, loss 2: 0.0014851691666990519
client running:1/59, client loss: 2.066544771194458, loss 1: 1.9421279430389404, loss 2: 0.0012441687285900116
client running:2/59, client loss: 2.0533347129821777, loss 1: 1.9660676717758179, loss 2: 0.0008726709056645632
client running:3/59, client loss: 2.04085373878479, loss 1: 1.9540594816207886, loss 2: 0.0008679434540681541
client running:4/59, client loss: 2.0859549045562744, loss 1: 1.9621986150741577, loss 2: 0.001237562159076333
client running:5/59, client loss: 2.0468902587890625, loss 1: 1.9501959085464478, loss 2: 0.0009669435676187277
client running:6/59, client loss: 2.0445923805236816, loss 1: 1.926767349243164, loss 2: 0.001178249716758728
client running:7/59, client loss: 2.01092529296875, loss 1: 1.9356849193572998, loss 2: 0.0007524039829149842
client running:8/59, client loss: 2.1154732704162598, loss 1: 1.9475629329681396, loss 2: 0.001679103821516037
client running:9/59, client loss: 2.0460734367370605, loss 1: 1.937255620956421, loss 2: 0.001088178250938654
client running:10/59, client loss: 2.0778017044067383, loss 1: 1.9550048112869263, loss 2: 0.0012279701186344028
client running:11/59, client loss: 2.02055287361145, loss 1: 1.947360634803772, loss 2: 0.0007319222204387188
client running:12/59, client loss: 2.0272228717803955, loss 1: 1.9321240186691284, loss 2: 0.0009509894298389554
client running:13/59, client loss: 2.048177480697632, loss 1: 1.9502352476119995, loss 2: 0.0009794221259653568
client running:14/59, client loss: 2.10125470161438, loss 1: 1.943507432937622, loss 2: 0.0015774720814079046
client running:15/59, client loss: 2.0131282806396484, loss 1: 1.953199863433838, loss 2: 0.0005992829683236778
client running:16/59, client loss: 2.073256254196167, loss 1: 1.9312551021575928, loss 2: 0.00142001174390316
client running:17/59, client loss: 2.0145628452301025, loss 1: 1.9445772171020508, loss 2: 0.0006998569006100297
client running:18/59, client loss: 2.0517847537994385, loss 1: 1.947887659072876, loss 2: 0.0010389715898782015
client running:19/59, client loss: 2.034106731414795, loss 1: 1.923720359802246, loss 2: 0.001103864749893546
client running:20/59, client loss: 2.040154457092285, loss 1: 1.9391851425170898, loss 2: 0.00100969267077744
client running:21/59, client loss: 2.0323660373687744, loss 1: 1.9233055114746094, loss 2: 0.0010906053939834237
client running:22/59, client loss: 2.049288272857666, loss 1: 1.9397433996200562, loss 2: 0.0010954479221254587
client running:23/59, client loss: 2.044349431991577, loss 1: 1.9587810039520264, loss 2: 0.000855683465488255
client running:24/59, client loss: 2.0252926349639893, loss 1: 1.9275575876235962, loss 2: 0.0009773498168215156
client running:25/59, client loss: 2.050034523010254, loss 1: 1.935500979423523, loss 2: 0.0011453363113105297
client running:26/59, client loss: 2.0136396884918213, loss 1: 1.9339661598205566, loss 2: 0.0007967358105815947
client running:27/59, client loss: 2.012057065963745, loss 1: 1.9506531953811646, loss 2: 0.0006140376208350062
client running:28/59, client loss: 2.0128345489501953, loss 1: 1.9393845796585083, loss 2: 0.0007344987243413925
client running:29/59, client loss: 2.0556893348693848, loss 1: 1.927697777748108, loss 2: 0.001279914751648903
client running:30/59, client loss: 2.0358660221099854, loss 1: 1.947760820388794, loss 2: 0.0008810530416667461
client running:31/59, client loss: 2.0326173305511475, loss 1: 1.946061611175537, loss 2: 0.0008655575220473111
client running:32/59, client loss: 2.0221776962280273, loss 1: 1.9422852993011475, loss 2: 0.0007989235455170274
client running:33/59, client loss: 2.067682981491089, loss 1: 1.9487255811691284, loss 2: 0.0011895737843587995
client running:34/59, client loss: 2.009166717529297, loss 1: 1.9245800971984863, loss 2: 0.000845865928567946
client running:35/59, client loss: 2.0332586765289307, loss 1: 1.9572844505310059, loss 2: 0.0007597430376335979
client running:36/59, client loss: 2.0492143630981445, loss 1: 1.9801968336105347, loss 2: 0.000690174987539649
client running:37/59, client loss: 2.039285898208618, loss 1: 1.9459232091903687, loss 2: 0.00093362748157233
client running:38/59, client loss: 2.0515847206115723, loss 1: 1.9417448043823242, loss 2: 0.0010984002146869898
client running:39/59, client loss: 2.0150532722473145, loss 1: 1.923811674118042, loss 2: 0.0009124150383286178
client running:40/59, client loss: 2.0329182147979736, loss 1: 1.951562762260437, loss 2: 0.0008135550888255239
client running:41/59, client loss: 2.0480384826660156, loss 1: 1.9275720119476318, loss 2: 0.0012046652846038342
client running:42/59, client loss: 2.0309154987335205, loss 1: 1.9344688653945923, loss 2: 0.0009644661331549287
client running:43/59, client loss: 2.0432519912719727, loss 1: 1.944077730178833, loss 2: 0.0009917420102283359
client running:44/59, client loss: 2.0129668712615967, loss 1: 1.9386566877365112, loss 2: 0.0007431029225699604
client running:45/59, client loss: 2.0185818672180176, loss 1: 1.9360111951828003, loss 2: 0.000825707393232733
client running:46/59, client loss: 2.018439531326294, loss 1: 1.94669771194458, loss 2: 0.0007174190250225365
client running:47/59, client loss: 2.0319113731384277, loss 1: 1.9457136392593384, loss 2: 0.0008619781583547592
client running:48/59, client loss: 2.051455020904541, loss 1: 1.939082145690918, loss 2: 0.0011237284634262323
client running:49/59, client loss: 2.0391318798065186, loss 1: 1.915308952331543, loss 2: 0.001238228753209114
client running:50/59, client loss: 2.0268759727478027, loss 1: 1.9362080097198486, loss 2: 0.0009066803613677621
client running:51/59, client loss: 2.043741464614868, loss 1: 1.9616206884384155, loss 2: 0.0008212084649130702
client running:52/59, client loss: 2.0393683910369873, loss 1: 1.928598165512085, loss 2: 0.0011077031958848238
client running:53/59, client loss: 2.0511317253112793, loss 1: 1.9601178169250488, loss 2: 0.0009101402829401195
client running:54/59, client loss: 2.0277557373046875, loss 1: 1.9448628425598145, loss 2: 0.0008289290126413107
client running:55/59, client loss: 2.027615547180176, loss 1: 1.9608298540115356, loss 2: 0.0006678560748696327
client running:56/59, client loss: 2.088707447052002, loss 1: 1.9325957298278809, loss 2: 0.0015611171256750822
client running:57/59, client loss: 2.02078914642334, loss 1: 1.9299877882003784, loss 2: 0.0009080132003873587
client running:58/59, client loss: 2.0217559337615967, loss 1: 1.9414479732513428, loss 2: 0.0008030796889215708
server loss: tensor([[0.9401, 0.6666, 0.7155, 0.7863, 0.7303, 0.6685, 0.6708, 0.7918],
        [0.6705, 0.8343, 0.6766, 0.6941, 0.7116, 0.7619, 0.6660, 0.6738],
        [0.7279, 0.6780, 0.9887, 0.7391, 0.6793, 0.6822, 0.7625, 0.7127],
        [0.7701, 0.6697, 0.7579, 0.9032, 0.7118, 0.6749, 0.7216, 0.7439],
        [0.7629, 0.7126, 0.6903, 0.7555, 0.9246, 0.7068, 0.6744, 0.7254],
        [0.7103, 0.7951, 0.7170, 0.7234, 0.7359, 0.8905, 0.6817, 0.7317],
        [0.7365, 0.7305, 0.8162, 0.7443, 0.7196, 0.6904, 0.8602, 0.7369],
        [0.7721, 0.6854, 0.6954, 0.7617, 0.6792, 0.6776, 0.6626, 0.9217]],
       device='cuda:0')
client running:0/59, client loss: 2.049964666366577, loss 1: 1.9499870538711548, loss 2: 0.0009997751330956817
client running:1/59, client loss: 2.0948288440704346, loss 1: 1.9556406736373901, loss 2: 0.0013918823096901178
client running:2/59, client loss: 2.0470118522644043, loss 1: 1.9392123222351074, loss 2: 0.0010779956355690956
client running:3/59, client loss: 2.0543434619903564, loss 1: 1.961785078048706, loss 2: 0.0009255830082111061
client running:4/59, client loss: 2.05495023727417, loss 1: 1.9520213603973389, loss 2: 0.0010292889783158898
client running:5/59, client loss: 2.058697462081909, loss 1: 1.9456554651260376, loss 2: 0.0011304200161248446
client running:6/59, client loss: 2.0239980220794678, loss 1: 1.929250955581665, loss 2: 0.0009474713588133454
client running:7/59, client loss: 2.035283088684082, loss 1: 1.9399899244308472, loss 2: 0.0009529311791993678
client running:8/59, client loss: 2.0658905506134033, loss 1: 1.9353201389312744, loss 2: 0.0013057051692157984
client running:9/59, client loss: 2.0740513801574707, loss 1: 1.945713996887207, loss 2: 0.0012833733344450593
client running:10/59, client loss: 2.068220615386963, loss 1: 1.9698901176452637, loss 2: 0.0009833055082708597
client running:11/59, client loss: 2.0746066570281982, loss 1: 1.9444570541381836, loss 2: 0.001301495125517249
client running:12/59, client loss: 2.075301170349121, loss 1: 1.9455304145812988, loss 2: 0.0012977076694369316
client running:13/59, client loss: 2.052802801132202, loss 1: 1.9510012865066528, loss 2: 0.0010180161334574223
client running:14/59, client loss: 2.0701067447662354, loss 1: 1.945501685142517, loss 2: 0.0012460509315133095
client running:15/59, client loss: 2.0810341835021973, loss 1: 1.9594287872314453, loss 2: 0.0012160539627075195
client running:16/59, client loss: 2.0294597148895264, loss 1: 1.9306418895721436, loss 2: 0.0009881784208118916
client running:17/59, client loss: 2.0344669818878174, loss 1: 1.9284300804138184, loss 2: 0.0010603682603687048
client running:18/59, client loss: 2.0879976749420166, loss 1: 1.9431140422821045, loss 2: 0.0014488352462649345
client running:19/59, client loss: 2.0389370918273926, loss 1: 1.941943883895874, loss 2: 0.0009699324145913124
client running:20/59, client loss: 2.0518503189086914, loss 1: 1.9581754207611084, loss 2: 0.0009367501479573548
client running:21/59, client loss: 2.0464766025543213, loss 1: 1.9338369369506836, loss 2: 0.001126395771279931
client running:22/59, client loss: 2.051644802093506, loss 1: 1.9440550804138184, loss 2: 0.0010758972493931651
client running:23/59, client loss: 2.007722854614258, loss 1: 1.9323437213897705, loss 2: 0.0007537916535511613
client running:24/59, client loss: 2.057415723800659, loss 1: 1.935361385345459, loss 2: 0.0012205441016703844
client running:25/59, client loss: 2.012158155441284, loss 1: 1.9321937561035156, loss 2: 0.0007996431668289006
client running:26/59, client loss: 2.0802242755889893, loss 1: 1.9388561248779297, loss 2: 0.0014136808458715677
client running:27/59, client loss: 2.0472052097320557, loss 1: 1.944669246673584, loss 2: 0.0010253596119582653
client running:28/59, client loss: 2.068166732788086, loss 1: 1.9476921558380127, loss 2: 0.001204746775329113
client running:29/59, client loss: 2.0323710441589355, loss 1: 1.9453492164611816, loss 2: 0.0008702191989868879
client running:30/59, client loss: 2.032822608947754, loss 1: 1.9189951419830322, loss 2: 0.0011382738593965769
client running:31/59, client loss: 2.0592968463897705, loss 1: 1.9687622785568237, loss 2: 0.0009053465910255909
client running:32/59, client loss: 2.0083882808685303, loss 1: 1.9440650939941406, loss 2: 0.0006432317895814776
client running:33/59, client loss: 2.0280773639678955, loss 1: 1.9271864891052246, loss 2: 0.0010089087300002575
client running:34/59, client loss: 2.0552878379821777, loss 1: 1.9403462409973145, loss 2: 0.0011494167847558856
client running:35/59, client loss: 2.0427775382995605, loss 1: 1.9530534744262695, loss 2: 0.0008972408249974251
client running:36/59, client loss: 2.048741579055786, loss 1: 1.951951026916504, loss 2: 0.0009679053910076618
client running:37/59, client loss: 2.035255193710327, loss 1: 1.9296760559082031, loss 2: 0.0010557904606685042
client running:38/59, client loss: 2.005033493041992, loss 1: 1.9253264665603638, loss 2: 0.0007970713195390999
client running:39/59, client loss: 2.0259459018707275, loss 1: 1.9554880857467651, loss 2: 0.000704578182194382
client running:40/59, client loss: 2.015838861465454, loss 1: 1.9384784698486328, loss 2: 0.0007736033876426518
client running:41/59, client loss: 2.0389323234558105, loss 1: 1.9496948719024658, loss 2: 0.0008923737332224846
client running:42/59, client loss: 2.0367887020111084, loss 1: 1.9553509950637817, loss 2: 0.0008143759332597256
client running:43/59, client loss: 2.012777805328369, loss 1: 1.9499796628952026, loss 2: 0.0006279819062910974
client running:44/59, client loss: 2.0419936180114746, loss 1: 1.9550676345825195, loss 2: 0.0008692598203197122
client running:45/59, client loss: 2.120114803314209, loss 1: 1.9302113056182861, loss 2: 0.0018990356475114822
client running:46/59, client loss: 2.061800241470337, loss 1: 1.9555062055587769, loss 2: 0.0010629409225657582
client running:47/59, client loss: 2.045104742050171, loss 1: 1.94146728515625, loss 2: 0.001036373432725668
client running:48/59, client loss: 2.0348715782165527, loss 1: 1.9396963119506836, loss 2: 0.0009517534053884447
client running:49/59, client loss: 2.0608532428741455, loss 1: 1.9418054819107056, loss 2: 0.0011904776329174638
client running:50/59, client loss: 2.0730133056640625, loss 1: 1.9640378952026367, loss 2: 0.0010897547472268343
client running:51/59, client loss: 2.0478177070617676, loss 1: 1.9572265148162842, loss 2: 0.0009059114381670952
client running:52/59, client loss: 2.042227029800415, loss 1: 1.939480185508728, loss 2: 0.0010274691740050912
client running:53/59, client loss: 2.042220115661621, loss 1: 1.9621809720993042, loss 2: 0.0008003914263099432
client running:54/59, client loss: 2.020085573196411, loss 1: 1.9482805728912354, loss 2: 0.0007180502288974822
client running:55/59, client loss: 2.0387797355651855, loss 1: 1.9714676141738892, loss 2: 0.0006731211906298995
client running:56/59, client loss: 2.0318493843078613, loss 1: 1.9576869010925293, loss 2: 0.000741624622605741
client running:57/59, client loss: 2.0341379642486572, loss 1: 1.9386420249938965, loss 2: 0.0009549589594826102
client running:58/59, client loss: 2.0396463871002197, loss 1: 1.9534151554107666, loss 2: 0.0008623130852356553
server loss: tensor([[0.9481, 0.6954, 0.6762, 0.7702, 0.7095, 0.6840, 0.7272, 0.6667],
        [0.6630, 0.8235, 0.7859, 0.7327, 0.6840, 0.7410, 0.6915, 0.6843],
        [0.6785, 0.7303, 0.9321, 0.7278, 0.6899, 0.7109, 0.7113, 0.7181],
        [0.7609, 0.6950, 0.6923, 0.9437, 0.7199, 0.7109, 0.7214, 0.6794],
        [0.7571, 0.7122, 0.6935, 0.7853, 0.8223, 0.7135, 0.7494, 0.6671],
        [0.6731, 0.7030, 0.6819, 0.6998, 0.7180, 0.9171, 0.6675, 0.6676],
        [0.7120, 0.7036, 0.7069, 0.7492, 0.6672, 0.6539, 0.8245, 0.6864],
        [0.6740, 0.7418, 0.7155, 0.7041, 0.6910, 0.7081, 0.7490, 0.8339]],
       device='cuda:0')
client running:0/59, client loss: 2.0529744625091553, loss 1: 1.9412569999694824, loss 2: 0.0011171747464686632
client running:1/59, client loss: 2.0502207279205322, loss 1: 1.963813304901123, loss 2: 0.0008640752057544887
client running:2/59, client loss: 2.028395175933838, loss 1: 1.9430269002914429, loss 2: 0.0008536833920516074
client running:3/59, client loss: 2.049293279647827, loss 1: 1.9338959455490112, loss 2: 0.0011539723491296172
client running:4/59, client loss: 2.0340230464935303, loss 1: 1.9519473314285278, loss 2: 0.0008207566570490599
client running:5/59, client loss: 2.039126396179199, loss 1: 1.9399863481521606, loss 2: 0.0009914005640894175
client running:6/59, client loss: 2.075474500656128, loss 1: 1.9598453044891357, loss 2: 0.001156291225925088
client running:7/59, client loss: 2.049820899963379, loss 1: 1.9403802156448364, loss 2: 0.0010944078676402569
client running:8/59, client loss: 2.124619245529175, loss 1: 1.9436757564544678, loss 2: 0.0018094349652528763
client running:9/59, client loss: 2.0404560565948486, loss 1: 1.9448051452636719, loss 2: 0.0009565095533616841
client running:10/59, client loss: 2.07456636428833, loss 1: 1.9564552307128906, loss 2: 0.0011811107397079468
client running:11/59, client loss: 2.0626437664031982, loss 1: 1.9615806341171265, loss 2: 0.0010106302797794342
client running:12/59, client loss: 2.0264205932617188, loss 1: 1.9525667428970337, loss 2: 0.0007385374628938735
client running:13/59, client loss: 2.076284408569336, loss 1: 1.9642832279205322, loss 2: 0.001120011555030942
client running:14/59, client loss: 2.0386276245117188, loss 1: 1.9351460933685303, loss 2: 0.0010348157957196236
client running:15/59, client loss: 2.0099594593048096, loss 1: 1.945457935333252, loss 2: 0.000645014108158648
client running:16/59, client loss: 2.051790475845337, loss 1: 1.9424138069152832, loss 2: 0.001093767350539565
client running:17/59, client loss: 2.0264503955841064, loss 1: 1.947249174118042, loss 2: 0.0007920110947452486
client running:18/59, client loss: 2.067079544067383, loss 1: 1.9530258178710938, loss 2: 0.0011405376717448235
client running:19/59, client loss: 2.069523572921753, loss 1: 1.9502604007720947, loss 2: 0.0011926317820325494
client running:20/59, client loss: 2.0487701892852783, loss 1: 1.9690004587173462, loss 2: 0.0007976974011398852
client running:21/59, client loss: 2.0351054668426514, loss 1: 1.9553958177566528, loss 2: 0.0007970969309099019
client running:22/59, client loss: 2.029477834701538, loss 1: 1.9427481889724731, loss 2: 0.0008672974072396755
client running:23/59, client loss: 2.0264241695404053, loss 1: 1.9339613914489746, loss 2: 0.0009246282861568034
client running:24/59, client loss: 2.0913612842559814, loss 1: 1.9585168361663818, loss 2: 0.00132844434119761
client running:25/59, client loss: 2.0893917083740234, loss 1: 1.9631108045578003, loss 2: 0.0012628091499209404
client running:26/59, client loss: 2.049777030944824, loss 1: 1.935776948928833, loss 2: 0.0011400007642805576
client running:27/59, client loss: 2.0351665019989014, loss 1: 1.9404648542404175, loss 2: 0.0009470161749050021
client running:28/59, client loss: 2.0376944541931152, loss 1: 1.9428751468658447, loss 2: 0.0009481918532401323
client running:29/59, client loss: 2.008711338043213, loss 1: 1.9478352069854736, loss 2: 0.0006087623187340796
client running:30/59, client loss: 2.0140435695648193, loss 1: 1.9293103218078613, loss 2: 0.0008473321795463562
client running:31/59, client loss: 2.065469741821289, loss 1: 1.9551500082015991, loss 2: 0.0011031966423615813
client running:32/59, client loss: 2.0741472244262695, loss 1: 1.9381526708602905, loss 2: 0.0013599458616226912
client running:33/59, client loss: 2.0722012519836426, loss 1: 1.9660426378250122, loss 2: 0.0010615860810503364
client running:34/59, client loss: 2.055081367492676, loss 1: 1.9383870363235474, loss 2: 0.001166944275610149
client running:35/59, client loss: 2.062878370285034, loss 1: 1.9452184438705444, loss 2: 0.0011765982490032911
client running:36/59, client loss: 2.0049967765808105, loss 1: 1.945873498916626, loss 2: 0.000591231684666127
client running:37/59, client loss: 2.095489501953125, loss 1: 1.9551193714141846, loss 2: 0.0014037014916539192
client running:38/59, client loss: 2.058546543121338, loss 1: 1.9427790641784668, loss 2: 0.0011576751712709665
client running:39/59, client loss: 2.0148086547851562, loss 1: 1.9486747980117798, loss 2: 0.0006613376317545772
client running:40/59, client loss: 2.065955877304077, loss 1: 1.9607350826263428, loss 2: 0.0010522078955546021
client running:41/59, client loss: 2.019322633743286, loss 1: 1.9150443077087402, loss 2: 0.001042783260345459
client running:42/59, client loss: 2.051408052444458, loss 1: 1.9466357231140137, loss 2: 0.0010477228788658977
client running:43/59, client loss: 2.0344865322113037, loss 1: 1.9467730522155762, loss 2: 0.0008771357825025916
client running:44/59, client loss: 2.026559352874756, loss 1: 1.9508013725280762, loss 2: 0.000757580972276628
client running:45/59, client loss: 2.043422222137451, loss 1: 1.9480602741241455, loss 2: 0.0009536187862977386
client running:46/59, client loss: 2.0477757453918457, loss 1: 1.9511736631393433, loss 2: 0.0009660207433626056
client running:47/59, client loss: 2.025527000427246, loss 1: 1.9486461877822876, loss 2: 0.0007688079494982958
client running:48/59, client loss: 2.0436630249023438, loss 1: 1.939589023590088, loss 2: 0.0010407399386167526
client running:49/59, client loss: 2.0946285724639893, loss 1: 1.9511479139328003, loss 2: 0.0014348060358315706
client running:50/59, client loss: 2.0199694633483887, loss 1: 1.9520705938339233, loss 2: 0.0006789894541725516
client running:51/59, client loss: 2.01064133644104, loss 1: 1.9272617101669312, loss 2: 0.0008337965700775385
client running:52/59, client loss: 2.0236613750457764, loss 1: 1.9388399124145508, loss 2: 0.0008482150151394308
client running:53/59, client loss: 2.0069375038146973, loss 1: 1.929017424583435, loss 2: 0.0007792008691467345
client running:54/59, client loss: 2.0261876583099365, loss 1: 1.945961833000183, loss 2: 0.0008022586116567254
client running:55/59, client loss: 2.029326915740967, loss 1: 1.9421323537826538, loss 2: 0.0008719466277398169
client running:56/59, client loss: 2.062654495239258, loss 1: 1.9521294832229614, loss 2: 0.0011052496265619993
client running:57/59, client loss: 2.0222084522247314, loss 1: 1.9257590770721436, loss 2: 0.0009644929086789489
client running:58/59, client loss: 2.063009262084961, loss 1: 1.9603404998779297, loss 2: 0.001026686979457736
server loss: tensor([[0.8348, 0.7077, 0.6603, 0.7373, 0.6679, 0.6927, 0.6903, 0.6566],
        [0.6980, 0.8174, 0.6325, 0.7104, 0.6743, 0.6426, 0.6743, 0.6765],
        [0.6943, 0.7358, 0.7935, 0.7092, 0.6839, 0.6938, 0.7065, 0.6957],
        [0.7387, 0.7421, 0.6314, 0.9546, 0.6939, 0.6496, 0.7321, 0.7241],
        [0.6742, 0.6987, 0.6041, 0.7211, 0.9396, 0.6411, 0.7306, 0.7315],
        [0.8026, 0.7624, 0.6811, 0.7413, 0.7033, 0.8155, 0.7563, 0.7100],
        [0.7283, 0.7131, 0.6515, 0.7526, 0.7137, 0.6517, 0.8745, 0.7541],
        [0.7016, 0.7105, 0.6478, 0.7438, 0.7326, 0.6266, 0.7618, 0.8935]],
       device='cuda:0')
server average tensor
client running:0/59, client loss: 2.0072312355041504, loss 1: 1.9070075750350952, loss 2: 0.001002236851491034
client running:1/59, client loss: 2.0998735427856445, loss 1: 1.9491758346557617, loss 2: 0.0015069771325215697
client running:2/59, client loss: 2.068419933319092, loss 1: 1.9426891803741455, loss 2: 0.0012573072453960776
client running:3/59, client loss: 2.0867433547973633, loss 1: 1.9492402076721191, loss 2: 0.0013750314246863127
client running:4/59, client loss: 2.0288596153259277, loss 1: 1.9334038496017456, loss 2: 0.0009545579086989164
client running:5/59, client loss: 2.0390875339508057, loss 1: 1.9440791606903076, loss 2: 0.00095008360221982
client running:6/59, client loss: 2.047281265258789, loss 1: 1.9581220149993896, loss 2: 0.0008915922953747213
client running:7/59, client loss: 2.081150770187378, loss 1: 1.9519765377044678, loss 2: 0.0012917416170239449
client running:8/59, client loss: 2.0683095455169678, loss 1: 1.9381166696548462, loss 2: 0.001301927724853158
client running:9/59, client loss: 2.0890119075775146, loss 1: 1.9286785125732422, loss 2: 0.0016033332794904709
client running:10/59, client loss: 2.0339713096618652, loss 1: 1.9504441022872925, loss 2: 0.0008352730656042695
client running:11/59, client loss: 2.059921979904175, loss 1: 1.9555447101593018, loss 2: 0.001043772790580988
client running:12/59, client loss: 2.0609092712402344, loss 1: 1.950847864151001, loss 2: 0.0011006130371242762
client running:13/59, client loss: 2.0156476497650146, loss 1: 1.9151155948638916, loss 2: 0.0010053205769509077
client running:14/59, client loss: 2.0020577907562256, loss 1: 1.9367220401763916, loss 2: 0.0006533576524816453
client running:15/59, client loss: 2.029348373413086, loss 1: 1.925729513168335, loss 2: 0.0010361874010413885
client running:16/59, client loss: 2.0745656490325928, loss 1: 1.9595978260040283, loss 2: 0.0011496783699840307
client running:17/59, client loss: 2.012131929397583, loss 1: 1.9305102825164795, loss 2: 0.0008162168087437749
client running:18/59, client loss: 2.0520756244659424, loss 1: 1.9418853521347046, loss 2: 0.0011019023368135095
client running:19/59, client loss: 2.0433409214019775, loss 1: 1.9304953813552856, loss 2: 0.0011284553911536932
client running:20/59, client loss: 2.041059732437134, loss 1: 1.9415526390075684, loss 2: 0.0009950704406946898
client running:21/59, client loss: 2.0333571434020996, loss 1: 1.923717737197876, loss 2: 0.0010963943786919117
client running:22/59, client loss: 2.038891077041626, loss 1: 1.9218111038208008, loss 2: 0.0011708003003150225
client running:23/59, client loss: 2.044525146484375, loss 1: 1.9570131301879883, loss 2: 0.0008751209825277328
client running:24/59, client loss: 2.0353446006774902, loss 1: 1.9239864349365234, loss 2: 0.0011135811218991876
client running:25/59, client loss: 2.0006542205810547, loss 1: 1.9342308044433594, loss 2: 0.0006642348598688841
client running:26/59, client loss: 2.022549867630005, loss 1: 1.9417394399642944, loss 2: 0.0008081033593043685
client running:27/59, client loss: 2.0205018520355225, loss 1: 1.9435807466506958, loss 2: 0.0007692104554735124
client running:28/59, client loss: 2.042853593826294, loss 1: 1.9445775747299194, loss 2: 0.0009827596368268132
client running:29/59, client loss: 2.0616183280944824, loss 1: 1.9433642625808716, loss 2: 0.001182541367597878
client running:30/59, client loss: 2.0211472511291504, loss 1: 1.9533517360687256, loss 2: 0.000677954638376832
client running:31/59, client loss: 2.0723073482513428, loss 1: 1.957798957824707, loss 2: 0.0011450827587395906
client running:32/59, client loss: 2.020104169845581, loss 1: 1.9361448287963867, loss 2: 0.0008395924232900143
client running:33/59, client loss: 2.040412187576294, loss 1: 1.9425045251846313, loss 2: 0.0009790756739675999
client running:34/59, client loss: 2.049060821533203, loss 1: 1.9565839767456055, loss 2: 0.0009247683337889612
client running:35/59, client loss: 2.0324020385742188, loss 1: 1.9291906356811523, loss 2: 0.0010321136796846986
client running:36/59, client loss: 2.0561044216156006, loss 1: 1.9234557151794434, loss 2: 0.00132648809812963
client running:37/59, client loss: 2.037792444229126, loss 1: 1.9317941665649414, loss 2: 0.0010599829256534576
client running:38/59, client loss: 2.109802722930908, loss 1: 1.938146948814392, loss 2: 0.001716557890176773
client running:39/59, client loss: 2.0566773414611816, loss 1: 1.9519240856170654, loss 2: 0.0010475337039679289
client running:40/59, client loss: 2.0708866119384766, loss 1: 1.9583334922790527, loss 2: 0.0011255303397774696
client running:41/59, client loss: 2.021301507949829, loss 1: 1.9466521739959717, loss 2: 0.0007464934606105089
client running:42/59, client loss: 2.0317044258117676, loss 1: 1.9351387023925781, loss 2: 0.0009656576439738274
client running:43/59, client loss: 2.0755624771118164, loss 1: 1.9440693855285645, loss 2: 0.0013149308506399393
client running:44/59, client loss: 2.057534694671631, loss 1: 1.93704092502594, loss 2: 0.0012049371143803
client running:45/59, client loss: 2.0409300327301025, loss 1: 1.943603515625, loss 2: 0.0009732655016705394
client running:46/59, client loss: 2.0532665252685547, loss 1: 1.9500629901885986, loss 2: 0.0010320342844352126
client running:47/59, client loss: 2.0473062992095947, loss 1: 1.9216957092285156, loss 2: 0.0012561054900288582
client running:48/59, client loss: 2.0073046684265137, loss 1: 1.936866283416748, loss 2: 0.0007043841178528965
client running:49/59, client loss: 2.065850019454956, loss 1: 1.9273630380630493, loss 2: 0.0013848706148564816
client running:50/59, client loss: 2.030648708343506, loss 1: 1.9333266019821167, loss 2: 0.0009732202743180096
client running:51/59, client loss: 2.0182549953460693, loss 1: 1.9195903539657593, loss 2: 0.0009866462787613273
client running:52/59, client loss: 2.0310757160186768, loss 1: 1.938364863395691, loss 2: 0.0009271084563806653
client running:53/59, client loss: 2.0117130279541016, loss 1: 1.9019455909729004, loss 2: 0.001097674248740077
client running:54/59, client loss: 2.077402114868164, loss 1: 1.941894292831421, loss 2: 0.0013550780713558197
client running:55/59, client loss: 2.0940446853637695, loss 1: 1.931641936302185, loss 2: 0.001624027849175036
client running:56/59, client loss: 2.0052382946014404, loss 1: 1.9361844062805176, loss 2: 0.0006905383779667318
client running:57/59, client loss: 2.01871395111084, loss 1: 1.9273799657821655, loss 2: 0.0009133403655141592
client running:58/59, client loss: 2.049527168273926, loss 1: 1.9480998516082764, loss 2: 0.001014272216707468
server loss: tensor([[0.9045, 0.7685, 0.7412, 0.7878, 0.7770, 0.7929, 0.6859, 0.7208],
        [0.7232, 0.8747, 0.7134, 0.7707, 0.7224, 0.7151, 0.6374, 0.7270],
        [0.7272, 0.7413, 0.8301, 0.7754, 0.7519, 0.7161, 0.6506, 0.7372],
        [0.7372, 0.7484, 0.7380, 0.9740, 0.7414, 0.7212, 0.6450, 0.7279],
        [0.7421, 0.7536, 0.7118, 0.7674, 0.9168, 0.7435, 0.6653, 0.7233],
        [0.7200, 0.7567, 0.6858, 0.7412, 0.7367, 0.8703, 0.6457, 0.6845],
        [0.6293, 0.6075, 0.6315, 0.6328, 0.6599, 0.6491, 0.9360, 0.6802],
        [0.6971, 0.7084, 0.7436, 0.7396, 0.7301, 0.7117, 0.6821, 0.8411]],
       device='cuda:0')
client running:0/59, client loss: 2.080214262008667, loss 1: 1.948897123336792, loss 2: 0.0013131721643730998
client running:1/59, client loss: 2.0708844661712646, loss 1: 1.9303195476531982, loss 2: 0.0014056501677259803
client running:2/59, client loss: 2.0612967014312744, loss 1: 1.9558886289596558, loss 2: 0.0010540797375142574
client running:3/59, client loss: 2.03688645362854, loss 1: 1.9381226301193237, loss 2: 0.0009876377880573273
client running:4/59, client loss: 2.0699574947357178, loss 1: 1.9469209909439087, loss 2: 0.001230366062372923
client running:5/59, client loss: 2.038361072540283, loss 1: 1.9474445581436157, loss 2: 0.0009091647807508707
client running:6/59, client loss: 2.0667967796325684, loss 1: 1.9403035640716553, loss 2: 0.001264931750483811
client running:7/59, client loss: 2.057689666748047, loss 1: 1.9374443292617798, loss 2: 0.0012024524621665478
client running:8/59, client loss: 2.0249855518341064, loss 1: 1.9294222593307495, loss 2: 0.00095563376089558
client running:9/59, client loss: 2.024752378463745, loss 1: 1.9489376544952393, loss 2: 0.0007581462268717587
client running:10/59, client loss: 2.0502521991729736, loss 1: 1.9396497011184692, loss 2: 0.0011060242541134357
client running:11/59, client loss: 2.0670125484466553, loss 1: 1.9473073482513428, loss 2: 0.0011970526538789272
client running:12/59, client loss: 2.0524563789367676, loss 1: 1.9479405879974365, loss 2: 0.0010451573180034757
client running:13/59, client loss: 2.056516408920288, loss 1: 1.9526809453964233, loss 2: 0.0010383536573499441
client running:14/59, client loss: 2.02553391456604, loss 1: 1.9143824577331543, loss 2: 0.0011115139350295067
client running:15/59, client loss: 2.0451152324676514, loss 1: 1.935668706893921, loss 2: 0.0010944646783173084
client running:16/59, client loss: 2.025712490081787, loss 1: 1.9256930351257324, loss 2: 0.0010001950431615114
client running:17/59, client loss: 2.024836540222168, loss 1: 1.949389100074768, loss 2: 0.0007544740801677108
client running:18/59, client loss: 1.9916924238204956, loss 1: 1.9319617748260498, loss 2: 0.0005973064107820392
client running:19/59, client loss: 2.0652146339416504, loss 1: 1.9719713926315308, loss 2: 0.000932433526031673
client running:20/59, client loss: 2.028663396835327, loss 1: 1.9238886833190918, loss 2: 0.0010477480245754123
client running:21/59, client loss: 2.0724587440490723, loss 1: 1.9505690336227417, loss 2: 0.001218896359205246
client running:22/59, client loss: 2.086559534072876, loss 1: 1.962226390838623, loss 2: 0.001243330305442214
client running:23/59, client loss: 2.0597116947174072, loss 1: 1.9306268692016602, loss 2: 0.0012908484786748886
client running:24/59, client loss: 2.0100290775299072, loss 1: 1.9296412467956543, loss 2: 0.0008038777741603553
client running:25/59, client loss: 2.0300512313842773, loss 1: 1.929990291595459, loss 2: 0.0010006099473685026
client running:26/59, client loss: 2.059783935546875, loss 1: 1.9453175067901611, loss 2: 0.0011446637799963355
client running:27/59, client loss: 2.0128462314605713, loss 1: 1.9359697103500366, loss 2: 0.000768765457905829
client running:28/59, client loss: 2.021132230758667, loss 1: 1.950264573097229, loss 2: 0.0007086764089763165
client running:29/59, client loss: 2.0140347480773926, loss 1: 1.932863473892212, loss 2: 0.0008117129909805954
client running:30/59, client loss: 2.0859780311584473, loss 1: 1.9445579051971436, loss 2: 0.0014142023865133524
client running:31/59, client loss: 2.03385066986084, loss 1: 1.9531257152557373, loss 2: 0.0008072499185800552
client running:32/59, client loss: 2.0702641010284424, loss 1: 1.9437925815582275, loss 2: 0.001264715101569891
client running:33/59, client loss: 2.0358617305755615, loss 1: 1.9534696340560913, loss 2: 0.0008239209419116378
client running:34/59, client loss: 2.023693323135376, loss 1: 1.9389065504074097, loss 2: 0.000847867107950151
client running:35/59, client loss: 2.019604444503784, loss 1: 1.9246950149536133, loss 2: 0.0009490944212302566
client running:36/59, client loss: 2.030097723007202, loss 1: 1.9406625032424927, loss 2: 0.0008943520369939506
client running:37/59, client loss: 2.05964994430542, loss 1: 1.9429800510406494, loss 2: 0.0011666996870189905
client running:38/59, client loss: 2.0455257892608643, loss 1: 1.9565455913543701, loss 2: 0.0008898029336705804
client running:39/59, client loss: 2.051206588745117, loss 1: 1.972239375114441, loss 2: 0.0007896729512140155
client running:40/59, client loss: 2.040703773498535, loss 1: 1.9319274425506592, loss 2: 0.0010877628810703754
client running:41/59, client loss: 2.049360990524292, loss 1: 1.929997444152832, loss 2: 0.001193636329844594
client running:42/59, client loss: 2.0548348426818848, loss 1: 1.9426034688949585, loss 2: 0.0011223144829273224
client running:43/59, client loss: 2.0313453674316406, loss 1: 1.943423867225647, loss 2: 0.0008792160078883171
client running:44/59, client loss: 2.0056724548339844, loss 1: 1.9535298347473145, loss 2: 0.0005214253906160593
client running:45/59, client loss: 2.049783229827881, loss 1: 1.9270353317260742, loss 2: 0.0012274787295609713
client running:46/59, client loss: 2.0391745567321777, loss 1: 1.9551564455032349, loss 2: 0.0008401805534958839
client running:47/59, client loss: 2.0600650310516357, loss 1: 1.9346011877059937, loss 2: 0.0012546374928206205
client running:48/59, client loss: 2.0949084758758545, loss 1: 1.9625160694122314, loss 2: 0.0013239237014204264
client running:49/59, client loss: 2.0316405296325684, loss 1: 1.9402596950531006, loss 2: 0.0009138071909546852
client running:50/59, client loss: 2.059816837310791, loss 1: 1.927660584449768, loss 2: 0.0013215621002018452
client running:51/59, client loss: 2.0250391960144043, loss 1: 1.9427968263626099, loss 2: 0.0008224226767197251
client running:52/59, client loss: 2.025247097015381, loss 1: 1.9317493438720703, loss 2: 0.0009349780157208443
client running:53/59, client loss: 2.0257372856140137, loss 1: 1.9406054019927979, loss 2: 0.0008513191714882851
client running:54/59, client loss: 2.0459518432617188, loss 1: 1.9585084915161133, loss 2: 0.0008744342485442758
client running:55/59, client loss: 1.99632728099823, loss 1: 1.9362529516220093, loss 2: 0.0006007429328747094
client running:56/59, client loss: 2.043968677520752, loss 1: 1.924839735031128, loss 2: 0.0011912902118638158
client running:57/59, client loss: 2.056540012359619, loss 1: 1.9393824338912964, loss 2: 0.0011715751606971025
client running:58/59, client loss: 2.0308568477630615, loss 1: 1.9188213348388672, loss 2: 0.0011203545145690441
server loss: tensor([[0.9684, 0.7500, 0.7091, 0.7058, 0.6441, 0.6237, 0.6414, 0.6518],
        [0.7514, 0.9726, 0.7621, 0.7248, 0.6740, 0.6673, 0.6958, 0.6547],
        [0.6949, 0.7566, 0.8435, 0.6909, 0.6232, 0.6422, 0.6577, 0.6380],
        [0.7016, 0.7091, 0.6764, 0.9766, 0.6227, 0.6213, 0.6486, 0.6643],
        [0.7362, 0.7608, 0.7066, 0.7406, 0.7790, 0.6779, 0.6832, 0.7038],
        [0.6525, 0.6949, 0.6561, 0.6518, 0.6408, 0.9374, 0.6937, 0.6491],
        [0.6768, 0.7253, 0.6941, 0.6735, 0.6428, 0.6855, 0.9704, 0.7056],
        [0.7089, 0.7339, 0.6720, 0.7285, 0.6772, 0.6802, 0.7345, 0.7904]],
       device='cuda:0')
client running:0/59, client loss: 2.0458321571350098, loss 1: 1.9422998428344727, loss 2: 0.0010353231336921453
client running:1/59, client loss: 2.007774591445923, loss 1: 1.9066282510757446, loss 2: 0.001011463813483715
client running:2/59, client loss: 2.0883007049560547, loss 1: 1.966675043106079, loss 2: 0.0012162555940449238
client running:3/59, client loss: 2.0502660274505615, loss 1: 1.9300925731658936, loss 2: 0.0012017356930300593
client running:4/59, client loss: 2.0529870986938477, loss 1: 1.9374643564224243, loss 2: 0.001155227655544877
client running:5/59, client loss: 2.0839829444885254, loss 1: 1.953008770942688, loss 2: 0.0013097415212541819
client running:6/59, client loss: 2.03304123878479, loss 1: 1.9205307960510254, loss 2: 0.0011251033283770084
client running:7/59, client loss: 2.017477512359619, loss 1: 1.9271438121795654, loss 2: 0.0009033371461555362
client running:8/59, client loss: 2.038283109664917, loss 1: 1.9436278343200684, loss 2: 0.0009465536568313837
client running:9/59, client loss: 2.0273172855377197, loss 1: 1.9371401071548462, loss 2: 0.0009017724078148603
client running:10/59, client loss: 2.0453567504882812, loss 1: 1.9365829229354858, loss 2: 0.0010877386666834354
client running:11/59, client loss: 2.012425422668457, loss 1: 1.9239131212234497, loss 2: 0.000885122804902494
client running:12/59, client loss: 2.0333423614501953, loss 1: 1.93104887008667, loss 2: 0.0010229356121271849
client running:13/59, client loss: 2.0320162773132324, loss 1: 1.942091464996338, loss 2: 0.0008992475923150778
client running:14/59, client loss: 2.063601493835449, loss 1: 1.9697152376174927, loss 2: 0.0009388624457642436
client running:15/59, client loss: 2.1116583347320557, loss 1: 1.92789888381958, loss 2: 0.0018375940853729844
client running:16/59, client loss: 2.060729503631592, loss 1: 1.9413950443267822, loss 2: 0.0011933441273868084
client running:17/59, client loss: 2.0644736289978027, loss 1: 1.931963562965393, loss 2: 0.0013250996125862002
client running:18/59, client loss: 2.003122091293335, loss 1: 1.9389060735702515, loss 2: 0.0006421605357900262
client running:19/59, client loss: 2.095973253250122, loss 1: 1.9560129642486572, loss 2: 0.0013996035559102893
client running:20/59, client loss: 2.0244932174682617, loss 1: 1.934343695640564, loss 2: 0.0009014958050101995
client running:21/59, client loss: 2.1065406799316406, loss 1: 1.965532898902893, loss 2: 0.0014100769767537713
client running:22/59, client loss: 2.0434212684631348, loss 1: 1.948900818824768, loss 2: 0.0009452053927816451
client running:23/59, client loss: 2.0965545177459717, loss 1: 1.9652167558670044, loss 2: 0.0013133782194927335
client running:24/59, client loss: 2.036384344100952, loss 1: 1.9316123723983765, loss 2: 0.0010477205505594611
client running:25/59, client loss: 2.0241355895996094, loss 1: 1.9587039947509766, loss 2: 0.0006543158669956028
client running:26/59, client loss: 2.0655431747436523, loss 1: 1.9577105045318604, loss 2: 0.0010783273028209805
client running:27/59, client loss: 2.043729782104492, loss 1: 1.9298081398010254, loss 2: 0.001139216241426766
client running:28/59, client loss: 2.03205943107605, loss 1: 1.932605266571045, loss 2: 0.0009945407509803772
client running:29/59, client loss: 2.0679073333740234, loss 1: 1.9567605257034302, loss 2: 0.001111467368900776
client running:30/59, client loss: 2.0490317344665527, loss 1: 1.939139485359192, loss 2: 0.001098922686651349
client running:31/59, client loss: 2.0574405193328857, loss 1: 1.937835454940796, loss 2: 0.0011960507836192846
client running:32/59, client loss: 2.0430831909179688, loss 1: 1.9339529275894165, loss 2: 0.0010913031874224544
client running:33/59, client loss: 2.0265371799468994, loss 1: 1.92919921875, loss 2: 0.0009733804035931826
client running:34/59, client loss: 2.05645751953125, loss 1: 1.9427794218063354, loss 2: 0.0011367800179868937
client running:35/59, client loss: 2.020683526992798, loss 1: 1.9447381496429443, loss 2: 0.0007594541530124843
client running:36/59, client loss: 2.0481326580047607, loss 1: 1.9468705654144287, loss 2: 0.0010126209817826748
client running:37/59, client loss: 2.007274627685547, loss 1: 1.913144588470459, loss 2: 0.0009413009975105524
client running:38/59, client loss: 2.016305923461914, loss 1: 1.9548710584640503, loss 2: 0.0006143491482362151
client running:39/59, client loss: 2.0714941024780273, loss 1: 1.9644206762313843, loss 2: 0.001070733880624175
client running:40/59, client loss: 2.033935308456421, loss 1: 1.951983094215393, loss 2: 0.0008195212576538324
client running:41/59, client loss: 2.0134353637695312, loss 1: 1.9511723518371582, loss 2: 0.0006226294208317995
client running:42/59, client loss: 2.0434224605560303, loss 1: 1.927259087562561, loss 2: 0.0011616330593824387
client running:43/59, client loss: 2.0391321182250977, loss 1: 1.944625735282898, loss 2: 0.0009450637153349817
client running:44/59, client loss: 2.0248148441314697, loss 1: 1.9363393783569336, loss 2: 0.0008847535355016589
client running:45/59, client loss: 2.080469846725464, loss 1: 1.959636926651001, loss 2: 0.001208328758366406
client running:46/59, client loss: 2.037431478500366, loss 1: 1.934063196182251, loss 2: 0.0010336817940697074
client running:47/59, client loss: 2.046156406402588, loss 1: 1.9411290884017944, loss 2: 0.0010502723744139075
client running:48/59, client loss: 2.0316696166992188, loss 1: 1.9253393411636353, loss 2: 0.0010633028578013182
client running:49/59, client loss: 2.012948751449585, loss 1: 1.9311860799789429, loss 2: 0.0008176265400834382
client running:50/59, client loss: 2.04229998588562, loss 1: 1.962550401687622, loss 2: 0.0007974969921633601
client running:51/59, client loss: 2.0504000186920166, loss 1: 1.9334144592285156, loss 2: 0.0011698552407324314
client running:52/59, client loss: 2.0137364864349365, loss 1: 1.9242570400238037, loss 2: 0.000894795055501163
client running:53/59, client loss: 2.042525053024292, loss 1: 1.9447987079620361, loss 2: 0.0009772644843906164
client running:54/59, client loss: 2.068906545639038, loss 1: 1.9433517456054688, loss 2: 0.0012555480934679508
client running:55/59, client loss: 2.048837661743164, loss 1: 1.9485251903533936, loss 2: 0.0010031253332272172
client running:56/59, client loss: 2.030390739440918, loss 1: 1.9493889808654785, loss 2: 0.0008100167033262551
client running:57/59, client loss: 2.039645195007324, loss 1: 1.9491058588027954, loss 2: 0.0009053929825313389
client running:58/59, client loss: 2.0560600757598877, loss 1: 1.9471914768218994, loss 2: 0.0010886864038184285
server loss: tensor([[0.9221, 0.7546, 0.7894, 0.7732, 0.7113, 0.7748, 0.7773, 0.8110],
        [0.7450, 0.9703, 0.7348, 0.7694, 0.7318, 0.7189, 0.7868, 0.8048],
        [0.7532, 0.7348, 0.9562, 0.7798, 0.7103, 0.6904, 0.7521, 0.7736],
        [0.7594, 0.7711, 0.7768, 0.9536, 0.7187, 0.7266, 0.7803, 0.8306],
        [0.6749, 0.7135, 0.6887, 0.7126, 0.8594, 0.7172, 0.7028, 0.7355],
        [0.7585, 0.7356, 0.7391, 0.7807, 0.7303, 0.8965, 0.7412, 0.8182],
        [0.7477, 0.7793, 0.7269, 0.7353, 0.6879, 0.7021, 0.9418, 0.7959],
        [0.7471, 0.7784, 0.7269, 0.7979, 0.7102, 0.7413, 0.7893, 0.9604]],
       device='cuda:0')
client running:0/59, client loss: 2.0900673866271973, loss 1: 1.9434456825256348, loss 2: 0.0014662169851362705
client running:1/59, client loss: 2.036170482635498, loss 1: 1.952359914779663, loss 2: 0.0008381057996302843
client running:2/59, client loss: 2.0252413749694824, loss 1: 1.927957534790039, loss 2: 0.0009728391305543482
client running:3/59, client loss: 2.0608222484588623, loss 1: 1.947356939315796, loss 2: 0.001134653459303081
client running:4/59, client loss: 2.0227138996124268, loss 1: 1.9362844228744507, loss 2: 0.0008642948232591152
client running:5/59, client loss: 2.078092336654663, loss 1: 1.962770938873291, loss 2: 0.001153215067461133
client running:6/59, client loss: 2.024198055267334, loss 1: 1.9198946952819824, loss 2: 0.0010430347174406052
client running:7/59, client loss: 2.122788429260254, loss 1: 1.9272847175598145, loss 2: 0.001955036073923111
client running:8/59, client loss: 2.073106050491333, loss 1: 1.9596905708312988, loss 2: 0.0011341541539877653
client running:9/59, client loss: 2.056137800216675, loss 1: 1.950613021850586, loss 2: 0.0010552481980994344
client running:10/59, client loss: 2.034745454788208, loss 1: 1.9444952011108398, loss 2: 0.0009025034960359335
client running:11/59, client loss: 2.0258889198303223, loss 1: 1.957114815711975, loss 2: 0.0006877402774989605
client running:12/59, client loss: 2.053574800491333, loss 1: 1.9365754127502441, loss 2: 0.0011699944734573364
client running:13/59, client loss: 2.0618534088134766, loss 1: 1.9444241523742676, loss 2: 0.0011742935748770833
client running:14/59, client loss: 2.0727672576904297, loss 1: 1.921962857246399, loss 2: 0.0015080447774380445
client running:15/59, client loss: 2.11269211769104, loss 1: 1.9572854042053223, loss 2: 0.0015540679451078176
client running:16/59, client loss: 2.041452169418335, loss 1: 1.9613089561462402, loss 2: 0.0008014332852326334
client running:17/59, client loss: 2.060145616531372, loss 1: 1.9487273693084717, loss 2: 0.0011141833383589983
client running:18/59, client loss: 2.0116567611694336, loss 1: 1.9290032386779785, loss 2: 0.000826536095701158
client running:19/59, client loss: 2.0258684158325195, loss 1: 1.9327561855316162, loss 2: 0.0009311232715845108
client running:20/59, client loss: 2.0447232723236084, loss 1: 1.9514015913009644, loss 2: 0.0009332163026556373
client running:21/59, client loss: 2.0301382541656494, loss 1: 1.924832820892334, loss 2: 0.0010530537692829967
client running:22/59, client loss: 2.0277628898620605, loss 1: 1.9380358457565308, loss 2: 0.0008972697542048991
client running:23/59, client loss: 2.0444743633270264, loss 1: 1.948606252670288, loss 2: 0.0009586818632669747
client running:24/59, client loss: 1.9994276762008667, loss 1: 1.9424995183944702, loss 2: 0.0005692816921509802
client running:25/59, client loss: 2.049280881881714, loss 1: 1.9441101551055908, loss 2: 0.0010517078917473555
client running:26/59, client loss: 2.1006031036376953, loss 1: 1.9296233654022217, loss 2: 0.0017097977688536048
client running:27/59, client loss: 2.034782648086548, loss 1: 1.9314913749694824, loss 2: 0.0010329115903005004
client running:28/59, client loss: 2.0369606018066406, loss 1: 1.945555567741394, loss 2: 0.0009140509646385908
client running:29/59, client loss: 2.0336532592773438, loss 1: 1.9445652961730957, loss 2: 0.0008908792515285313
client running:30/59, client loss: 2.048285961151123, loss 1: 1.9506504535675049, loss 2: 0.0009763542329892516
client running:31/59, client loss: 2.0946407318115234, loss 1: 1.9559462070465088, loss 2: 0.0013869463000446558
client running:32/59, client loss: 2.026907444000244, loss 1: 1.94172203540802, loss 2: 0.0008518535178154707
client running:33/59, client loss: 2.104076862335205, loss 1: 1.9346067905426025, loss 2: 0.0016946995165199041
client running:34/59, client loss: 2.009751558303833, loss 1: 1.9498944282531738, loss 2: 0.0005985716707073152
client running:35/59, client loss: 2.0307493209838867, loss 1: 1.9488047361373901, loss 2: 0.0008194453548640013
client running:36/59, client loss: 2.0346992015838623, loss 1: 1.9368760585784912, loss 2: 0.000978232128545642
client running:37/59, client loss: 2.0388343334198, loss 1: 1.9479399919509888, loss 2: 0.0009089423110708594
client running:38/59, client loss: 2.0617663860321045, loss 1: 1.9303888082504272, loss 2: 0.0013137756614014506
client running:39/59, client loss: 2.053894519805908, loss 1: 1.9401901960372925, loss 2: 0.001137042767368257
client running:40/59, client loss: 2.0175864696502686, loss 1: 1.9490909576416016, loss 2: 0.0006849548080936074
client running:41/59, client loss: 2.031242847442627, loss 1: 1.9568630456924438, loss 2: 0.0007437973981723189
client running:42/59, client loss: 2.1357436180114746, loss 1: 1.9523398876190186, loss 2: 0.0018340368987992406
client running:43/59, client loss: 2.0724334716796875, loss 1: 1.963663101196289, loss 2: 0.0010877045569941401
client running:44/59, client loss: 2.02262020111084, loss 1: 1.9293413162231445, loss 2: 0.0009327890584245324
client running:45/59, client loss: 2.0479044914245605, loss 1: 1.9532305002212524, loss 2: 0.0009467387571930885
client running:46/59, client loss: 2.0620031356811523, loss 1: 1.9609286785125732, loss 2: 0.0010107445996254683
client running:47/59, client loss: 2.0714190006256104, loss 1: 1.9533025026321411, loss 2: 0.0011811640579253435
client running:48/59, client loss: 2.021984815597534, loss 1: 1.9307605028152466, loss 2: 0.0009122431511059403
client running:49/59, client loss: 2.0279505252838135, loss 1: 1.909533977508545, loss 2: 0.001184164546430111
client running:50/59, client loss: 2.023907423019409, loss 1: 1.9182765483856201, loss 2: 0.0010563078103587031
client running:51/59, client loss: 2.045372247695923, loss 1: 1.9469754695892334, loss 2: 0.0009839674457907677
client running:52/59, client loss: 2.010976552963257, loss 1: 1.9403300285339355, loss 2: 0.0007064659148454666
client running:53/59, client loss: 2.0498781204223633, loss 1: 1.957923173904419, loss 2: 0.0009195497259497643
client running:54/59, client loss: 2.0056145191192627, loss 1: 1.9476571083068848, loss 2: 0.0005795752513222396
client running:55/59, client loss: 2.052004814147949, loss 1: 1.9498400688171387, loss 2: 0.0010216463124379516
client running:56/59, client loss: 2.024576187133789, loss 1: 1.9332767724990845, loss 2: 0.0009129933314397931
client running:57/59, client loss: 2.009061336517334, loss 1: 1.9350507259368896, loss 2: 0.0007401066832244396
client running:58/59, client loss: 2.0544474124908447, loss 1: 1.9605624675750732, loss 2: 0.000938849407248199
server loss: tensor([[0.8292, 0.7557, 0.7700, 0.7555, 0.6283, 0.6859, 0.7675, 0.7331],
        [0.7448, 0.8441, 0.7185, 0.7249, 0.6548, 0.7133, 0.7227, 0.7101],
        [0.7130, 0.7305, 0.9169, 0.7581, 0.7313, 0.6758, 0.7069, 0.7193],
        [0.7935, 0.7499, 0.7849, 0.9356, 0.7055, 0.7129, 0.7711, 0.7380],
        [0.6987, 0.7268, 0.7599, 0.7377, 0.8499, 0.6685, 0.6843, 0.7127],
        [0.7167, 0.6739, 0.7264, 0.7006, 0.6700, 0.8773, 0.6771, 0.6788],
        [0.7941, 0.7334, 0.7353, 0.7435, 0.6552, 0.6346, 0.8873, 0.7488],
        [0.6929, 0.7414, 0.7244, 0.7159, 0.6794, 0.6669, 0.7676, 0.9405]],
       device='cuda:0')
client running:0/59, client loss: 2.0197370052337646, loss 1: 1.9481171369552612, loss 2: 0.0007161989342421293
client running:1/59, client loss: 2.0548770427703857, loss 1: 1.9224051237106323, loss 2: 0.0013247199822217226
client running:2/59, client loss: 2.040741443634033, loss 1: 1.9367343187332153, loss 2: 0.0010400712490081787
client running:3/59, client loss: 2.1069445610046387, loss 1: 1.9707865715026855, loss 2: 0.0013615794014185667
client running:4/59, client loss: 2.0782527923583984, loss 1: 1.9522066116333008, loss 2: 0.0012604609364643693
client running:5/59, client loss: 2.056006669998169, loss 1: 1.937819480895996, loss 2: 0.001181872095912695
client running:6/59, client loss: 2.0656754970550537, loss 1: 1.9548059701919556, loss 2: 0.0011086944723501801
client running:7/59, client loss: 2.08499813079834, loss 1: 1.9266644716262817, loss 2: 0.001583337550982833
client running:8/59, client loss: 2.028049945831299, loss 1: 1.96052885055542, loss 2: 0.0006752097979187965
client running:9/59, client loss: 2.0601770877838135, loss 1: 1.9472935199737549, loss 2: 0.0011288365349173546
client running:10/59, client loss: 2.018496036529541, loss 1: 1.9451100826263428, loss 2: 0.0007338586146943271
client running:11/59, client loss: 2.0474390983581543, loss 1: 1.9237871170043945, loss 2: 0.0012365193106234074
client running:12/59, client loss: 2.0116841793060303, loss 1: 1.925202488899231, loss 2: 0.0008648167713545263
client running:13/59, client loss: 2.040637969970703, loss 1: 1.947970986366272, loss 2: 0.000926670734770596
client running:14/59, client loss: 2.053006172180176, loss 1: 1.9571175575256348, loss 2: 0.0009588860557414591
client running:15/59, client loss: 2.0288188457489014, loss 1: 1.9487061500549316, loss 2: 0.0008011271129362285
client running:16/59, client loss: 2.020887851715088, loss 1: 1.9470382928848267, loss 2: 0.0007384951459243894
client running:17/59, client loss: 2.0347745418548584, loss 1: 1.937914490699768, loss 2: 0.0009686006233096123
client running:18/59, client loss: 2.0216641426086426, loss 1: 1.934849739074707, loss 2: 0.0008681431063450873
client running:19/59, client loss: 2.0700864791870117, loss 1: 1.9504241943359375, loss 2: 0.0011966231977567077
client running:20/59, client loss: 2.017090320587158, loss 1: 1.9394316673278809, loss 2: 0.000776587228756398
client running:21/59, client loss: 2.0745978355407715, loss 1: 1.9566234350204468, loss 2: 0.0011797444894909859
client running:22/59, client loss: 2.0799038410186768, loss 1: 1.9496517181396484, loss 2: 0.001302520977333188
client running:23/59, client loss: 2.0280604362487793, loss 1: 1.9408595561981201, loss 2: 0.0008720094920136034
client running:24/59, client loss: 2.048689365386963, loss 1: 1.9265207052230835, loss 2: 0.0012216864852234721
client running:25/59, client loss: 2.032543897628784, loss 1: 1.9410415887832642, loss 2: 0.0009150239638984203
client running:26/59, client loss: 2.084916114807129, loss 1: 1.9467977285385132, loss 2: 0.001381182810291648
client running:27/59, client loss: 2.0423738956451416, loss 1: 1.93118417263031, loss 2: 0.001111897872760892
client running:28/59, client loss: 2.0300395488739014, loss 1: 1.949629783630371, loss 2: 0.0008040986722335219
client running:29/59, client loss: 2.0370662212371826, loss 1: 1.9581935405731201, loss 2: 0.0007887278334237635
client running:30/59, client loss: 2.0352725982666016, loss 1: 1.938850998878479, loss 2: 0.0009642149088904262
client running:31/59, client loss: 2.026904344558716, loss 1: 1.9387824535369873, loss 2: 0.0008812197484076023
client running:32/59, client loss: 2.040534496307373, loss 1: 1.9334983825683594, loss 2: 0.0010703604202717543
client running:33/59, client loss: 2.097506046295166, loss 1: 1.9566121101379395, loss 2: 0.0014089402975514531
client running:34/59, client loss: 2.0763440132141113, loss 1: 1.9330073595046997, loss 2: 0.0014333660947158933
client running:35/59, client loss: 2.0620813369750977, loss 1: 1.9673267602920532, loss 2: 0.0009475451079197228
client running:36/59, client loss: 2.0145559310913086, loss 1: 1.9276777505874634, loss 2: 0.0008687806548550725
client running:37/59, client loss: 2.032240867614746, loss 1: 1.953877568244934, loss 2: 0.0007836335571482778
client running:38/59, client loss: 2.022545099258423, loss 1: 1.9405498504638672, loss 2: 0.0008199523435905576
client running:39/59, client loss: 2.0775938034057617, loss 1: 1.9422361850738525, loss 2: 0.0013535756152123213
client running:40/59, client loss: 2.054231882095337, loss 1: 1.954250693321228, loss 2: 0.0009998125024139881
client running:41/59, client loss: 2.007711172103882, loss 1: 1.9324427843093872, loss 2: 0.0007526844274252653
client running:42/59, client loss: 2.0720179080963135, loss 1: 1.951657772064209, loss 2: 0.0012036007829010487
client running:43/59, client loss: 2.01786732673645, loss 1: 1.928958535194397, loss 2: 0.000889088143594563
client running:44/59, client loss: 2.036608934402466, loss 1: 1.9549835920333862, loss 2: 0.0008162531303241849
client running:45/59, client loss: 2.019725799560547, loss 1: 1.926945686340332, loss 2: 0.0009278004290536046
client running:46/59, client loss: 2.0359411239624023, loss 1: 1.9473152160644531, loss 2: 0.0008862593676894903
client running:47/59, client loss: 2.091186046600342, loss 1: 1.9442508220672607, loss 2: 0.0014693525154143572
client running:48/59, client loss: 2.0652122497558594, loss 1: 1.9334723949432373, loss 2: 0.0013173980405554175
client running:49/59, client loss: 2.0534403324127197, loss 1: 1.9430078268051147, loss 2: 0.0011043245904147625
client running:50/59, client loss: 2.0501232147216797, loss 1: 1.941014051437378, loss 2: 0.001091092824935913
client running:51/59, client loss: 2.031216859817505, loss 1: 1.9331228733062744, loss 2: 0.0009809399489313364
client running:52/59, client loss: 2.0770606994628906, loss 1: 1.9670625925064087, loss 2: 0.0010999811347573996
client running:53/59, client loss: 2.04414701461792, loss 1: 1.9530189037322998, loss 2: 0.0009112811530940235
client running:54/59, client loss: 2.0374979972839355, loss 1: 1.9515286684036255, loss 2: 0.0008596938569098711
client running:55/59, client loss: 2.04252290725708, loss 1: 1.9380890130996704, loss 2: 0.0010443396167829633
client running:56/59, client loss: 2.0346477031707764, loss 1: 1.9653587341308594, loss 2: 0.000692889210768044
client running:57/59, client loss: 2.0740933418273926, loss 1: 1.978178858757019, loss 2: 0.0009591458365321159
client running:58/59, client loss: 1.981190800666809, loss 1: 1.9176955223083496, loss 2: 0.0006349526229314506
server loss: tensor([[0.9588, 0.6911, 0.7233, 0.6909, 0.7512, 0.7529, 0.7419, 0.7017],
        [0.7204, 0.8859, 0.7072, 0.6843, 0.7106, 0.7068, 0.6759, 0.7075],
        [0.7779, 0.6860, 0.9599, 0.7042, 0.7128, 0.7365, 0.7008, 0.6701],
        [0.7259, 0.6749, 0.7113, 0.9119, 0.7278, 0.7147, 0.6922, 0.7092],
        [0.7365, 0.6852, 0.7256, 0.6988, 0.9478, 0.7216, 0.7212, 0.6982],
        [0.7642, 0.7041, 0.7520, 0.7068, 0.7403, 0.9714, 0.7115, 0.7023],
        [0.7692, 0.6728, 0.7044, 0.7011, 0.7676, 0.7107, 0.8964, 0.6922],
        [0.7059, 0.6760, 0.6908, 0.7014, 0.7535, 0.6906, 0.6802, 0.8839]],
       device='cuda:0')
server average tensor
client running:0/59, client loss: 2.0953774452209473, loss 1: 1.944399118423462, loss 2: 0.001509784022346139
client running:1/59, client loss: 2.1560893058776855, loss 1: 1.9627158641815186, loss 2: 0.0019337343983352184
client running:2/59, client loss: 2.024198055267334, loss 1: 1.9335997104644775, loss 2: 0.0009059824515134096
client running:3/59, client loss: 2.062025308609009, loss 1: 1.9489182233810425, loss 2: 0.0011310717090964317
client running:4/59, client loss: 2.0475611686706543, loss 1: 1.92093026638031, loss 2: 0.0012663098750635982
client running:5/59, client loss: 2.1132636070251465, loss 1: 1.9541221857070923, loss 2: 0.0015914137475192547
client running:6/59, client loss: 2.0639588832855225, loss 1: 1.9424070119857788, loss 2: 0.001215519616380334
client running:7/59, client loss: 2.080803394317627, loss 1: 1.9418586492538452, loss 2: 0.0013894480653107166
client running:8/59, client loss: 2.06532883644104, loss 1: 1.9387192726135254, loss 2: 0.0012660962529480457
client running:9/59, client loss: 2.0737013816833496, loss 1: 1.9327806234359741, loss 2: 0.001409207470715046
client running:10/59, client loss: 2.02409291267395, loss 1: 1.9394347667694092, loss 2: 0.0008465821156278253
client running:11/59, client loss: 2.0923240184783936, loss 1: 1.9380804300308228, loss 2: 0.001542436657473445
client running:12/59, client loss: 2.04188871383667, loss 1: 1.9275219440460205, loss 2: 0.001143667846918106
client running:13/59, client loss: 2.026998281478882, loss 1: 1.9360034465789795, loss 2: 0.0009099480230361223
client running:14/59, client loss: 2.0916566848754883, loss 1: 1.9503101110458374, loss 2: 0.001413465361110866
client running:15/59, client loss: 2.0512516498565674, loss 1: 1.9394540786743164, loss 2: 0.0011179756838828325
client running:16/59, client loss: 2.029694080352783, loss 1: 1.9165760278701782, loss 2: 0.0011311813723295927
client running:17/59, client loss: 2.076174020767212, loss 1: 1.946702241897583, loss 2: 0.0012947183568030596
client running:18/59, client loss: 2.0397331714630127, loss 1: 1.9265451431274414, loss 2: 0.0011318802135065198
client running:19/59, client loss: 2.057990550994873, loss 1: 1.9386751651763916, loss 2: 0.0011931539047509432
client running:20/59, client loss: 2.0107128620147705, loss 1: 1.9291188716888428, loss 2: 0.0008159395074471831
client running:21/59, client loss: 2.037493944168091, loss 1: 1.9553016424179077, loss 2: 0.0008219238370656967
client running:22/59, client loss: 2.040342092514038, loss 1: 1.938278079032898, loss 2: 0.0010206402512267232
client running:23/59, client loss: 2.076183319091797, loss 1: 1.950284481048584, loss 2: 0.0012589887483045459
client running:24/59, client loss: 2.044269323348999, loss 1: 1.9265568256378174, loss 2: 0.0011771253775805235
client running:25/59, client loss: 2.0068113803863525, loss 1: 1.905367136001587, loss 2: 0.0010144419502466917
client running:26/59, client loss: 2.0571956634521484, loss 1: 1.9293538331985474, loss 2: 0.0012784178834408522
client running:27/59, client loss: 2.0367183685302734, loss 1: 1.9332159757614136, loss 2: 0.0010350237134844065
client running:28/59, client loss: 2.020777463912964, loss 1: 1.9402611255645752, loss 2: 0.0008051636395975947
client running:29/59, client loss: 2.05544114112854, loss 1: 1.946428894996643, loss 2: 0.00109012215398252
client running:30/59, client loss: 2.0507125854492188, loss 1: 1.9212968349456787, loss 2: 0.0012941587483510375
client running:31/59, client loss: 2.0177104473114014, loss 1: 1.9414610862731934, loss 2: 0.0007624933496117592
client running:32/59, client loss: 2.0391323566436768, loss 1: 1.9539645910263062, loss 2: 0.0008516773814335465
client running:33/59, client loss: 2.02085018157959, loss 1: 1.9372390508651733, loss 2: 0.0008361109648831189
client running:34/59, client loss: 2.0387275218963623, loss 1: 1.9650814533233643, loss 2: 0.0007364611374214292
client running:35/59, client loss: 2.0142123699188232, loss 1: 1.945866346359253, loss 2: 0.0006834610248915851
client running:36/59, client loss: 2.0270915031433105, loss 1: 1.9334648847579956, loss 2: 0.0009362669079564512
client running:37/59, client loss: 2.015261650085449, loss 1: 1.925074815750122, loss 2: 0.0009018676355481148
client running:38/59, client loss: 2.012542486190796, loss 1: 1.932005524635315, loss 2: 0.0008053704514168203
client running:39/59, client loss: 2.022814989089966, loss 1: 1.9486770629882812, loss 2: 0.0007413785788230598
client running:40/59, client loss: 2.040844202041626, loss 1: 1.938184142112732, loss 2: 0.0010266000172123313
client running:41/59, client loss: 2.0541439056396484, loss 1: 1.9395885467529297, loss 2: 0.0011455535423010588
client running:42/59, client loss: 2.042539358139038, loss 1: 1.9227492809295654, loss 2: 0.0011979001574218273
client running:43/59, client loss: 1.9954394102096558, loss 1: 1.914321780204773, loss 2: 0.0008111766655929387
client running:44/59, client loss: 2.0419015884399414, loss 1: 1.9352225065231323, loss 2: 0.001066790777258575
client running:45/59, client loss: 2.0472216606140137, loss 1: 1.9402321577072144, loss 2: 0.0010698947589844465
client running:46/59, client loss: 2.054567813873291, loss 1: 1.9515920877456665, loss 2: 0.0010297575499862432
client running:47/59, client loss: 2.0564255714416504, loss 1: 1.935257077217102, loss 2: 0.0012116845464333892
client running:48/59, client loss: 2.0074381828308105, loss 1: 1.922610878944397, loss 2: 0.000848272698931396
client running:49/59, client loss: 1.9736261367797852, loss 1: 1.9279000759124756, loss 2: 0.0004572606412693858
client running:50/59, client loss: 2.0387368202209473, loss 1: 1.9302146434783936, loss 2: 0.0010852216510102153
client running:51/59, client loss: 2.0391790866851807, loss 1: 1.9102054834365845, loss 2: 0.0012897357810288668
client running:52/59, client loss: 2.067058801651001, loss 1: 1.9345338344573975, loss 2: 0.0013252493226900697
client running:53/59, client loss: 2.030306100845337, loss 1: 1.9481451511383057, loss 2: 0.0008216102723963559
client running:54/59, client loss: 2.027989387512207, loss 1: 1.9515032768249512, loss 2: 0.0007648605387657881
client running:55/59, client loss: 1.994171142578125, loss 1: 1.9316062927246094, loss 2: 0.0006256486522033811
client running:56/59, client loss: 2.0021822452545166, loss 1: 1.9098231792449951, loss 2: 0.0009235909674316645
client running:57/59, client loss: 2.0350565910339355, loss 1: 1.9481257200241089, loss 2: 0.0008693091804161668
client running:58/59, client loss: 2.08396577835083, loss 1: 1.9532815217971802, loss 2: 0.0013068438274785876
server loss: tensor([[0.8054, 0.7123, 0.6927, 0.6589, 0.6640, 0.6604, 0.7352, 0.7290],
        [0.6936, 0.9566, 0.7301, 0.6857, 0.6531, 0.6763, 0.7163, 0.6891],
        [0.6850, 0.7477, 0.8123, 0.6816, 0.6195, 0.6923, 0.7293, 0.7198],
        [0.6839, 0.7562, 0.7458, 0.9145, 0.6517, 0.6900, 0.7235, 0.7260],
        [0.7313, 0.7529, 0.6809, 0.6641, 0.8396, 0.6712, 0.7239, 0.7333],
        [0.6708, 0.7181, 0.7470, 0.7047, 0.6294, 0.8979, 0.7198, 0.7236],
        [0.6833, 0.7504, 0.7050, 0.6758, 0.6022, 0.6555, 0.8724, 0.6768],
        [0.7125, 0.7174, 0.7087, 0.6702, 0.6593, 0.6574, 0.7035, 0.8599]],
       device='cuda:0')
client running:0/59, client loss: 2.0473666191101074, loss 1: 1.925626516342163, loss 2: 0.0012174004223197699
client running:1/59, client loss: 2.1202502250671387, loss 1: 1.9705169200897217, loss 2: 0.0014973334036767483
client running:2/59, client loss: 2.0289313793182373, loss 1: 1.9314045906066895, loss 2: 0.0009752687765285373
client running:3/59, client loss: 2.0675363540649414, loss 1: 1.9504320621490479, loss 2: 0.0011710419785231352
client running:4/59, client loss: 2.034296751022339, loss 1: 1.939154863357544, loss 2: 0.0009514183038845658
client running:5/59, client loss: 2.0329554080963135, loss 1: 1.934854507446289, loss 2: 0.000981008866801858
client running:6/59, client loss: 2.0767197608947754, loss 1: 1.961168646812439, loss 2: 0.0011555112432688475
client running:7/59, client loss: 2.0942137241363525, loss 1: 1.9315354824066162, loss 2: 0.0016267835162580013
client running:8/59, client loss: 2.0508594512939453, loss 1: 1.942222237586975, loss 2: 0.001086372067220509
client running:9/59, client loss: 2.0831708908081055, loss 1: 1.9273102283477783, loss 2: 0.0015586058143526316
client running:10/59, client loss: 2.022169828414917, loss 1: 1.9390777349472046, loss 2: 0.0008309214608743787
client running:11/59, client loss: 2.042667865753174, loss 1: 1.9449193477630615, loss 2: 0.0009774857899174094
client running:12/59, client loss: 2.0997729301452637, loss 1: 1.9408316612243652, loss 2: 0.001589412335306406
client running:13/59, client loss: 2.0337445735931396, loss 1: 1.9461215734481812, loss 2: 0.0008762302459217608
client running:14/59, client loss: 2.0623412132263184, loss 1: 1.9456778764724731, loss 2: 0.0011666328646242619
client running:15/59, client loss: 2.0267393589019775, loss 1: 1.9277430772781372, loss 2: 0.0009899628348648548
client running:16/59, client loss: 2.0569095611572266, loss 1: 1.9526588916778564, loss 2: 0.0010425066575407982
client running:17/59, client loss: 1.9959529638290405, loss 1: 1.9208706617355347, loss 2: 0.0007508224807679653
client running:18/59, client loss: 2.0442252159118652, loss 1: 1.9440734386444092, loss 2: 0.0010015186853706837
client running:19/59, client loss: 2.039167881011963, loss 1: 1.948426365852356, loss 2: 0.0009074144763872027
client running:20/59, client loss: 2.0691566467285156, loss 1: 1.9372320175170898, loss 2: 0.0013192465994507074
client running:21/59, client loss: 2.0087687969207764, loss 1: 1.9313278198242188, loss 2: 0.0007744104950688779
client running:22/59, client loss: 2.0415642261505127, loss 1: 1.9504814147949219, loss 2: 0.0009108291123993695
client running:23/59, client loss: 2.094447135925293, loss 1: 1.939107060432434, loss 2: 0.001553401118144393
client running:24/59, client loss: 2.0602707862854004, loss 1: 1.9419286251068115, loss 2: 0.0011834220495074987
client running:25/59, client loss: 2.063951015472412, loss 1: 1.9497681856155396, loss 2: 0.0011418284848332405
client running:26/59, client loss: 2.0288915634155273, loss 1: 1.9329566955566406, loss 2: 0.0009593492723070085
client running:27/59, client loss: 2.040410280227661, loss 1: 1.9681627750396729, loss 2: 0.0007224760483950377
client running:28/59, client loss: 2.035792827606201, loss 1: 1.925670862197876, loss 2: 0.0011012196773663163
client running:29/59, client loss: 2.0336754322052, loss 1: 1.9368218183517456, loss 2: 0.000968535547144711
client running:30/59, client loss: 2.026130437850952, loss 1: 1.932950496673584, loss 2: 0.0009317996446043253
client running:31/59, client loss: 2.0783278942108154, loss 1: 1.9683563709259033, loss 2: 0.0010997159406542778
client running:32/59, client loss: 2.0498993396759033, loss 1: 1.9236444234848022, loss 2: 0.0012625495437532663
client running:33/59, client loss: 2.0270280838012695, loss 1: 1.9370616674423218, loss 2: 0.0008996647084131837
client running:34/59, client loss: 2.052560806274414, loss 1: 1.9480922222137451, loss 2: 0.0010446857195347548
client running:35/59, client loss: 2.0429928302764893, loss 1: 1.9413222074508667, loss 2: 0.001016706693917513
client running:36/59, client loss: 2.0547173023223877, loss 1: 1.9482505321502686, loss 2: 0.0010646667797118425
client running:37/59, client loss: 2.0478365421295166, loss 1: 1.9184244871139526, loss 2: 0.0012941196328029037
client running:38/59, client loss: 2.0132343769073486, loss 1: 1.92884361743927, loss 2: 0.0008439079392701387
client running:39/59, client loss: 2.0440127849578857, loss 1: 1.9546263217926025, loss 2: 0.0008938655373640358
client running:40/59, client loss: 2.0674726963043213, loss 1: 1.9600216150283813, loss 2: 0.0010745110921561718
client running:41/59, client loss: 2.016516923904419, loss 1: 1.9293794631958008, loss 2: 0.0008713740389794111
client running:42/59, client loss: 2.043231964111328, loss 1: 1.9397577047348022, loss 2: 0.0010347430361434817
client running:43/59, client loss: 2.0092780590057373, loss 1: 1.9375653266906738, loss 2: 0.0007171262986958027
client running:44/59, client loss: 2.070234537124634, loss 1: 1.9519073963165283, loss 2: 0.0011832717573270202
client running:45/59, client loss: 2.023267984390259, loss 1: 1.9241807460784912, loss 2: 0.0009908715728670359
client running:46/59, client loss: 2.0316855907440186, loss 1: 1.9518929719924927, loss 2: 0.000797925575170666
client running:47/59, client loss: 2.043668031692505, loss 1: 1.9220329523086548, loss 2: 0.0012163498904556036
client running:48/59, client loss: 1.9905461072921753, loss 1: 1.9285978078842163, loss 2: 0.0006194827146828175
client running:49/59, client loss: 2.0623879432678223, loss 1: 1.9344780445098877, loss 2: 0.0012790989130735397
client running:50/59, client loss: 2.1231231689453125, loss 1: 1.9451298713684082, loss 2: 0.0017799338093027472
client running:51/59, client loss: 2.0281360149383545, loss 1: 1.939947247505188, loss 2: 0.0008818877977319062
client running:52/59, client loss: 2.0346405506134033, loss 1: 1.9331921339035034, loss 2: 0.001014484791085124
client running:53/59, client loss: 2.019850969314575, loss 1: 1.941105842590332, loss 2: 0.0007874506991356611
client running:54/59, client loss: 2.061858892440796, loss 1: 1.9468811750411987, loss 2: 0.0011497781379148364
client running:55/59, client loss: 2.005345582962036, loss 1: 1.9210773706436157, loss 2: 0.0008426818531006575
client running:56/59, client loss: 2.0665929317474365, loss 1: 1.954276442527771, loss 2: 0.0011231652460992336
client running:57/59, client loss: 2.0327982902526855, loss 1: 1.9492034912109375, loss 2: 0.0008359471103176475
client running:58/59, client loss: 2.009610891342163, loss 1: 1.9372025728225708, loss 2: 0.0007240832783281803
server loss: tensor([[0.9458, 0.6705, 0.7889, 0.7034, 0.7292, 0.7168, 0.6932, 0.7264],
        [0.6423, 0.8867, 0.7015, 0.7039, 0.6884, 0.6648, 0.6865, 0.6600],
        [0.7329, 0.6786, 0.8845, 0.7218, 0.7282, 0.7210, 0.7062, 0.6783],
        [0.6823, 0.6843, 0.7496, 0.9494, 0.7298, 0.7015, 0.7331, 0.6756],
        [0.7107, 0.6924, 0.7246, 0.7286, 0.9372, 0.6969, 0.6991, 0.6914],
        [0.7333, 0.6727, 0.7466, 0.7215, 0.7361, 0.9149, 0.6874, 0.6889],
        [0.6958, 0.6776, 0.7629, 0.7514, 0.7178, 0.6812, 0.8783, 0.6640],
        [0.7647, 0.7530, 0.7651, 0.7311, 0.7502, 0.7626, 0.7052, 0.8848]],
       device='cuda:0')
client running:0/59, client loss: 2.0176944732666016, loss 1: 1.9437881708145142, loss 2: 0.0007390640676021576
client running:1/59, client loss: 2.0977723598480225, loss 1: 1.9448683261871338, loss 2: 0.001529040397144854
client running:2/59, client loss: 2.137810707092285, loss 1: 1.9496358633041382, loss 2: 0.0018817479722201824
client running:3/59, client loss: 2.030296564102173, loss 1: 1.9252827167510986, loss 2: 0.0010501386132091284
client running:4/59, client loss: 2.068445920944214, loss 1: 1.9423317909240723, loss 2: 0.0012611406855285168
client running:5/59, client loss: 2.054680824279785, loss 1: 1.9244489669799805, loss 2: 0.001302319229580462
client running:6/59, client loss: 2.0888404846191406, loss 1: 1.9471545219421387, loss 2: 0.0014168592169880867
client running:7/59, client loss: 2.0363900661468506, loss 1: 1.934244990348816, loss 2: 0.0010214513167738914
client running:8/59, client loss: 2.0388407707214355, loss 1: 1.9474682807922363, loss 2: 0.0009137246524915099
client running:9/59, client loss: 2.023489475250244, loss 1: 1.9340078830718994, loss 2: 0.0008948154863901436
client running:10/59, client loss: 2.039638042449951, loss 1: 1.9391071796417236, loss 2: 0.001005307654850185
client running:11/59, client loss: 2.038774251937866, loss 1: 1.9557878971099854, loss 2: 0.0008298632455989718
client running:12/59, client loss: 2.060403823852539, loss 1: 1.93820321559906, loss 2: 0.0012220051139593124
client running:13/59, client loss: 2.0702974796295166, loss 1: 1.9159650802612305, loss 2: 0.0015433239750564098
client running:14/59, client loss: 2.053403615951538, loss 1: 1.933461308479309, loss 2: 0.0011994224041700363
client running:15/59, client loss: 2.0813791751861572, loss 1: 1.941493272781372, loss 2: 0.001398859079927206
client running:16/59, client loss: 2.078659772872925, loss 1: 1.9502432346343994, loss 2: 0.001284165307879448
client running:17/59, client loss: 2.0306179523468018, loss 1: 1.9501266479492188, loss 2: 0.0008049129392020404
client running:18/59, client loss: 2.0287325382232666, loss 1: 1.9313805103302002, loss 2: 0.0009735202766023576
client running:19/59, client loss: 2.0284552574157715, loss 1: 1.9367947578430176, loss 2: 0.0009166056988760829
client running:20/59, client loss: 2.060037612915039, loss 1: 1.9528965950012207, loss 2: 0.0010714095551520586
client running:21/59, client loss: 2.071352481842041, loss 1: 1.9714117050170898, loss 2: 0.0009994087740778923
client running:22/59, client loss: 2.1088149547576904, loss 1: 1.9623641967773438, loss 2: 0.0014645082410424948
client running:23/59, client loss: 2.030522584915161, loss 1: 1.9431992769241333, loss 2: 0.0008732323185540736
client running:24/59, client loss: 2.031118154525757, loss 1: 1.9362437725067139, loss 2: 0.0009487431962043047
client running:25/59, client loss: 2.057096004486084, loss 1: 1.941643238067627, loss 2: 0.0011545273009687662
client running:26/59, client loss: 2.0207512378692627, loss 1: 1.9299767017364502, loss 2: 0.0009077458526007831
client running:27/59, client loss: 2.0435285568237305, loss 1: 1.967661738395691, loss 2: 0.000758669339120388
client running:28/59, client loss: 2.0841851234436035, loss 1: 1.9488537311553955, loss 2: 0.0013533143792301416
client running:29/59, client loss: 2.0980796813964844, loss 1: 1.9414701461791992, loss 2: 0.0015660945791751146
client running:30/59, client loss: 2.043947219848633, loss 1: 1.9299877882003784, loss 2: 0.0011395940091460943
client running:31/59, client loss: 2.0702624320983887, loss 1: 1.9425513744354248, loss 2: 0.0012771107722073793
client running:32/59, client loss: 2.037158489227295, loss 1: 1.932400107383728, loss 2: 0.0010475849267095327
client running:33/59, client loss: 2.038991689682007, loss 1: 1.9464796781539917, loss 2: 0.0009251199080608785
client running:34/59, client loss: 2.05135178565979, loss 1: 1.9108972549438477, loss 2: 0.0014045462012290955
client running:35/59, client loss: 2.0352933406829834, loss 1: 1.9452322721481323, loss 2: 0.0009006099426187575
client running:36/59, client loss: 2.0332651138305664, loss 1: 1.914135456085205, loss 2: 0.001191296149045229
client running:37/59, client loss: 2.036142349243164, loss 1: 1.9298428297042847, loss 2: 0.0010629941243678331
client running:38/59, client loss: 2.000925302505493, loss 1: 1.9284172058105469, loss 2: 0.0007250820053741336
client running:39/59, client loss: 2.0354461669921875, loss 1: 1.9603937864303589, loss 2: 0.0007505235844291747
client running:40/59, client loss: 2.023070812225342, loss 1: 1.924103021621704, loss 2: 0.0009896779665723443
client running:41/59, client loss: 2.054718494415283, loss 1: 1.9271836280822754, loss 2: 0.0012753489427268505
client running:42/59, client loss: 2.057978391647339, loss 1: 1.9593361616134644, loss 2: 0.0009864217136055231
client running:43/59, client loss: 2.0477442741394043, loss 1: 1.9351096153259277, loss 2: 0.0011263454798609018
client running:44/59, client loss: 2.0290133953094482, loss 1: 1.9252504110336304, loss 2: 0.001037629321217537
client running:45/59, client loss: 2.084531784057617, loss 1: 1.9606271982192993, loss 2: 0.0012390448246151209
client running:46/59, client loss: 2.0332577228546143, loss 1: 1.9434192180633545, loss 2: 0.0008983840234577656
client running:47/59, client loss: 1.9911017417907715, loss 1: 1.9235870838165283, loss 2: 0.00067514693364501
client running:48/59, client loss: 2.018378257751465, loss 1: 1.9248571395874023, loss 2: 0.0009352101478725672
client running:49/59, client loss: 2.012991428375244, loss 1: 1.9397979974746704, loss 2: 0.0007319345604628325
client running:50/59, client loss: 2.019066572189331, loss 1: 1.9150351285934448, loss 2: 0.0010403154883533716
client running:51/59, client loss: 2.050292730331421, loss 1: 1.9429030418395996, loss 2: 0.0010738973505795002
client running:52/59, client loss: 2.0420236587524414, loss 1: 1.9261579513549805, loss 2: 0.001158656901679933
client running:53/59, client loss: 1.999166488647461, loss 1: 1.9299463033676147, loss 2: 0.0006922019529156387
client running:54/59, client loss: 2.041632652282715, loss 1: 1.9371591806411743, loss 2: 0.001044734730385244
client running:55/59, client loss: 2.0402238368988037, loss 1: 1.9552090167999268, loss 2: 0.0008501491975039244
client running:56/59, client loss: 2.0287652015686035, loss 1: 1.9521868228912354, loss 2: 0.0007657830137759447
client running:57/59, client loss: 2.045799732208252, loss 1: 1.9213600158691406, loss 2: 0.001244396436959505
client running:58/59, client loss: 2.0355048179626465, loss 1: 1.932910680770874, loss 2: 0.0010259415721520782
server loss: tensor([[0.9612, 0.6914, 0.7289, 0.7370, 0.6894, 0.7567, 0.6540, 0.7402],
        [0.7435, 0.8920, 0.7050, 0.7646, 0.6933, 0.7334, 0.6487, 0.7394],
        [0.7368, 0.6884, 0.9634, 0.7093, 0.7474, 0.7382, 0.6768, 0.7385],
        [0.7171, 0.7134, 0.6951, 0.9274, 0.6938, 0.7758, 0.6900, 0.7605],
        [0.7315, 0.6801, 0.7810, 0.7392, 0.9147, 0.7482, 0.7123, 0.7499],
        [0.7355, 0.6921, 0.7314, 0.7882, 0.7079, 0.9651, 0.7344, 0.7499],
        [0.6797, 0.6393, 0.7150, 0.7300, 0.6806, 0.7712, 0.8311, 0.7109],
        [0.7503, 0.7219, 0.7427, 0.7739, 0.6996, 0.7639, 0.6504, 0.9673]],
       device='cuda:0')
client running:0/59, client loss: 2.094703197479248, loss 1: 1.9585986137390137, loss 2: 0.0013610454043373466
client running:1/59, client loss: 2.081800699234009, loss 1: 1.9373022317886353, loss 2: 0.0014449849259108305
client running:2/59, client loss: 2.1309964656829834, loss 1: 1.9428313970565796, loss 2: 0.001881651347503066
client running:3/59, client loss: 2.0361733436584473, loss 1: 1.9295177459716797, loss 2: 0.0010665555018931627
client running:4/59, client loss: 2.048165798187256, loss 1: 1.9384942054748535, loss 2: 0.0010967166163027287
client running:5/59, client loss: 2.05946946144104, loss 1: 1.9576096534729004, loss 2: 0.0010185977444052696
client running:6/59, client loss: 2.110036611557007, loss 1: 1.9690494537353516, loss 2: 0.0014098725514486432
client running:7/59, client loss: 2.0484120845794678, loss 1: 1.9390838146209717, loss 2: 0.0010932835284620523
client running:8/59, client loss: 2.051910400390625, loss 1: 1.948403000831604, loss 2: 0.0010350749362260103
client running:9/59, client loss: 2.0206291675567627, loss 1: 1.929280161857605, loss 2: 0.0009134910651482642
client running:10/59, client loss: 2.048336982727051, loss 1: 1.932143211364746, loss 2: 0.0011619373690336943
client running:11/59, client loss: 2.004735231399536, loss 1: 1.9247344732284546, loss 2: 0.0008000069065019488
client running:12/59, client loss: 2.100105047225952, loss 1: 1.9454734325408936, loss 2: 0.0015463164309039712
client running:13/59, client loss: 2.037631034851074, loss 1: 1.9396777153015137, loss 2: 0.0009795331861823797
client running:14/59, client loss: 2.089667558670044, loss 1: 1.936212182044983, loss 2: 0.001534554292447865
client running:15/59, client loss: 2.0074546337127686, loss 1: 1.9279539585113525, loss 2: 0.000795007508713752
client running:16/59, client loss: 2.016434907913208, loss 1: 1.949294090270996, loss 2: 0.0006714071496389806
client running:17/59, client loss: 2.0257999897003174, loss 1: 1.9302128553390503, loss 2: 0.0009558721212670207
client running:18/59, client loss: 2.0607125759124756, loss 1: 1.9458646774291992, loss 2: 0.0011484785936772823
client running:19/59, client loss: 2.0621836185455322, loss 1: 1.9451879262924194, loss 2: 0.0011699560564011335
client running:20/59, client loss: 2.045121669769287, loss 1: 1.9428825378417969, loss 2: 0.0010223917197436094
client running:21/59, client loss: 2.0333075523376465, loss 1: 1.9285310506820679, loss 2: 0.0010477658361196518
client running:22/59, client loss: 2.0183966159820557, loss 1: 1.9156627655029297, loss 2: 0.0010273383231833577
client running:23/59, client loss: 2.0575497150421143, loss 1: 1.943718433380127, loss 2: 0.0011383139062672853
client running:24/59, client loss: 2.060589551925659, loss 1: 1.9342955350875854, loss 2: 0.0012629401171579957
client running:25/59, client loss: 2.0563552379608154, loss 1: 1.9328817129135132, loss 2: 0.001234734896570444
client running:26/59, client loss: 2.1274890899658203, loss 1: 1.9514024257659912, loss 2: 0.0017608675407245755
client running:27/59, client loss: 2.057494640350342, loss 1: 1.9669361114501953, loss 2: 0.0009055848349817097
client running:28/59, client loss: 2.0418107509613037, loss 1: 1.9304003715515137, loss 2: 0.0011141042923554778
client running:29/59, client loss: 2.0185673236846924, loss 1: 1.925912857055664, loss 2: 0.0009265447733923793
client running:30/59, client loss: 2.0485613346099854, loss 1: 1.9355316162109375, loss 2: 0.001130296615883708
client running:31/59, client loss: 2.0376949310302734, loss 1: 1.9446381330490112, loss 2: 0.0009305687854066491
client running:32/59, client loss: 2.052955389022827, loss 1: 1.9452431201934814, loss 2: 0.0010771238012239337
client running:33/59, client loss: 2.013667583465576, loss 1: 1.952186107635498, loss 2: 0.0006148157990537584
client running:34/59, client loss: 2.0049164295196533, loss 1: 1.9341169595718384, loss 2: 0.0007079953793436289
client running:35/59, client loss: 2.052631378173828, loss 1: 1.9377857446670532, loss 2: 0.0011484567075967789
client running:36/59, client loss: 2.035728693008423, loss 1: 1.9485803842544556, loss 2: 0.0008714834111742675
client running:37/59, client loss: 2.0389227867126465, loss 1: 1.941749095916748, loss 2: 0.0009717374923639
client running:38/59, client loss: 2.006084442138672, loss 1: 1.9354602098464966, loss 2: 0.0007062421063892543
client running:39/59, client loss: 2.0344107151031494, loss 1: 1.9497051239013672, loss 2: 0.0008470555767416954
client running:40/59, client loss: 2.0264153480529785, loss 1: 1.9522240161895752, loss 2: 0.0007419137982651591
client running:41/59, client loss: 2.006516218185425, loss 1: 1.9269404411315918, loss 2: 0.0007957568159326911
client running:42/59, client loss: 2.033444881439209, loss 1: 1.9229354858398438, loss 2: 0.0011050947941839695
client running:43/59, client loss: 2.01007080078125, loss 1: 1.928023099899292, loss 2: 0.0008204767946153879
client running:44/59, client loss: 2.0221784114837646, loss 1: 1.946851134300232, loss 2: 0.0007532716263085604
client running:45/59, client loss: 2.0192368030548096, loss 1: 1.9144916534423828, loss 2: 0.0010474524460732937
client running:46/59, client loss: 2.05705189704895, loss 1: 1.9606016874313354, loss 2: 0.0009645017562434077
client running:47/59, client loss: 2.022395610809326, loss 1: 1.9189093112945557, loss 2: 0.001034861896187067
client running:48/59, client loss: 1.9982199668884277, loss 1: 1.927168846130371, loss 2: 0.0007105107652023435
client running:49/59, client loss: 2.0171256065368652, loss 1: 1.946730136871338, loss 2: 0.0007039556512609124
client running:50/59, client loss: 2.0265402793884277, loss 1: 1.9519352912902832, loss 2: 0.0007460506749339402
client running:51/59, client loss: 2.0566704273223877, loss 1: 1.973710060119629, loss 2: 0.000829603523015976
client running:52/59, client loss: 2.091341495513916, loss 1: 1.9361982345581055, loss 2: 0.0015514323022216558
client running:53/59, client loss: 2.0390396118164062, loss 1: 1.9520570039749146, loss 2: 0.0008698255987837911
client running:54/59, client loss: 2.0647897720336914, loss 1: 1.9444880485534668, loss 2: 0.0012030182406306267
client running:55/59, client loss: 2.0339033603668213, loss 1: 1.9533060789108276, loss 2: 0.0008059719111770391
client running:56/59, client loss: 2.0355334281921387, loss 1: 1.9544942378997803, loss 2: 0.0008103924337774515
client running:57/59, client loss: 2.0238606929779053, loss 1: 1.9424062967300415, loss 2: 0.0008145438041538
client running:58/59, client loss: 2.03812313079834, loss 1: 1.927358627319336, loss 2: 0.001107643824070692
server loss: tensor([[0.9430, 0.7123, 0.6970, 0.7444, 0.7438, 0.6923, 0.7034, 0.7377],
        [0.7894, 0.9159, 0.6782, 0.7675, 0.7363, 0.6975, 0.7055, 0.7412],
        [0.7009, 0.6796, 0.9219, 0.6992, 0.7140, 0.6665, 0.6957, 0.6901],
        [0.7223, 0.6798, 0.6610, 0.8297, 0.7076, 0.7207, 0.6864, 0.7223],
        [0.7221, 0.6949, 0.6745, 0.7118, 0.9538, 0.6646, 0.7335, 0.7411],
        [0.7012, 0.6616, 0.6621, 0.6732, 0.7096, 0.9349, 0.6830, 0.7288],
        [0.7433, 0.7000, 0.7009, 0.7321, 0.7878, 0.7170, 0.9263, 0.7349],
        [0.6886, 0.7070, 0.6241, 0.7201, 0.7544, 0.7062, 0.6805, 0.9446]],
       device='cuda:0')
client running:0/59, client loss: 2.0585777759552, loss 1: 1.9586368799209595, loss 2: 0.000999409006908536
client running:1/59, client loss: 2.074860095977783, loss 1: 1.967516303062439, loss 2: 0.0010734372772276402
client running:2/59, client loss: 2.041536808013916, loss 1: 1.9240148067474365, loss 2: 0.0011752209393307567
client running:3/59, client loss: 2.065161943435669, loss 1: 1.9755501747131348, loss 2: 0.000896118232049048
client running:4/59, client loss: 2.053072929382324, loss 1: 1.9592554569244385, loss 2: 0.0009381743147969246
client running:5/59, client loss: 2.06243896484375, loss 1: 1.9402503967285156, loss 2: 0.0012218845076858997
client running:6/59, client loss: 2.0654256343841553, loss 1: 1.9372577667236328, loss 2: 0.0012816789094358683
client running:7/59, client loss: 2.023777961730957, loss 1: 1.9598268270492554, loss 2: 0.0006395122036337852
client running:8/59, client loss: 2.037510871887207, loss 1: 1.9270645380020142, loss 2: 0.0011044626589864492
client running:9/59, client loss: 2.072174549102783, loss 1: 1.9346692562103271, loss 2: 0.0013750516809523106
client running:10/59, client loss: 2.16396164894104, loss 1: 1.9675846099853516, loss 2: 0.001963771414011717
client running:11/59, client loss: 2.035999298095703, loss 1: 1.940505027770996, loss 2: 0.0009549424285069108
client running:12/59, client loss: 2.0898609161376953, loss 1: 1.9513169527053833, loss 2: 0.0013854395365342498
client running:13/59, client loss: 2.0433437824249268, loss 1: 1.9545913934707642, loss 2: 0.0008875232888385653
client running:14/59, client loss: 2.098356008529663, loss 1: 1.9561516046524048, loss 2: 0.0014220443554222584
client running:15/59, client loss: 2.039017677307129, loss 1: 1.9175370931625366, loss 2: 0.0012148066889494658
client running:16/59, client loss: 2.065340042114258, loss 1: 1.9490089416503906, loss 2: 0.0011633102549239993
client running:17/59, client loss: 2.0232796669006348, loss 1: 1.9239907264709473, loss 2: 0.0009928892832249403
client running:18/59, client loss: 2.050572633743286, loss 1: 1.9482911825180054, loss 2: 0.001022815122269094
client running:19/59, client loss: 2.032240867614746, loss 1: 1.938301920890808, loss 2: 0.0009393897489644587
client running:20/59, client loss: 2.0798168182373047, loss 1: 1.9415620565414429, loss 2: 0.0013825467322021723
client running:21/59, client loss: 2.051403284072876, loss 1: 1.9655296802520752, loss 2: 0.0008587350603193045
client running:22/59, client loss: 2.069826126098633, loss 1: 1.9441345930099487, loss 2: 0.00125691550783813
client running:23/59, client loss: 2.0617480278015137, loss 1: 1.9497169256210327, loss 2: 0.0011203112080693245
client running:24/59, client loss: 2.0893218517303467, loss 1: 1.9398515224456787, loss 2: 0.0014947025338187814
client running:25/59, client loss: 2.050806999206543, loss 1: 1.9247839450836182, loss 2: 0.0012602307833731174
client running:26/59, client loss: 2.023613452911377, loss 1: 1.9417829513549805, loss 2: 0.0008183043682947755
client running:27/59, client loss: 2.016160249710083, loss 1: 1.9629795551300049, loss 2: 0.0005318059120327234
client running:28/59, client loss: 2.0300979614257812, loss 1: 1.9248735904693604, loss 2: 0.0010522428201511502
client running:29/59, client loss: 2.043985605239868, loss 1: 1.9322636127471924, loss 2: 0.0011172194499522448
client running:30/59, client loss: 2.0177032947540283, loss 1: 1.9282317161560059, loss 2: 0.0008947151945903897
client running:31/59, client loss: 2.0005862712860107, loss 1: 1.9335863590240479, loss 2: 0.0006699991645291448
client running:32/59, client loss: 2.084681510925293, loss 1: 1.9489970207214355, loss 2: 0.0013568440917879343
client running:33/59, client loss: 2.0533761978149414, loss 1: 1.9560073614120483, loss 2: 0.0009736871579661965
client running:34/59, client loss: 2.050752639770508, loss 1: 1.9635910987854004, loss 2: 0.0008716157171875238
client running:35/59, client loss: 2.032975196838379, loss 1: 1.9453566074371338, loss 2: 0.0008761860080994666
client running:36/59, client loss: 2.033177137374878, loss 1: 1.9501681327819824, loss 2: 0.0008300903718918562
client running:37/59, client loss: 2.0407495498657227, loss 1: 1.9367128610610962, loss 2: 0.0010403671767562628
client running:38/59, client loss: 2.0162014961242676, loss 1: 1.925023078918457, loss 2: 0.0009117829613387585
client running:39/59, client loss: 2.0356688499450684, loss 1: 1.9416441917419434, loss 2: 0.0009402476716786623
client running:40/59, client loss: 2.0527687072753906, loss 1: 1.9277576208114624, loss 2: 0.0012501097517088056
client running:41/59, client loss: 2.013278007507324, loss 1: 1.9486289024353027, loss 2: 0.000646492000669241
client running:42/59, client loss: 2.0596275329589844, loss 1: 1.9500230550765991, loss 2: 0.0010960439685732126
client running:43/59, client loss: 2.019712209701538, loss 1: 1.9280118942260742, loss 2: 0.0009170042467303574
client running:44/59, client loss: 2.0334174633026123, loss 1: 1.9416074752807617, loss 2: 0.0009181007044389844
client running:45/59, client loss: 2.075918197631836, loss 1: 1.9617209434509277, loss 2: 0.0011419723741710186
client running:46/59, client loss: 2.022702932357788, loss 1: 1.9355343580245972, loss 2: 0.000871686264872551
client running:47/59, client loss: 2.0297200679779053, loss 1: 1.9357975721359253, loss 2: 0.0009392259526066482
client running:48/59, client loss: 2.0345699787139893, loss 1: 1.9379818439483643, loss 2: 0.0009658820927143097
client running:49/59, client loss: 2.0443058013916016, loss 1: 1.9334090948104858, loss 2: 0.0011089672334492207
client running:50/59, client loss: 2.030158042907715, loss 1: 1.9565305709838867, loss 2: 0.0007362758042290807
client running:51/59, client loss: 2.0504350662231445, loss 1: 1.9327583312988281, loss 2: 0.0011767672840505838
client running:52/59, client loss: 2.0170581340789795, loss 1: 1.920519471168518, loss 2: 0.0009653863380663097
client running:53/59, client loss: 2.076392650604248, loss 1: 1.9607558250427246, loss 2: 0.0011563675943762064
client running:54/59, client loss: 2.067702054977417, loss 1: 1.9285757541656494, loss 2: 0.001391262048855424
client running:55/59, client loss: 2.0470097064971924, loss 1: 1.9575254917144775, loss 2: 0.000894842785783112
client running:56/59, client loss: 2.0286834239959717, loss 1: 1.9592351913452148, loss 2: 0.0006944819469936192
client running:57/59, client loss: 2.0407345294952393, loss 1: 1.9382824897766113, loss 2: 0.0010245195589959621
client running:58/59, client loss: 2.0275681018829346, loss 1: 1.9463777542114258, loss 2: 0.0008119034464471042
server loss: tensor([[0.8568, 0.7018, 0.7021, 0.7250, 0.7265, 0.7323, 0.7095, 0.7489],
        [0.6884, 0.9477, 0.7066, 0.7546, 0.7773, 0.7746, 0.7686, 0.7100],
        [0.6916, 0.7121, 0.9727, 0.7327, 0.7709, 0.7463, 0.7334, 0.7230],
        [0.6491, 0.7189, 0.7237, 0.9510, 0.7005, 0.7231, 0.7189, 0.7069],
        [0.7291, 0.7571, 0.7872, 0.7202, 0.9709, 0.7816, 0.7312, 0.7426],
        [0.7107, 0.7326, 0.7413, 0.7265, 0.7512, 0.9167, 0.7239, 0.7149],
        [0.6541, 0.7317, 0.6900, 0.7077, 0.7055, 0.7029, 0.9146, 0.6826],
        [0.7411, 0.7423, 0.7366, 0.7252, 0.7531, 0.7612, 0.7497, 0.7769]],
       device='cuda:0')
server average tensor
client running:0/59, client loss: 2.0475831031799316, loss 1: 1.9479944705963135, loss 2: 0.000995885580778122
client running:1/59, client loss: 2.0370068550109863, loss 1: 1.9399775266647339, loss 2: 0.0009702926618047059
client running:2/59, client loss: 2.0519185066223145, loss 1: 1.9186899662017822, loss 2: 0.0013322866288945079
client running:3/59, client loss: 2.035939931869507, loss 1: 1.910160779953003, loss 2: 0.0012577918823808432
client running:4/59, client loss: 2.019540548324585, loss 1: 1.9248065948486328, loss 2: 0.0009473386453464627
client running:5/59, client loss: 2.0583627223968506, loss 1: 1.9371528625488281, loss 2: 0.0012120988685637712
client running:6/59, client loss: 2.032172918319702, loss 1: 1.9346075057983398, loss 2: 0.0009756539366208017
client running:7/59, client loss: 2.088939905166626, loss 1: 1.9649368524551392, loss 2: 0.0012400306295603514
client running:8/59, client loss: 2.076094627380371, loss 1: 1.9439066648483276, loss 2: 0.0013218808453530073
client running:9/59, client loss: 2.0824291706085205, loss 1: 1.952230453491211, loss 2: 0.0013019867474213243
client running:10/59, client loss: 2.0168874263763428, loss 1: 1.9185500144958496, loss 2: 0.000983374658972025
client running:11/59, client loss: 2.0242197513580322, loss 1: 1.9397509098052979, loss 2: 0.0008446888532489538
client running:12/59, client loss: 2.005634069442749, loss 1: 1.9153227806091309, loss 2: 0.000903113279491663
client running:13/59, client loss: 2.060288667678833, loss 1: 1.9482487440109253, loss 2: 0.0011204001493752003
client running:14/59, client loss: 2.04221510887146, loss 1: 1.9474576711654663, loss 2: 0.0009475742699578404
client running:15/59, client loss: 2.061040163040161, loss 1: 1.9524773359298706, loss 2: 0.0010856282897293568
client running:16/59, client loss: 2.0281741619110107, loss 1: 1.908458948135376, loss 2: 0.0011971525382250547
client running:17/59, client loss: 2.0934247970581055, loss 1: 1.9446630477905273, loss 2: 0.0014876178465783596
client running:18/59, client loss: 2.0862793922424316, loss 1: 1.9467308521270752, loss 2: 0.0013954846654087305
client running:19/59, client loss: 2.0412607192993164, loss 1: 1.930006742477417, loss 2: 0.0011125393211841583
client running:20/59, client loss: 2.0740902423858643, loss 1: 1.9492820501327515, loss 2: 0.0012480826117098331
client running:21/59, client loss: 2.0379042625427246, loss 1: 1.9285500049591064, loss 2: 0.0010935419704765081
client running:22/59, client loss: 2.052743911743164, loss 1: 1.9526952505111694, loss 2: 0.0010004863142967224
client running:23/59, client loss: 2.0600295066833496, loss 1: 1.9444611072540283, loss 2: 0.0011556828394532204
client running:24/59, client loss: 2.0691754817962646, loss 1: 1.9342440366744995, loss 2: 0.00134931446518749
client running:25/59, client loss: 2.0526859760284424, loss 1: 1.9246801137924194, loss 2: 0.0012800589902326465
client running:26/59, client loss: 2.087641954421997, loss 1: 1.9344725608825684, loss 2: 0.0015316936187446117
client running:27/59, client loss: 2.0638484954833984, loss 1: 1.949112057685852, loss 2: 0.0011473647318780422
client running:28/59, client loss: 2.0498719215393066, loss 1: 1.9454222917556763, loss 2: 0.0010444968938827515
client running:29/59, client loss: 1.9954898357391357, loss 1: 1.931505799293518, loss 2: 0.0006398400291800499
client running:30/59, client loss: 2.052675724029541, loss 1: 1.9268677234649658, loss 2: 0.001258081174455583
client running:31/59, client loss: 2.021273374557495, loss 1: 1.9319390058517456, loss 2: 0.0008933438220992684
client running:32/59, client loss: 2.040567398071289, loss 1: 1.925857424736023, loss 2: 0.0011470990721136332
client running:33/59, client loss: 2.025810956954956, loss 1: 1.9387410879135132, loss 2: 0.0008706990047357976
client running:34/59, client loss: 2.0298290252685547, loss 1: 1.9422723054885864, loss 2: 0.0008755667367950082
client running:35/59, client loss: 2.062419891357422, loss 1: 1.9422036409378052, loss 2: 0.001202162355184555
client running:36/59, client loss: 2.016801357269287, loss 1: 1.938429355621338, loss 2: 0.0007837204029783607
client running:37/59, client loss: 2.021627187728882, loss 1: 1.943493127822876, loss 2: 0.000781340291723609
client running:38/59, client loss: 2.030008554458618, loss 1: 1.9261466264724731, loss 2: 0.0010386183857917786
client running:39/59, client loss: 2.0281450748443604, loss 1: 1.946393370628357, loss 2: 0.0008175164693966508
client running:40/59, client loss: 2.0396392345428467, loss 1: 1.9502770900726318, loss 2: 0.0008936206577345729
client running:41/59, client loss: 2.0431082248687744, loss 1: 1.9211801290512085, loss 2: 0.0012192802969366312
client running:42/59, client loss: 2.0176665782928467, loss 1: 1.9467740058898926, loss 2: 0.0007089263526722789
client running:43/59, client loss: 2.058274030685425, loss 1: 1.9316486120224, loss 2: 0.001266253413632512
client running:44/59, client loss: 1.9973013401031494, loss 1: 1.9175281524658203, loss 2: 0.0007977322675287724
client running:45/59, client loss: 2.0628108978271484, loss 1: 1.9220647811889648, loss 2: 0.0014074610080569983
client running:46/59, client loss: 2.032996892929077, loss 1: 1.9386272430419922, loss 2: 0.000943697348702699
client running:47/59, client loss: 2.02494215965271, loss 1: 1.940887689590454, loss 2: 0.0008405442931689322
client running:48/59, client loss: 2.0589232444763184, loss 1: 1.9425323009490967, loss 2: 0.0011639088625088334
client running:49/59, client loss: 2.046776294708252, loss 1: 1.9450470209121704, loss 2: 0.0010172929614782333
client running:50/59, client loss: 2.0195586681365967, loss 1: 1.9364399909973145, loss 2: 0.0008311867713928223
client running:51/59, client loss: 2.045917272567749, loss 1: 1.931269884109497, loss 2: 0.0011464748531579971
client running:52/59, client loss: 2.0331695079803467, loss 1: 1.9329191446304321, loss 2: 0.0010025034425780177
client running:53/59, client loss: 2.046311140060425, loss 1: 1.9158076047897339, loss 2: 0.0013050362467765808
client running:54/59, client loss: 2.022564172744751, loss 1: 1.9251251220703125, loss 2: 0.0009743915870785713
client running:55/59, client loss: 2.067261219024658, loss 1: 1.9380314350128174, loss 2: 0.0012922973837703466
client running:56/59, client loss: 2.018893003463745, loss 1: 1.9173293113708496, loss 2: 0.0010156376520171762
client running:57/59, client loss: 2.013500928878784, loss 1: 1.9236522912979126, loss 2: 0.0008984869346022606
client running:58/59, client loss: 1.9999477863311768, loss 1: 1.9219651222229004, loss 2: 0.0007798268925398588
server loss: tensor([[0.8617, 0.7492, 0.7817, 0.7298, 0.7565, 0.7271, 0.7106, 0.7363],
        [0.6713, 0.9101, 0.7028, 0.7119, 0.7067, 0.7349, 0.7247, 0.6769],
        [0.7255, 0.6664, 0.9750, 0.7122, 0.7380, 0.7391, 0.7632, 0.7448],
        [0.6888, 0.6776, 0.7319, 0.9338, 0.6811, 0.7293, 0.7359, 0.7244],
        [0.6765, 0.7025, 0.7678, 0.6914, 0.9286, 0.7107, 0.7068, 0.7116],
        [0.6768, 0.6944, 0.7382, 0.7085, 0.6986, 0.9535, 0.7112, 0.7134],
        [0.6591, 0.6876, 0.7515, 0.6840, 0.6889, 0.7031, 0.9471, 0.7219],
        [0.6999, 0.7018, 0.7833, 0.7172, 0.7118, 0.7479, 0.7567, 0.9475]],
       device='cuda:0')
client running:0/59, client loss: 2.1047370433807373, loss 1: 1.9355146884918213, loss 2: 0.0016922240611165762
client running:1/59, client loss: 2.0472896099090576, loss 1: 1.9332823753356934, loss 2: 0.001140071195550263
client running:2/59, client loss: 2.0847649574279785, loss 1: 1.9558454751968384, loss 2: 0.0012891949154436588
client running:3/59, client loss: 2.0560405254364014, loss 1: 1.9314584732055664, loss 2: 0.0012458199635148048
client running:4/59, client loss: 2.056936502456665, loss 1: 1.9454479217529297, loss 2: 0.0011148848570883274
client running:5/59, client loss: 2.133150339126587, loss 1: 1.9494972229003906, loss 2: 0.0018365310970693827
client running:6/59, client loss: 2.058321714401245, loss 1: 1.9346789121627808, loss 2: 0.001236428041011095
client running:7/59, client loss: 2.063236951828003, loss 1: 1.9411243200302124, loss 2: 0.0012211271096020937
client running:8/59, client loss: 2.138038396835327, loss 1: 1.9536266326904297, loss 2: 0.0018441174179315567
client running:9/59, client loss: 2.0690791606903076, loss 1: 1.9292365312576294, loss 2: 0.0013984264805912971
client running:10/59, client loss: 2.0388095378875732, loss 1: 1.952939748764038, loss 2: 0.000858697691000998
client running:11/59, client loss: 2.0463650226593018, loss 1: 1.9487767219543457, loss 2: 0.000975883100181818
client running:12/59, client loss: 2.0655629634857178, loss 1: 1.9431366920471191, loss 2: 0.0012242619413882494
client running:13/59, client loss: 2.053603410720825, loss 1: 1.9333120584487915, loss 2: 0.0012029139325022697
client running:14/59, client loss: 2.03324031829834, loss 1: 1.9547899961471558, loss 2: 0.0007845039945095778
client running:15/59, client loss: 2.0316431522369385, loss 1: 1.9446232318878174, loss 2: 0.0008701985934749246
client running:16/59, client loss: 2.014164924621582, loss 1: 1.9208533763885498, loss 2: 0.0009331146720796824
client running:17/59, client loss: 2.037144184112549, loss 1: 1.9313808679580688, loss 2: 0.001057634362950921
client running:18/59, client loss: 2.085049629211426, loss 1: 1.9406144618988037, loss 2: 0.0014443524414673448
client running:19/59, client loss: 2.070713520050049, loss 1: 1.9466593265533447, loss 2: 0.001240542158484459
client running:20/59, client loss: 1.9903180599212646, loss 1: 1.9332280158996582, loss 2: 0.0005709005054086447
client running:21/59, client loss: 2.0576913356781006, loss 1: 1.9304792881011963, loss 2: 0.0012721195816993713
client running:22/59, client loss: 2.010892152786255, loss 1: 1.9240574836730957, loss 2: 0.0008683460182510316
client running:23/59, client loss: 2.0438013076782227, loss 1: 1.92214834690094, loss 2: 0.0012165294028818607
client running:24/59, client loss: 2.052344560623169, loss 1: 1.9589565992355347, loss 2: 0.0009338784730061889
client running:25/59, client loss: 2.0415000915527344, loss 1: 1.9278192520141602, loss 2: 0.001136809354647994
client running:26/59, client loss: 1.9946703910827637, loss 1: 1.9156849384307861, loss 2: 0.0007898550829850137
client running:27/59, client loss: 2.0729563236236572, loss 1: 1.9536834955215454, loss 2: 0.0011927273590117693
client running:28/59, client loss: 2.001753330230713, loss 1: 1.9257773160934448, loss 2: 0.00075975910294801
client running:29/59, client loss: 2.030181407928467, loss 1: 1.9404807090759277, loss 2: 0.0008970075869001448
client running:30/59, client loss: 2.0284268856048584, loss 1: 1.9342451095581055, loss 2: 0.0009418186964467168
client running:31/59, client loss: 2.11666202545166, loss 1: 1.927846074104309, loss 2: 0.0018881591968238354
client running:32/59, client loss: 2.0262844562530518, loss 1: 1.9349644184112549, loss 2: 0.0009132007253356278
client running:33/59, client loss: 2.051025629043579, loss 1: 1.94674551486969, loss 2: 0.0010428016539663076
client running:34/59, client loss: 2.0396039485931396, loss 1: 1.9376200437545776, loss 2: 0.0010198387317359447
client running:35/59, client loss: 2.0775485038757324, loss 1: 1.960658073425293, loss 2: 0.00116890505887568
client running:36/59, client loss: 2.073676347732544, loss 1: 1.943804383277893, loss 2: 0.0012987200170755386
client running:37/59, client loss: 2.035659074783325, loss 1: 1.9249789714813232, loss 2: 0.0011068012099713087
client running:38/59, client loss: 2.029850482940674, loss 1: 1.9318199157714844, loss 2: 0.0009803047869354486
client running:39/59, client loss: 2.038623094558716, loss 1: 1.9483660459518433, loss 2: 0.0009025713661685586
client running:40/59, client loss: 2.016087532043457, loss 1: 1.9220993518829346, loss 2: 0.0009398821857757866
client running:41/59, client loss: 2.0582849979400635, loss 1: 1.9377739429473877, loss 2: 0.001205110689625144
client running:42/59, client loss: 2.0284440517425537, loss 1: 1.9389853477478027, loss 2: 0.0008945867884904146
client running:43/59, client loss: 2.0482447147369385, loss 1: 1.937630534172058, loss 2: 0.0011061422992497683
client running:44/59, client loss: 2.0764713287353516, loss 1: 1.9023817777633667, loss 2: 0.001740894396789372
client running:45/59, client loss: 2.0778920650482178, loss 1: 1.9349671602249146, loss 2: 0.0014292492996901274
client running:46/59, client loss: 2.0357279777526855, loss 1: 1.9222161769866943, loss 2: 0.001135116908699274
client running:47/59, client loss: 2.034538745880127, loss 1: 1.9476546049118042, loss 2: 0.0008688404341228306
client running:48/59, client loss: 2.062582015991211, loss 1: 1.9295034408569336, loss 2: 0.0013307849876582623
client running:49/59, client loss: 2.0968594551086426, loss 1: 1.9533910751342773, loss 2: 0.0014346835669130087
client running:50/59, client loss: 2.08371639251709, loss 1: 1.9451297521591187, loss 2: 0.0013858655001968145
client running:51/59, client loss: 2.060542583465576, loss 1: 1.9659370183944702, loss 2: 0.0009460568544454873
client running:52/59, client loss: 2.0289933681488037, loss 1: 1.9334579706192017, loss 2: 0.0009553536656312644
client running:53/59, client loss: 2.0384278297424316, loss 1: 1.9181960821151733, loss 2: 0.0012023175368085504
client running:54/59, client loss: 2.0173511505126953, loss 1: 1.9351509809494019, loss 2: 0.0008220027084462345
client running:55/59, client loss: 2.052217721939087, loss 1: 1.9586658477783203, loss 2: 0.0009355181246064603
client running:56/59, client loss: 2.0281643867492676, loss 1: 1.9635026454925537, loss 2: 0.0006466165068559349
client running:57/59, client loss: 2.0424911975860596, loss 1: 1.9518458843231201, loss 2: 0.0009064525365829468
client running:58/59, client loss: 2.033043384552002, loss 1: 1.9444994926452637, loss 2: 0.0008854398038238287
server loss: tensor([[0.9502, 0.7568, 0.6218, 0.7555, 0.7288, 0.7742, 0.7108, 0.7290],
        [0.7540, 0.8983, 0.6273, 0.7383, 0.7273, 0.7332, 0.7025, 0.6941],
        [0.6553, 0.6963, 0.8592, 0.6731, 0.6712, 0.6425, 0.6415, 0.6243],
        [0.7245, 0.7731, 0.6263, 0.8223, 0.7007, 0.7621, 0.7318, 0.7232],
        [0.7345, 0.7377, 0.6370, 0.7239, 0.9431, 0.7468, 0.7282, 0.6868],
        [0.7880, 0.7502, 0.6079, 0.7808, 0.7317, 0.9451, 0.7446, 0.7331],
        [0.7024, 0.7312, 0.5982, 0.7156, 0.6852, 0.7098, 0.8689, 0.6398],
        [0.7580, 0.7287, 0.6217, 0.7803, 0.7039, 0.7345, 0.6611, 0.8431]],
       device='cuda:0')
client running:0/59, client loss: 2.0502450466156006, loss 1: 1.9366878271102905, loss 2: 0.0011355731403455138
client running:1/59, client loss: 2.057797908782959, loss 1: 1.9197778701782227, loss 2: 0.0013802002649754286
client running:2/59, client loss: 2.050502300262451, loss 1: 1.9492580890655518, loss 2: 0.0010124427499249578
client running:3/59, client loss: 2.0971100330352783, loss 1: 1.932722568511963, loss 2: 0.001643874915316701
client running:4/59, client loss: 2.0960206985473633, loss 1: 1.9438743591308594, loss 2: 0.0015214632730931044
client running:5/59, client loss: 2.0363962650299072, loss 1: 1.9584717750549316, loss 2: 0.0007792437681928277
client running:6/59, client loss: 2.076458215713501, loss 1: 1.9580309391021729, loss 2: 0.0011842716485261917
client running:7/59, client loss: 2.049933433532715, loss 1: 1.9482123851776123, loss 2: 0.0010172103065997362
client running:8/59, client loss: 2.0822434425354004, loss 1: 1.9408345222473145, loss 2: 0.0014140901621431112
client running:9/59, client loss: 2.066494941711426, loss 1: 1.9232617616653442, loss 2: 0.0014323315117508173
client running:10/59, client loss: 2.0622541904449463, loss 1: 1.9363367557525635, loss 2: 0.0012591732665896416
client running:11/59, client loss: 2.0895097255706787, loss 1: 1.9547463655471802, loss 2: 0.0013476328458637
client running:12/59, client loss: 2.05193829536438, loss 1: 1.9256341457366943, loss 2: 0.0012630411656573415
client running:13/59, client loss: 2.040487766265869, loss 1: 1.9437958002090454, loss 2: 0.0009669197024777532
client running:14/59, client loss: 2.021430253982544, loss 1: 1.9323848485946655, loss 2: 0.0008904546266421676
client running:15/59, client loss: 2.0557422637939453, loss 1: 1.933499813079834, loss 2: 0.0012224245583638549
client running:16/59, client loss: 2.027597427368164, loss 1: 1.9437816143035889, loss 2: 0.000838159176055342
client running:17/59, client loss: 2.067308187484741, loss 1: 1.9460606575012207, loss 2: 0.0012124754721298814
client running:18/59, client loss: 2.0419793128967285, loss 1: 1.9252512454986572, loss 2: 0.0011672796681523323
client running:19/59, client loss: 2.0902671813964844, loss 1: 1.9514497518539429, loss 2: 0.001388175180181861
client running:20/59, client loss: 2.062682628631592, loss 1: 1.9324510097503662, loss 2: 0.0013023160863667727
client running:21/59, client loss: 2.0576388835906982, loss 1: 1.9401440620422363, loss 2: 0.0011749473633244634
client running:22/59, client loss: 2.0574989318847656, loss 1: 1.9218816757202148, loss 2: 0.0013561726082116365
client running:23/59, client loss: 2.064842462539673, loss 1: 1.9188684225082397, loss 2: 0.0014597408007830381
client running:24/59, client loss: 2.0361320972442627, loss 1: 1.9340944290161133, loss 2: 0.0010203768033534288
client running:25/59, client loss: 2.0573699474334717, loss 1: 1.9343163967132568, loss 2: 0.0012305366108193994
client running:26/59, client loss: 2.062772035598755, loss 1: 1.9344216585159302, loss 2: 0.0012835044180974364
client running:27/59, client loss: 2.070841073989868, loss 1: 1.9408276081085205, loss 2: 0.001300133764743805
client running:28/59, client loss: 2.0326156616210938, loss 1: 1.9323930740356445, loss 2: 0.0010022262576967478
client running:29/59, client loss: 2.0370795726776123, loss 1: 1.9345369338989258, loss 2: 0.0010254260851070285
client running:30/59, client loss: 2.0399069786071777, loss 1: 1.9546326398849487, loss 2: 0.0008527424652129412
client running:31/59, client loss: 2.043712854385376, loss 1: 1.9484620094299316, loss 2: 0.0009525085333734751
client running:32/59, client loss: 2.0351693630218506, loss 1: 1.9292166233062744, loss 2: 0.0010595283238217235
client running:33/59, client loss: 2.0525341033935547, loss 1: 1.9568500518798828, loss 2: 0.0009568402310833335
client running:34/59, client loss: 2.0388176441192627, loss 1: 1.9362506866455078, loss 2: 0.0010256700916215777
client running:35/59, client loss: 2.0536248683929443, loss 1: 1.9194589853286743, loss 2: 0.0013416598085314035
client running:36/59, client loss: 2.066352605819702, loss 1: 1.9088951349258423, loss 2: 0.0015745752025395632
client running:37/59, client loss: 2.043438673019409, loss 1: 1.938137412071228, loss 2: 0.0010530134895816445
client running:38/59, client loss: 2.072863817214966, loss 1: 1.9484974145889282, loss 2: 0.001243664650246501
client running:39/59, client loss: 2.054468870162964, loss 1: 1.9589526653289795, loss 2: 0.0009551611728966236
client running:40/59, client loss: 2.0533335208892822, loss 1: 1.9479975700378418, loss 2: 0.0010533586610108614
client running:41/59, client loss: 2.0443873405456543, loss 1: 1.9425705671310425, loss 2: 0.0010181685211136937
client running:42/59, client loss: 2.0332744121551514, loss 1: 1.9477074146270752, loss 2: 0.0008556689135730267
client running:43/59, client loss: 2.0526626110076904, loss 1: 1.924744963645935, loss 2: 0.0012791769113391638
client running:44/59, client loss: 2.028301477432251, loss 1: 1.935802698135376, loss 2: 0.0009249873110093176
client running:45/59, client loss: 2.0271387100219727, loss 1: 1.9486316442489624, loss 2: 0.0007850715192034841
client running:46/59, client loss: 2.0433719158172607, loss 1: 1.923027515411377, loss 2: 0.0012034447863698006
client running:47/59, client loss: 2.024495840072632, loss 1: 1.9415538311004639, loss 2: 0.0008294192957691848
client running:48/59, client loss: 2.038423538208008, loss 1: 1.9214951992034912, loss 2: 0.0011692829430103302
client running:49/59, client loss: 2.078376293182373, loss 1: 1.938251256942749, loss 2: 0.0014012501342222095
client running:50/59, client loss: 2.0587103366851807, loss 1: 1.9619592428207397, loss 2: 0.0009675120236352086
client running:51/59, client loss: 2.0259041786193848, loss 1: 1.9255458116531372, loss 2: 0.0010035843588411808
client running:52/59, client loss: 2.042097568511963, loss 1: 1.9266237020492554, loss 2: 0.0011547378962859511
client running:53/59, client loss: 2.028348207473755, loss 1: 1.9157419204711914, loss 2: 0.0011260636383667588
client running:54/59, client loss: 2.0239224433898926, loss 1: 1.9273313283920288, loss 2: 0.0009659102652221918
client running:55/59, client loss: 2.0101399421691895, loss 1: 1.9290094375610352, loss 2: 0.0008113046642392874
client running:56/59, client loss: 2.063112258911133, loss 1: 1.9546914100646973, loss 2: 0.0010842082556337118
client running:57/59, client loss: 2.0102698802948, loss 1: 1.9253523349761963, loss 2: 0.0008491749176755548
client running:58/59, client loss: 2.013120174407959, loss 1: 1.952956199645996, loss 2: 0.0006016388069838285
server loss: tensor([[0.8802, 0.6635, 0.7336, 0.6959, 0.6619, 0.7503, 0.6883, 0.6899],
        [0.6990, 0.8098, 0.7725, 0.7008, 0.7236, 0.7506, 0.7234, 0.6751],
        [0.7261, 0.7103, 0.9211, 0.7643, 0.7608, 0.7987, 0.7283, 0.7489],
        [0.6866, 0.6999, 0.7700, 0.9325, 0.7423, 0.7955, 0.7280, 0.7170],
        [0.6654, 0.6987, 0.7389, 0.6976, 0.9221, 0.7391, 0.7747, 0.6765],
        [0.7158, 0.6837, 0.7581, 0.7535, 0.7040, 0.9031, 0.6878, 0.7380],
        [0.7032, 0.6994, 0.7725, 0.7256, 0.7530, 0.7551, 0.8389, 0.7192],
        [0.7070, 0.6629, 0.7611, 0.7062, 0.6795, 0.7675, 0.6863, 0.9254]],
       device='cuda:0')
client running:0/59, client loss: 2.0739407539367676, loss 1: 1.9587674140930176, loss 2: 0.0011517333332449198
client running:1/59, client loss: 2.066849708557129, loss 1: 1.9346979856491089, loss 2: 0.0013215159997344017
client running:2/59, client loss: 2.0426676273345947, loss 1: 1.9518229961395264, loss 2: 0.0009084469638764858
client running:3/59, client loss: 2.14050030708313, loss 1: 1.9537372589111328, loss 2: 0.0018676294712349772
client running:4/59, client loss: 2.0547633171081543, loss 1: 1.9435837268829346, loss 2: 0.001111794961616397
client running:5/59, client loss: 2.038823366165161, loss 1: 1.935791015625, loss 2: 0.0010303228627890348
client running:6/59, client loss: 2.022270917892456, loss 1: 1.9192218780517578, loss 2: 0.0010304900351911783
client running:7/59, client loss: 2.080695629119873, loss 1: 1.9233739376068115, loss 2: 0.0015732166357338428
client running:8/59, client loss: 2.0414962768554688, loss 1: 1.937615990638733, loss 2: 0.0010388029040768743
client running:9/59, client loss: 2.062216281890869, loss 1: 1.932948350906372, loss 2: 0.0012926789931952953
client running:10/59, client loss: 2.1192612648010254, loss 1: 1.9474133253097534, loss 2: 0.0017184796743094921
client running:11/59, client loss: 2.077364444732666, loss 1: 1.9400966167449951, loss 2: 0.0013726787874475121
client running:12/59, client loss: 2.0140066146850586, loss 1: 1.9383957386016846, loss 2: 0.0007561089587397873
client running:13/59, client loss: 2.043921947479248, loss 1: 1.925579309463501, loss 2: 0.0011834260076284409
client running:14/59, client loss: 2.067474365234375, loss 1: 1.9443230628967285, loss 2: 0.0012315127532929182
client running:15/59, client loss: 2.0669548511505127, loss 1: 1.9183464050292969, loss 2: 0.0014860851224511862
client running:16/59, client loss: 2.0474164485931396, loss 1: 1.9496376514434814, loss 2: 0.0009777889354154468
client running:17/59, client loss: 2.0357248783111572, loss 1: 1.9566279649734497, loss 2: 0.0007909685373306274
client running:18/59, client loss: 2.054342269897461, loss 1: 1.9373250007629395, loss 2: 0.0011701718904078007
client running:19/59, client loss: 2.051344871520996, loss 1: 1.927594780921936, loss 2: 0.001237500924617052
client running:20/59, client loss: 2.0292181968688965, loss 1: 1.9507651329040527, loss 2: 0.0007845303043723106
client running:21/59, client loss: 2.073741912841797, loss 1: 1.9543027877807617, loss 2: 0.0011943902354687452
client running:22/59, client loss: 2.12937068939209, loss 1: 1.9473614692687988, loss 2: 0.0018200920894742012
client running:23/59, client loss: 2.054537057876587, loss 1: 1.932128667831421, loss 2: 0.0012240834766998887
client running:24/59, client loss: 2.06015944480896, loss 1: 1.9302855730056763, loss 2: 0.0012987398076802492
client running:25/59, client loss: 2.0292153358459473, loss 1: 1.919097661972046, loss 2: 0.0011011774186044931
client running:26/59, client loss: 2.0489745140075684, loss 1: 1.928090214729309, loss 2: 0.0012088434305042028
client running:27/59, client loss: 2.0610578060150146, loss 1: 1.9354972839355469, loss 2: 0.0012556049041450024
client running:28/59, client loss: 2.0397279262542725, loss 1: 1.9242854118347168, loss 2: 0.001154425204731524
client running:29/59, client loss: 2.0596871376037598, loss 1: 1.922608733177185, loss 2: 0.0013707841280847788
client running:30/59, client loss: 1.9983882904052734, loss 1: 1.9340472221374512, loss 2: 0.0006434101378545165
client running:31/59, client loss: 2.054286003112793, loss 1: 1.9377634525299072, loss 2: 0.0011652261018753052
client running:32/59, client loss: 2.051637649536133, loss 1: 1.9326633214950562, loss 2: 0.001189744216389954
client running:33/59, client loss: 2.1129472255706787, loss 1: 1.9508693218231201, loss 2: 0.0016207783482968807
client running:34/59, client loss: 2.0379934310913086, loss 1: 1.943766474723816, loss 2: 0.0009422695729881525
client running:35/59, client loss: 2.0357611179351807, loss 1: 1.9326598644256592, loss 2: 0.0010310136713087559
client running:36/59, client loss: 2.0165798664093018, loss 1: 1.935465931892395, loss 2: 0.0008111403440125287
client running:37/59, client loss: 2.0786311626434326, loss 1: 1.9366880655288696, loss 2: 0.001419431297108531
client running:38/59, client loss: 2.043951988220215, loss 1: 1.9402765035629272, loss 2: 0.0010367552749812603
client running:39/59, client loss: 2.0427041053771973, loss 1: 1.9202289581298828, loss 2: 0.001224752515554428
client running:40/59, client loss: 2.019435405731201, loss 1: 1.940938949584961, loss 2: 0.000784965290222317
client running:41/59, client loss: 2.032883405685425, loss 1: 1.9306540489196777, loss 2: 0.0010222946293652058
client running:42/59, client loss: 2.0416388511657715, loss 1: 1.928882360458374, loss 2: 0.0011275641154497862
client running:43/59, client loss: 2.101588010787964, loss 1: 1.9729423522949219, loss 2: 0.001286456361413002
client running:44/59, client loss: 2.0483896732330322, loss 1: 1.9489116668701172, loss 2: 0.0009947807993739843
client running:45/59, client loss: 2.061143159866333, loss 1: 1.9498705863952637, loss 2: 0.0011127251200377941
client running:46/59, client loss: 1.9976407289505005, loss 1: 1.9318369626998901, loss 2: 0.00065803766483441
client running:47/59, client loss: 2.0281498432159424, loss 1: 1.923532485961914, loss 2: 0.0010461731581017375
client running:48/59, client loss: 2.0040504932403564, loss 1: 1.9454894065856934, loss 2: 0.000585611560381949
client running:49/59, client loss: 2.015594005584717, loss 1: 1.9311355352401733, loss 2: 0.000844585825689137
client running:50/59, client loss: 2.0381743907928467, loss 1: 1.9489097595214844, loss 2: 0.0008926464361138642
client running:51/59, client loss: 2.040893316268921, loss 1: 1.9204185009002686, loss 2: 0.001204747473821044
client running:52/59, client loss: 2.036391258239746, loss 1: 1.9309440851211548, loss 2: 0.0010544720571488142
client running:53/59, client loss: 2.023066759109497, loss 1: 1.9430699348449707, loss 2: 0.0007999674417078495
client running:54/59, client loss: 2.002620220184326, loss 1: 1.9424875974655151, loss 2: 0.0006013264646753669
client running:55/59, client loss: 2.0407745838165283, loss 1: 1.9365061521530151, loss 2: 0.0010426853550598025
client running:56/59, client loss: 2.046604871749878, loss 1: 1.9318104982376099, loss 2: 0.001147942733950913
client running:57/59, client loss: 2.044156074523926, loss 1: 1.9630199670791626, loss 2: 0.0008113601943477988
client running:58/59, client loss: 2.0193800926208496, loss 1: 1.9488184452056885, loss 2: 0.000705616781488061
server loss: tensor([[0.9451, 0.7262, 0.7413, 0.7109, 0.7957, 0.7702, 0.7923, 0.7274],
        [0.7484, 0.8970, 0.7249, 0.7168, 0.7806, 0.7625, 0.7779, 0.7632],
        [0.7316, 0.7161, 0.8214, 0.7124, 0.7526, 0.7424, 0.7002, 0.6956],
        [0.7750, 0.7242, 0.7654, 0.8521, 0.7736, 0.7287, 0.7616, 0.7246],
        [0.7736, 0.7289, 0.7452, 0.7071, 0.9658, 0.7588, 0.7669, 0.7101],
        [0.7628, 0.7406, 0.7211, 0.6941, 0.7696, 0.9437, 0.7520, 0.7283],
        [0.7486, 0.7249, 0.6819, 0.6991, 0.7657, 0.7171, 0.9369, 0.7113],
        [0.7177, 0.7459, 0.7038, 0.7183, 0.7132, 0.7276, 0.7527, 0.9248]],
       device='cuda:0')
client running:0/59, client loss: 2.1099612712860107, loss 1: 1.9465535879135132, loss 2: 0.0016340767033398151
client running:1/59, client loss: 2.099012613296509, loss 1: 1.9461919069290161, loss 2: 0.0015282080275937915
client running:2/59, client loss: 2.0416882038116455, loss 1: 1.9162344932556152, loss 2: 0.001254537026397884
client running:3/59, client loss: 2.053853750228882, loss 1: 1.9265691041946411, loss 2: 0.001272845664061606
client running:4/59, client loss: 2.063192129135132, loss 1: 1.9287012815475464, loss 2: 0.0013449090765789151
client running:5/59, client loss: 2.0724658966064453, loss 1: 1.9157512187957764, loss 2: 0.001567147672176361
client running:6/59, client loss: 2.096381664276123, loss 1: 1.944338321685791, loss 2: 0.0015204346273094416
client running:7/59, client loss: 2.0802128314971924, loss 1: 1.9510457515716553, loss 2: 0.001291671535000205
client running:8/59, client loss: 2.0857415199279785, loss 1: 1.9385578632354736, loss 2: 0.001471836119890213
client running:9/59, client loss: 2.0986454486846924, loss 1: 1.9461134672164917, loss 2: 0.0015253201127052307
client running:10/59, client loss: 2.0820090770721436, loss 1: 1.9468458890914917, loss 2: 0.0013516320614144206
client running:11/59, client loss: 2.059600830078125, loss 1: 1.926538348197937, loss 2: 0.0013306238688528538
client running:12/59, client loss: 2.075322389602661, loss 1: 1.95540452003479, loss 2: 0.001199177699163556
client running:13/59, client loss: 2.0283050537109375, loss 1: 1.959701418876648, loss 2: 0.000686035433318466
client running:14/59, client loss: 2.0960004329681396, loss 1: 1.9400243759155273, loss 2: 0.0015597599558532238
client running:15/59, client loss: 2.1018588542938232, loss 1: 1.971402883529663, loss 2: 0.0013045601081103086
client running:16/59, client loss: 2.028719902038574, loss 1: 1.942126750946045, loss 2: 0.0008659313316456974
client running:17/59, client loss: 2.059335708618164, loss 1: 1.9392319917678833, loss 2: 0.0012010373175144196
client running:18/59, client loss: 2.0118985176086426, loss 1: 1.9376850128173828, loss 2: 0.0007421341724693775
client running:19/59, client loss: 2.04056978225708, loss 1: 1.9460501670837402, loss 2: 0.0009451962541788816
client running:20/59, client loss: 2.0781607627868652, loss 1: 1.9475950002670288, loss 2: 0.0013056579045951366
client running:21/59, client loss: 2.0464401245117188, loss 1: 1.9465680122375488, loss 2: 0.0009987219236791134
client running:22/59, client loss: 2.065887451171875, loss 1: 1.935553789138794, loss 2: 0.0013033355353400111
client running:23/59, client loss: 2.1151230335235596, loss 1: 1.939452886581421, loss 2: 0.001756700687110424
client running:24/59, client loss: 2.0770580768585205, loss 1: 1.946162223815918, loss 2: 0.0013089587446302176
client running:25/59, client loss: 2.015435218811035, loss 1: 1.927367925643921, loss 2: 0.0008806717814877629
client running:26/59, client loss: 2.0322465896606445, loss 1: 1.926540732383728, loss 2: 0.0010570577578619123
client running:27/59, client loss: 2.015662670135498, loss 1: 1.9359071254730225, loss 2: 0.0007975558983162045
client running:28/59, client loss: 2.104367971420288, loss 1: 1.93703031539917, loss 2: 0.0016733764205127954
client running:29/59, client loss: 2.0464396476745605, loss 1: 1.9472427368164062, loss 2: 0.0009919703006744385
client running:30/59, client loss: 2.050642728805542, loss 1: 1.928218960762024, loss 2: 0.0012242374941706657
client running:31/59, client loss: 2.0373435020446777, loss 1: 1.925166130065918, loss 2: 0.001121773850172758
client running:32/59, client loss: 2.027770757675171, loss 1: 1.9334790706634521, loss 2: 0.0009429174824617803
client running:33/59, client loss: 2.0730600357055664, loss 1: 1.966832160949707, loss 2: 0.001062279916368425
client running:34/59, client loss: 2.0775277614593506, loss 1: 1.9684555530548096, loss 2: 0.0010907221585512161
client running:35/59, client loss: 2.0176877975463867, loss 1: 1.9446178674697876, loss 2: 0.0007306992774829268
client running:36/59, client loss: 2.0725598335266113, loss 1: 1.9326555728912354, loss 2: 0.0013990425504744053
client running:37/59, client loss: 2.0185556411743164, loss 1: 1.9337925910949707, loss 2: 0.000847630319185555
client running:38/59, client loss: 2.033297538757324, loss 1: 1.9469410181045532, loss 2: 0.000863564433529973
client running:39/59, client loss: 2.0567381381988525, loss 1: 1.9528911113739014, loss 2: 0.0010384703055024147
client running:40/59, client loss: 2.043610095977783, loss 1: 1.929814100265503, loss 2: 0.0011379605857655406
client running:41/59, client loss: 2.0892691612243652, loss 1: 1.9541994333267212, loss 2: 0.0013506985269486904
client running:42/59, client loss: 2.040257453918457, loss 1: 1.9289764165878296, loss 2: 0.0011128113837912679
client running:43/59, client loss: 2.0335662364959717, loss 1: 1.9221131801605225, loss 2: 0.0011145310709252954
client running:44/59, client loss: 2.0023884773254395, loss 1: 1.9280768632888794, loss 2: 0.0007431161939166486
client running:45/59, client loss: 2.0199625492095947, loss 1: 1.9420404434204102, loss 2: 0.0007792209507897496
client running:46/59, client loss: 2.044466018676758, loss 1: 1.9303644895553589, loss 2: 0.0011410149745643139
client running:47/59, client loss: 2.012949228286743, loss 1: 1.9213188886642456, loss 2: 0.0009163024951703846
client running:48/59, client loss: 2.0176680088043213, loss 1: 1.9346795082092285, loss 2: 0.0008298847824335098
client running:49/59, client loss: 2.032585859298706, loss 1: 1.940834879875183, loss 2: 0.0009175088489428163
client running:50/59, client loss: 2.145726442337036, loss 1: 1.9861514568328857, loss 2: 0.0015957508003339171
client running:51/59, client loss: 2.042459011077881, loss 1: 1.9423761367797852, loss 2: 0.0010008291574195027
client running:52/59, client loss: 2.0500130653381348, loss 1: 1.9321317672729492, loss 2: 0.001178812119178474
client running:53/59, client loss: 2.0025548934936523, loss 1: 1.9485445022583008, loss 2: 0.0005401047528721392
client running:54/59, client loss: 2.083789348602295, loss 1: 1.9546384811401367, loss 2: 0.0012915083207190037
client running:55/59, client loss: 2.0512242317199707, loss 1: 1.9654313325881958, loss 2: 0.0008579285349696875
client running:56/59, client loss: 2.0092453956604004, loss 1: 1.946024775505066, loss 2: 0.0006322059780359268
client running:57/59, client loss: 2.018277645111084, loss 1: 1.9572259187698364, loss 2: 0.0006105180946178734
client running:58/59, client loss: 2.0281596183776855, loss 1: 1.9475488662719727, loss 2: 0.0008061086991801858
server loss: tensor([[0.8691, 0.7309, 0.7055, 0.6868, 0.7205, 0.7368, 0.6516, 0.6413],
        [0.7280, 0.9352, 0.7215, 0.7162, 0.7302, 0.7653, 0.6732, 0.6625],
        [0.6917, 0.7185, 0.9280, 0.7060, 0.6681, 0.7088, 0.6542, 0.6298],
        [0.7072, 0.7260, 0.7796, 0.9161, 0.6657, 0.7265, 0.6986, 0.6812],
        [0.7631, 0.6916, 0.7192, 0.6948, 0.7873, 0.7160, 0.6779, 0.6084],
        [0.6645, 0.7050, 0.6854, 0.7038, 0.6673, 0.8113, 0.6781, 0.7208],
        [0.6602, 0.7036, 0.7061, 0.6815, 0.6748, 0.7274, 0.8562, 0.6976],
        [0.7035, 0.6795, 0.7210, 0.7098, 0.6654, 0.7595, 0.7514, 0.9159]],
       device='cuda:0')
server average tensor
client running:0/59, client loss: 2.0835325717926025, loss 1: 1.949232816696167, loss 2: 0.001342998119071126
client running:1/59, client loss: 2.046119213104248, loss 1: 1.941243052482605, loss 2: 0.0010487609542906284
client running:2/59, client loss: 2.09802508354187, loss 1: 1.928791880607605, loss 2: 0.0016923327930271626
client running:3/59, client loss: 2.0189430713653564, loss 1: 1.913629174232483, loss 2: 0.001053138286806643
client running:4/59, client loss: 2.0478556156158447, loss 1: 1.9314298629760742, loss 2: 0.0011642570607364178
client running:5/59, client loss: 2.043027400970459, loss 1: 1.9330750703811646, loss 2: 0.0010995238553732634
client running:6/59, client loss: 2.0535202026367188, loss 1: 1.940016269683838, loss 2: 0.0011350390268489718
client running:7/59, client loss: 2.072761297225952, loss 1: 1.9386756420135498, loss 2: 0.0013408560771495104
client running:8/59, client loss: 2.0806336402893066, loss 1: 1.944545865058899, loss 2: 0.001360876951366663
client running:9/59, client loss: 2.031280040740967, loss 1: 1.9073779582977295, loss 2: 0.001239019795320928
client running:10/59, client loss: 2.139063835144043, loss 1: 1.929561734199524, loss 2: 0.002095022238790989
client running:11/59, client loss: 2.078317880630493, loss 1: 1.9263296127319336, loss 2: 0.0015198837500065565
client running:12/59, client loss: 2.0868172645568848, loss 1: 1.932395339012146, loss 2: 0.0015442180447280407
client running:13/59, client loss: 2.1094541549682617, loss 1: 1.9552913904190063, loss 2: 0.0015416264068335295
client running:14/59, client loss: 2.0696969032287598, loss 1: 1.9206568002700806, loss 2: 0.0014904021518304944
client running:15/59, client loss: 2.062493324279785, loss 1: 1.9334325790405273, loss 2: 0.001290606684051454
client running:16/59, client loss: 2.0812811851501465, loss 1: 1.9257636070251465, loss 2: 0.00155517621897161
client running:17/59, client loss: 2.089695930480957, loss 1: 1.940307378768921, loss 2: 0.0014938856475055218
client running:18/59, client loss: 2.052886962890625, loss 1: 1.927711009979248, loss 2: 0.0012517595896497369
client running:19/59, client loss: 2.027277708053589, loss 1: 1.941728115081787, loss 2: 0.0008554965606890619
client running:20/59, client loss: 2.0486459732055664, loss 1: 1.9247294664382935, loss 2: 0.001239164499565959
client running:21/59, client loss: 2.1313154697418213, loss 1: 1.9478082656860352, loss 2: 0.0018350722966715693
client running:22/59, client loss: 2.0014586448669434, loss 1: 1.9114400148391724, loss 2: 0.000900186481885612
client running:23/59, client loss: 2.041792154312134, loss 1: 1.9382367134094238, loss 2: 0.0010355551494285464
client running:24/59, client loss: 2.0714941024780273, loss 1: 1.9622291326522827, loss 2: 0.0010926484828814864
client running:25/59, client loss: 2.076765537261963, loss 1: 1.9398462772369385, loss 2: 0.0013691920321434736
client running:26/59, client loss: 2.0355377197265625, loss 1: 1.9433603286743164, loss 2: 0.0009217739570885897
client running:27/59, client loss: 2.0478765964508057, loss 1: 1.9568625688552856, loss 2: 0.000910140632186085
client running:28/59, client loss: 2.006274461746216, loss 1: 1.9429155588150024, loss 2: 0.0006335886428132653
client running:29/59, client loss: 2.0235977172851562, loss 1: 1.9217755794525146, loss 2: 0.001018222188577056
client running:30/59, client loss: 2.0289838314056396, loss 1: 1.9330646991729736, loss 2: 0.000959190889261663
client running:31/59, client loss: 2.0138604640960693, loss 1: 1.8952893018722534, loss 2: 0.0011857126373797655
client running:32/59, client loss: 2.0096373558044434, loss 1: 1.930232286453247, loss 2: 0.0007940502255223691
client running:33/59, client loss: 2.0292797088623047, loss 1: 1.9236524105072021, loss 2: 0.0010562739335000515
client running:34/59, client loss: 2.057535171508789, loss 1: 1.9467827081680298, loss 2: 0.0011075246147811413
client running:35/59, client loss: 2.0587451457977295, loss 1: 1.9480226039886475, loss 2: 0.0011072263587266207
client running:36/59, client loss: 2.1070430278778076, loss 1: 1.9175846576690674, loss 2: 0.0018945833435282111
client running:37/59, client loss: 2.095181703567505, loss 1: 1.949662685394287, loss 2: 0.0014551901258528233
client running:38/59, client loss: 2.0443859100341797, loss 1: 1.9186644554138184, loss 2: 0.0012572157429531217
client running:39/59, client loss: 2.059807777404785, loss 1: 1.950308084487915, loss 2: 0.0010949973948299885
client running:40/59, client loss: 2.02862811088562, loss 1: 1.9253348112106323, loss 2: 0.001032933359965682
client running:41/59, client loss: 2.021047592163086, loss 1: 1.9309731721878052, loss 2: 0.0009007443441078067
client running:42/59, client loss: 2.027620792388916, loss 1: 1.9596467018127441, loss 2: 0.0006797418463975191
client running:43/59, client loss: 2.013777017593384, loss 1: 1.951987862586975, loss 2: 0.0006178927142173052
client running:44/59, client loss: 2.0740842819213867, loss 1: 1.9236379861831665, loss 2: 0.001504463842138648
client running:45/59, client loss: 2.051100730895996, loss 1: 1.9236924648284912, loss 2: 0.0012740818783640862
client running:46/59, client loss: 2.018437147140503, loss 1: 1.9165586233139038, loss 2: 0.0010187843581661582
client running:47/59, client loss: 2.0104758739471436, loss 1: 1.9270846843719482, loss 2: 0.0008339118212461472
client running:48/59, client loss: 2.03817081451416, loss 1: 1.940796136856079, loss 2: 0.0009737458894960582
client running:49/59, client loss: 2.0473148822784424, loss 1: 1.9553165435791016, loss 2: 0.0009199841879308224
client running:50/59, client loss: 2.0568623542785645, loss 1: 1.9177544116973877, loss 2: 0.001391078345477581
client running:51/59, client loss: 2.0255441665649414, loss 1: 1.9433284997940063, loss 2: 0.0008221571333706379
client running:52/59, client loss: 2.056962490081787, loss 1: 1.9201035499572754, loss 2: 0.0013685895828530192
client running:53/59, client loss: 2.022756814956665, loss 1: 1.929600715637207, loss 2: 0.00093156035291031
client running:54/59, client loss: 2.039628028869629, loss 1: 1.9482334852218628, loss 2: 0.0009139443282037973
client running:55/59, client loss: 2.0501179695129395, loss 1: 1.9305732250213623, loss 2: 0.0011954483343288302
client running:56/59, client loss: 2.022937536239624, loss 1: 1.953028678894043, loss 2: 0.0006990876281633973
client running:57/59, client loss: 2.033364772796631, loss 1: 1.9456926584243774, loss 2: 0.0008767209947109222
client running:58/59, client loss: 2.0343334674835205, loss 1: 1.9611791372299194, loss 2: 0.0007315436378121376
server loss: tensor([[0.8727, 0.6832, 0.6913, 0.7195, 0.7097, 0.6784, 0.7166, 0.7328],
        [0.7467, 0.9046, 0.7061, 0.7000, 0.6966, 0.7183, 0.6567, 0.7558],
        [0.7166, 0.6804, 0.9382, 0.6867, 0.7037, 0.7215, 0.6845, 0.7158],
        [0.7202, 0.6606, 0.6770, 0.9684, 0.7131, 0.7336, 0.6479, 0.7178],
        [0.7291, 0.6755, 0.6777, 0.7029, 0.8544, 0.7426, 0.7148, 0.7656],
        [0.7077, 0.6703, 0.6836, 0.7152, 0.7315, 0.9013, 0.7059, 0.7863],
        [0.7383, 0.7061, 0.7569, 0.6792, 0.6999, 0.7341, 0.6981, 0.7288],
        [0.7465, 0.6882, 0.6783, 0.7338, 0.7124, 0.7517, 0.6768, 0.8546]],
       device='cuda:0')
client running:0/59, client loss: 2.056145191192627, loss 1: 1.9570609331130981, loss 2: 0.0009908434003591537
client running:1/59, client loss: 2.036508083343506, loss 1: 1.9268295764923096, loss 2: 0.0010967844864353538
client running:2/59, client loss: 2.057466506958008, loss 1: 1.9394104480743408, loss 2: 0.001180559629574418
client running:3/59, client loss: 2.029890298843384, loss 1: 1.936253309249878, loss 2: 0.0009363709250465035
client running:4/59, client loss: 2.0541560649871826, loss 1: 1.9343593120574951, loss 2: 0.0011979680275544524
client running:5/59, client loss: 2.026878595352173, loss 1: 1.9384334087371826, loss 2: 0.0008844523690640926
client running:6/59, client loss: 2.0306954383850098, loss 1: 1.930837869644165, loss 2: 0.0009985750075429678
client running:7/59, client loss: 2.047785520553589, loss 1: 1.9118943214416504, loss 2: 0.0013589129084721208
client running:8/59, client loss: 2.042429208755493, loss 1: 1.9370065927505493, loss 2: 0.0010542267700657248
client running:9/59, client loss: 2.0242514610290527, loss 1: 1.9273326396942139, loss 2: 0.0009691890445537865
client running:10/59, client loss: 2.063817024230957, loss 1: 1.9468445777893066, loss 2: 0.0011697233421728015
client running:11/59, client loss: 2.066857099533081, loss 1: 1.9424381256103516, loss 2: 0.0012441896833479404
client running:12/59, client loss: 2.0184035301208496, loss 1: 1.9411145448684692, loss 2: 0.0007728901109658182
client running:13/59, client loss: 2.0533902645111084, loss 1: 1.939995527267456, loss 2: 0.0011339462362229824
client running:14/59, client loss: 2.0833537578582764, loss 1: 1.9440972805023193, loss 2: 0.0013925638049840927
client running:15/59, client loss: 2.0601394176483154, loss 1: 1.9214378595352173, loss 2: 0.001387016149237752
client running:16/59, client loss: 2.0594780445098877, loss 1: 1.931415319442749, loss 2: 0.0012806262820959091
client running:17/59, client loss: 2.0160205364227295, loss 1: 1.9266626834869385, loss 2: 0.0008935774676501751
client running:18/59, client loss: 2.0518014430999756, loss 1: 1.9409492015838623, loss 2: 0.001108523108996451
client running:19/59, client loss: 2.047175884246826, loss 1: 1.937617540359497, loss 2: 0.0010955824982374907
client running:20/59, client loss: 2.065335512161255, loss 1: 1.9342389106750488, loss 2: 0.0013109664432704449
client running:21/59, client loss: 2.0533578395843506, loss 1: 1.9482115507125854, loss 2: 0.0010514617897570133
client running:22/59, client loss: 2.039320230484009, loss 1: 1.9142862558364868, loss 2: 0.0012503407197073102
client running:23/59, client loss: 2.1247828006744385, loss 1: 1.952742338180542, loss 2: 0.0017204040195792913
client running:24/59, client loss: 2.034008741378784, loss 1: 1.9305636882781982, loss 2: 0.001034450251609087
client running:25/59, client loss: 2.0171616077423096, loss 1: 1.9189047813415527, loss 2: 0.0009825676679611206
client running:26/59, client loss: 2.015695333480835, loss 1: 1.93485426902771, loss 2: 0.0008084099972620606
client running:27/59, client loss: 2.0157241821289062, loss 1: 1.911360502243042, loss 2: 0.0010436364682391286
client running:28/59, client loss: 2.0697731971740723, loss 1: 1.9221113920211792, loss 2: 0.0014766182284802198
client running:29/59, client loss: 2.0401365756988525, loss 1: 1.9437711238861084, loss 2: 0.0009636542527005076
client running:30/59, client loss: 2.0548276901245117, loss 1: 1.9177463054656982, loss 2: 0.0013708129990845919
client running:31/59, client loss: 2.0355889797210693, loss 1: 1.9454102516174316, loss 2: 0.0009017884149216115
client running:32/59, client loss: 2.0759801864624023, loss 1: 1.9515599012374878, loss 2: 0.0012442017905414104
client running:33/59, client loss: 2.0470621585845947, loss 1: 1.9396357536315918, loss 2: 0.0010742649901658297
client running:34/59, client loss: 2.0308337211608887, loss 1: 1.9305484294891357, loss 2: 0.001002852339297533
client running:35/59, client loss: 2.0509135723114014, loss 1: 1.9434096813201904, loss 2: 0.0010750399669632316
client running:36/59, client loss: 2.0256857872009277, loss 1: 1.9255335330963135, loss 2: 0.0010015236912295222
client running:37/59, client loss: 2.0690996646881104, loss 1: 1.9219679832458496, loss 2: 0.0014713165583088994
client running:38/59, client loss: 1.9991461038589478, loss 1: 1.9334917068481445, loss 2: 0.0006565438234247267
client running:39/59, client loss: 2.0277786254882812, loss 1: 1.941802978515625, loss 2: 0.0008597567793913186
client running:40/59, client loss: 2.0684072971343994, loss 1: 1.9448238611221313, loss 2: 0.001235834788531065
client running:41/59, client loss: 2.0663020610809326, loss 1: 1.940417766571045, loss 2: 0.0012588418321684003
client running:42/59, client loss: 2.003481388092041, loss 1: 1.934775710105896, loss 2: 0.0006870559882372618
client running:43/59, client loss: 2.0542802810668945, loss 1: 1.9368544816970825, loss 2: 0.0011742585338652134
client running:44/59, client loss: 2.0490992069244385, loss 1: 1.9478504657745361, loss 2: 0.0010124874534085393
client running:45/59, client loss: 2.031416177749634, loss 1: 1.918336272239685, loss 2: 0.0011307988315820694
client running:46/59, client loss: 2.059072256088257, loss 1: 1.9513001441955566, loss 2: 0.0010777214774861932
client running:47/59, client loss: 2.059934139251709, loss 1: 1.9252880811691284, loss 2: 0.0013464598450809717
client running:48/59, client loss: 2.0109517574310303, loss 1: 1.9161556959152222, loss 2: 0.0009479597210884094
client running:49/59, client loss: 2.07718563079834, loss 1: 1.9537436962127686, loss 2: 0.0012344185961410403
client running:50/59, client loss: 2.0368058681488037, loss 1: 1.9430263042449951, loss 2: 0.0009377948008477688
client running:51/59, client loss: 2.052556037902832, loss 1: 1.9460992813110352, loss 2: 0.0010645681759342551
client running:52/59, client loss: 2.040241241455078, loss 1: 1.9414142370224, loss 2: 0.000988270272500813
client running:53/59, client loss: 2.034121513366699, loss 1: 1.9307812452316284, loss 2: 0.00103340158239007
client running:54/59, client loss: 1.9844787120819092, loss 1: 1.9280232191085815, loss 2: 0.0005645544151775539
client running:55/59, client loss: 2.0650370121002197, loss 1: 1.9327963590621948, loss 2: 0.001322406344115734
client running:56/59, client loss: 2.077788829803467, loss 1: 1.9588702917099, loss 2: 0.0011891849571838975
client running:57/59, client loss: 2.050312042236328, loss 1: 1.945755958557129, loss 2: 0.0010455605806782842
client running:58/59, client loss: 2.028407573699951, loss 1: 1.9391002655029297, loss 2: 0.000893072341568768
server loss: tensor([[0.9594, 0.7324, 0.7038, 0.7005, 0.7094, 0.7349, 0.7125, 0.6913],
        [0.7293, 0.8815, 0.7143, 0.6803, 0.7012, 0.7223, 0.7248, 0.6451],
        [0.7287, 0.7412, 0.8760, 0.7002, 0.6932, 0.7741, 0.6682, 0.6851],
        [0.7293, 0.7208, 0.7251, 0.9060, 0.7075, 0.7011, 0.7388, 0.6762],
        [0.7333, 0.7035, 0.6983, 0.7008, 0.9162, 0.7229, 0.6946, 0.6753],
        [0.7501, 0.7211, 0.7343, 0.6428, 0.6880, 0.9378, 0.6545, 0.6160],
        [0.7393, 0.7448, 0.6947, 0.7303, 0.7072, 0.7131, 0.9040, 0.7032],
        [0.7277, 0.6741, 0.6883, 0.6811, 0.6832, 0.7076, 0.6556, 0.7938]],
       device='cuda:0')
client running:0/59, client loss: 2.039885997772217, loss 1: 1.9468591213226318, loss 2: 0.0009302676771767437
client running:1/59, client loss: 2.063959836959839, loss 1: 1.9353349208831787, loss 2: 0.0012862486764788628
client running:2/59, client loss: 2.0734012126922607, loss 1: 1.9523119926452637, loss 2: 0.0012108911760151386
client running:3/59, client loss: 2.07511305809021, loss 1: 1.9313342571258545, loss 2: 0.0014377874322235584
client running:4/59, client loss: 2.105212688446045, loss 1: 1.9405282735824585, loss 2: 0.001646845368668437
client running:5/59, client loss: 2.116245746612549, loss 1: 1.9190261363983154, loss 2: 0.0019721961580216885
client running:6/59, client loss: 2.0674915313720703, loss 1: 1.9444257020950317, loss 2: 0.0012306571006774902
client running:7/59, client loss: 2.0251572132110596, loss 1: 1.927642822265625, loss 2: 0.0009751428151503205
client running:8/59, client loss: 2.016021490097046, loss 1: 1.9322558641433716, loss 2: 0.000837656669318676
client running:9/59, client loss: 2.0446619987487793, loss 1: 1.9341310262680054, loss 2: 0.0011053106281906366
client running:10/59, client loss: 2.064781665802002, loss 1: 1.9301159381866455, loss 2: 0.001346656703390181
client running:11/59, client loss: 2.041696071624756, loss 1: 1.9212437868118286, loss 2: 0.0012045232579112053
client running:12/59, client loss: 2.0789544582366943, loss 1: 1.9456264972686768, loss 2: 0.0013332798844203353
client running:13/59, client loss: 2.106137752532959, loss 1: 1.9626269340515137, loss 2: 0.0014351080171763897
client running:14/59, client loss: 2.0120203495025635, loss 1: 1.9244630336761475, loss 2: 0.000875572208315134
client running:15/59, client loss: 2.107042074203491, loss 1: 1.9534975290298462, loss 2: 0.001535445568151772
client running:16/59, client loss: 2.0576937198638916, loss 1: 1.9439905881881714, loss 2: 0.0011370307765901089
client running:17/59, client loss: 2.076626777648926, loss 1: 1.9280076026916504, loss 2: 0.0014861919917166233
client running:18/59, client loss: 2.0614163875579834, loss 1: 1.9430599212646484, loss 2: 0.0011835657060146332
client running:19/59, client loss: 2.058818817138672, loss 1: 1.9360929727554321, loss 2: 0.001227259635925293
client running:20/59, client loss: 2.0584399700164795, loss 1: 1.91910982131958, loss 2: 0.0013933011796325445
client running:21/59, client loss: 2.089207887649536, loss 1: 1.9391107559204102, loss 2: 0.0015009723138064146
client running:22/59, client loss: 2.0327675342559814, loss 1: 1.927812099456787, loss 2: 0.0010495542082935572
client running:23/59, client loss: 2.063410758972168, loss 1: 1.9563993215560913, loss 2: 0.0010701131541281939
client running:24/59, client loss: 2.012660264968872, loss 1: 1.9288184642791748, loss 2: 0.000838418141938746
client running:25/59, client loss: 2.034348487854004, loss 1: 1.9355041980743408, loss 2: 0.0009884423343464732
client running:26/59, client loss: 2.0693814754486084, loss 1: 1.9496949911117554, loss 2: 0.0011968653416261077
client running:27/59, client loss: 2.028378486633301, loss 1: 1.9320183992385864, loss 2: 0.0009635997121222317
client running:28/59, client loss: 2.0465331077575684, loss 1: 1.9573074579238892, loss 2: 0.0008922572014853358
client running:29/59, client loss: 2.047652006149292, loss 1: 1.928113341331482, loss 2: 0.0011953862849622965
client running:30/59, client loss: 2.052785873413086, loss 1: 1.9310290813446045, loss 2: 0.0012175672454759479
client running:31/59, client loss: 2.051945924758911, loss 1: 1.9484868049621582, loss 2: 0.0010345902992412448
client running:32/59, client loss: 2.052783727645874, loss 1: 1.9388418197631836, loss 2: 0.0011394184548407793
client running:33/59, client loss: 2.025463104248047, loss 1: 1.9310214519500732, loss 2: 0.0009444166207686067
client running:34/59, client loss: 2.0300867557525635, loss 1: 1.9140690565109253, loss 2: 0.001160177867859602
client running:35/59, client loss: 2.0689051151275635, loss 1: 1.916285753250122, loss 2: 0.0015261941589415073
client running:36/59, client loss: 2.049067497253418, loss 1: 1.9157195091247559, loss 2: 0.0013334809336811304
client running:37/59, client loss: 2.0343117713928223, loss 1: 1.9412412643432617, loss 2: 0.0009307054569944739
client running:38/59, client loss: 2.058527708053589, loss 1: 1.9302103519439697, loss 2: 0.001283174380660057
client running:39/59, client loss: 2.0491552352905273, loss 1: 1.9416484832763672, loss 2: 0.0010750668589025736
client running:40/59, client loss: 2.040095806121826, loss 1: 1.9428749084472656, loss 2: 0.000972208334133029
client running:41/59, client loss: 2.0324480533599854, loss 1: 1.937248706817627, loss 2: 0.0009519937448203564
client running:42/59, client loss: 2.013216257095337, loss 1: 1.903515338897705, loss 2: 0.0010970081202685833
client running:43/59, client loss: 1.9966096878051758, loss 1: 1.9210740327835083, loss 2: 0.0007553560426458716
client running:44/59, client loss: 2.012080430984497, loss 1: 1.942111611366272, loss 2: 0.000699687167070806
client running:45/59, client loss: 2.050412893295288, loss 1: 1.9692893028259277, loss 2: 0.0008112366776913404
client running:46/59, client loss: 2.0411629676818848, loss 1: 1.9408704042434692, loss 2: 0.0010029254481196404
client running:47/59, client loss: 2.0331008434295654, loss 1: 1.9325010776519775, loss 2: 0.0010059981141239405
client running:48/59, client loss: 2.0711607933044434, loss 1: 1.9261220693588257, loss 2: 0.001450387411750853
client running:49/59, client loss: 2.032813310623169, loss 1: 1.9357774257659912, loss 2: 0.0009703599498607218
client running:50/59, client loss: 2.0472512245178223, loss 1: 1.9468826055526733, loss 2: 0.0010036863386631012
client running:51/59, client loss: 2.0636773109436035, loss 1: 1.9257866144180298, loss 2: 0.0013789066579192877
client running:52/59, client loss: 2.0483953952789307, loss 1: 1.9345219135284424, loss 2: 0.001138733816333115
client running:53/59, client loss: 2.01511287689209, loss 1: 1.9150652885437012, loss 2: 0.0010004766518250108
client running:54/59, client loss: 2.0628011226654053, loss 1: 1.9509512186050415, loss 2: 0.00111849803943187
client running:55/59, client loss: 2.0292396545410156, loss 1: 1.9624475240707397, loss 2: 0.0006679205107502639
client running:56/59, client loss: 2.0236942768096924, loss 1: 1.9288790225982666, loss 2: 0.0009481524466536939
client running:57/59, client loss: 2.0385520458221436, loss 1: 1.9225798845291138, loss 2: 0.0011597218690440059
client running:58/59, client loss: 2.042921781539917, loss 1: 1.9215019941329956, loss 2: 0.0012141976039856672
server loss: tensor([[0.9482, 0.6960, 0.7647, 0.6758, 0.7472, 0.7073, 0.7131, 0.7039],
        [0.6580, 0.9073, 0.7095, 0.7105, 0.6892, 0.6781, 0.6560, 0.7189],
        [0.7035, 0.6850, 0.9129, 0.6773, 0.7381, 0.7190, 0.7028, 0.6708],
        [0.6827, 0.6932, 0.6985, 0.9221, 0.6812, 0.7212, 0.6670, 0.6851],
        [0.7291, 0.6751, 0.7764, 0.6705, 0.9784, 0.7430, 0.7017, 0.7359],
        [0.6680, 0.6589, 0.7298, 0.6982, 0.7239, 0.9165, 0.6667, 0.7075],
        [0.7139, 0.6895, 0.7454, 0.6694, 0.7323, 0.7044, 0.9624, 0.6893],
        [0.7241, 0.6825, 0.7210, 0.6860, 0.7411, 0.7216, 0.6775, 0.8795]],
       device='cuda:0')
client running:0/59, client loss: 2.0504465103149414, loss 1: 1.9440655708312988, loss 2: 0.0010638103121891618
client running:1/59, client loss: 2.012697696685791, loss 1: 1.9321680068969727, loss 2: 0.0008052957127802074
client running:2/59, client loss: 2.0665018558502197, loss 1: 1.9282920360565186, loss 2: 0.0013820984167978168
client running:3/59, client loss: 2.055908679962158, loss 1: 1.9566607475280762, loss 2: 0.0009924781043082476
client running:4/59, client loss: 2.035972833633423, loss 1: 1.901354432106018, loss 2: 0.0013461834751069546
client running:5/59, client loss: 2.0578534603118896, loss 1: 1.926631212234497, loss 2: 0.0013122220989316702
client running:6/59, client loss: 2.0798821449279785, loss 1: 1.9206390380859375, loss 2: 0.001592431217432022
client running:7/59, client loss: 2.0118374824523926, loss 1: 1.9352360963821411, loss 2: 0.0007660140981897712
client running:8/59, client loss: 2.049221992492676, loss 1: 1.9408061504364014, loss 2: 0.0010841580806300044
client running:9/59, client loss: 2.0745396614074707, loss 1: 1.9310780763626099, loss 2: 0.0014346151147037745
client running:10/59, client loss: 2.022881507873535, loss 1: 1.9403311014175415, loss 2: 0.0008255047723650932
client running:11/59, client loss: 2.036919116973877, loss 1: 1.9183861017227173, loss 2: 0.0011853311443701386
client running:12/59, client loss: 2.058913230895996, loss 1: 1.95991849899292, loss 2: 0.0009899483993649483
client running:13/59, client loss: 2.068298816680908, loss 1: 1.9423328638076782, loss 2: 0.0012596601154655218
client running:14/59, client loss: 2.0667545795440674, loss 1: 1.946426510810852, loss 2: 0.0012032807571813464
client running:15/59, client loss: 2.079047203063965, loss 1: 1.925114393234253, loss 2: 0.0015393272042274475
client running:16/59, client loss: 2.079103469848633, loss 1: 1.9298418760299683, loss 2: 0.0014926169533282518
client running:17/59, client loss: 2.0163261890411377, loss 1: 1.9292293787002563, loss 2: 0.0008709669928066432
client running:18/59, client loss: 2.0593552589416504, loss 1: 1.9603333473205566, loss 2: 0.000990220345556736
client running:19/59, client loss: 2.036856174468994, loss 1: 1.94955313205719, loss 2: 0.0008730299887247384
client running:20/59, client loss: 2.0235207080841064, loss 1: 1.9354536533355713, loss 2: 0.000880670384503901
client running:21/59, client loss: 2.0677428245544434, loss 1: 1.9362897872924805, loss 2: 0.001314530847594142
client running:22/59, client loss: 2.0416955947875977, loss 1: 1.9371564388275146, loss 2: 0.001045392476953566
client running:23/59, client loss: 2.0848917961120605, loss 1: 1.950766921043396, loss 2: 0.0013412487460300326
client running:24/59, client loss: 2.0181899070739746, loss 1: 1.9263222217559814, loss 2: 0.0009186778916046023
client running:25/59, client loss: 2.047374963760376, loss 1: 1.936186671257019, loss 2: 0.0011118832044303417
client running:26/59, client loss: 2.0815589427948, loss 1: 1.9315357208251953, loss 2: 0.0015002320287749171
client running:27/59, client loss: 2.048670768737793, loss 1: 1.9179013967514038, loss 2: 0.001307693892158568
client running:28/59, client loss: 2.0438895225524902, loss 1: 1.9449776411056519, loss 2: 0.0009891181252896786
client running:29/59, client loss: 2.0243587493896484, loss 1: 1.929891586303711, loss 2: 0.000944670639000833
client running:30/59, client loss: 2.0540871620178223, loss 1: 1.9512262344360352, loss 2: 0.0010286099277436733
client running:31/59, client loss: 2.0305466651916504, loss 1: 1.9326963424682617, loss 2: 0.0009785033762454987
client running:32/59, client loss: 2.0472517013549805, loss 1: 1.9327185153961182, loss 2: 0.0011453322367742658
client running:33/59, client loss: 2.090088129043579, loss 1: 1.9340163469314575, loss 2: 0.0015607182867825031
client running:34/59, client loss: 2.051424741744995, loss 1: 1.9117363691329956, loss 2: 0.0013968846760690212
client running:35/59, client loss: 2.007075548171997, loss 1: 1.9277544021606445, loss 2: 0.0007932119187898934
client running:36/59, client loss: 2.1026530265808105, loss 1: 1.9434552192687988, loss 2: 0.00159197929315269
client running:37/59, client loss: 2.0408542156219482, loss 1: 1.9461716413497925, loss 2: 0.0009468246134929359
client running:38/59, client loss: 2.0475552082061768, loss 1: 1.9597002267837524, loss 2: 0.0008785498794168234
client running:39/59, client loss: 2.000349998474121, loss 1: 1.9269812107086182, loss 2: 0.0007336875423789024
client running:40/59, client loss: 2.049945831298828, loss 1: 1.945657730102539, loss 2: 0.0010428809328004718
client running:41/59, client loss: 2.067295789718628, loss 1: 1.9552847146987915, loss 2: 0.0011201116722077131
client running:42/59, client loss: 2.0883302688598633, loss 1: 1.9418190717697144, loss 2: 0.0014651125529780984
client running:43/59, client loss: 2.0662593841552734, loss 1: 1.932068943977356, loss 2: 0.0013419035822153091
client running:44/59, client loss: 2.0552737712860107, loss 1: 1.954237461090088, loss 2: 0.0010103629902005196
client running:45/59, client loss: 2.030486583709717, loss 1: 1.9481762647628784, loss 2: 0.0008231031242758036
client running:46/59, client loss: 2.036620616912842, loss 1: 1.942969799041748, loss 2: 0.0009365084697492421
client running:47/59, client loss: 2.0221879482269287, loss 1: 1.92140531539917, loss 2: 0.0010078272316604853
client running:48/59, client loss: 2.0594239234924316, loss 1: 1.9495569467544556, loss 2: 0.001098670531064272
client running:49/59, client loss: 2.043344736099243, loss 1: 1.9091196060180664, loss 2: 0.001342251431196928
client running:50/59, client loss: 2.0328710079193115, loss 1: 1.9395724534988403, loss 2: 0.0009329852764494717
client running:51/59, client loss: 2.028569459915161, loss 1: 1.9251856803894043, loss 2: 0.0010338384890928864
client running:52/59, client loss: 2.0589146614074707, loss 1: 1.9383920431137085, loss 2: 0.0012052262900397182
client running:53/59, client loss: 1.9982165098190308, loss 1: 1.927058458328247, loss 2: 0.0007115807966329157
client running:54/59, client loss: 2.0677053928375244, loss 1: 1.9664918184280396, loss 2: 0.0010121366940438747
client running:55/59, client loss: 2.006685733795166, loss 1: 1.9309419393539429, loss 2: 0.0007574374321848154
client running:56/59, client loss: 2.016788959503174, loss 1: 1.9284690618515015, loss 2: 0.0008831995073705912
client running:57/59, client loss: 2.0235753059387207, loss 1: 1.955867886543274, loss 2: 0.0006770734908059239
client running:58/59, client loss: 2.005519151687622, loss 1: 1.9186646938323975, loss 2: 0.0008685446809977293
server loss: tensor([[0.8119, 0.7192, 0.7674, 0.6999, 0.5953, 0.7192, 0.7470, 0.6998],
        [0.6895, 0.9053, 0.7777, 0.7255, 0.6372, 0.7109, 0.7318, 0.7168],
        [0.6624, 0.7303, 0.9619, 0.7148, 0.6170, 0.7186, 0.7417, 0.7092],
        [0.6791, 0.7294, 0.7350, 0.9051, 0.6301, 0.7257, 0.7506, 0.7214],
        [0.5378, 0.6086, 0.6359, 0.6438, 0.8578, 0.7101, 0.6710, 0.7085],
        [0.6159, 0.6727, 0.7119, 0.7151, 0.6815, 0.9614, 0.7608, 0.7843],
        [0.6977, 0.7039, 0.7496, 0.7421, 0.6499, 0.7719, 0.9783, 0.7822],
        [0.6293, 0.6763, 0.6842, 0.7125, 0.7003, 0.7932, 0.7769, 0.9690]],
       device='cuda:0')
client running:0/59, client loss: 2.0860557556152344, loss 1: 1.9448356628417969, loss 2: 0.00141220074146986
client running:1/59, client loss: 2.06249737739563, loss 1: 1.9619084596633911, loss 2: 0.001005890197120607
client running:2/59, client loss: 2.0775632858276367, loss 1: 1.9454420804977417, loss 2: 0.0013212126214057207
client running:3/59, client loss: 2.071439266204834, loss 1: 1.9555526971817017, loss 2: 0.0011588654015213251
client running:4/59, client loss: 2.082472324371338, loss 1: 1.9267723560333252, loss 2: 0.0015570003306493163
client running:5/59, client loss: 2.034205913543701, loss 1: 1.9103820323944092, loss 2: 0.0012382394634187222
client running:6/59, client loss: 2.0751290321350098, loss 1: 1.9626028537750244, loss 2: 0.0011252629337832332
client running:7/59, client loss: 2.035736083984375, loss 1: 1.9318938255310059, loss 2: 0.0010384214110672474
client running:8/59, client loss: 2.055438756942749, loss 1: 1.9432088136672974, loss 2: 0.0011223000474274158
client running:9/59, client loss: 2.0859057903289795, loss 1: 1.9615176916122437, loss 2: 0.0012438819976523519
client running:10/59, client loss: 2.0655980110168457, loss 1: 1.938768982887268, loss 2: 0.0012682907981798053
client running:11/59, client loss: 2.0323565006256104, loss 1: 1.9401679039001465, loss 2: 0.0009218866471201181
client running:12/59, client loss: 2.048624038696289, loss 1: 1.9339605569839478, loss 2: 0.0011466345749795437
client running:13/59, client loss: 2.061133623123169, loss 1: 1.9465347528457642, loss 2: 0.0011459884699434042
client running:14/59, client loss: 2.0395078659057617, loss 1: 1.932183027267456, loss 2: 0.0010732479859143496
client running:15/59, client loss: 2.0441625118255615, loss 1: 1.9283764362335205, loss 2: 0.0011578602716326714
client running:16/59, client loss: 2.0345568656921387, loss 1: 1.93430757522583, loss 2: 0.0010024935472756624
client running:17/59, client loss: 2.033125877380371, loss 1: 1.9420249462127686, loss 2: 0.0009110099636018276
client running:18/59, client loss: 2.0469775199890137, loss 1: 1.9425139427185059, loss 2: 0.0010446349624544382
client running:19/59, client loss: 2.064079999923706, loss 1: 1.95124089717865, loss 2: 0.0011283920612186193
client running:20/59, client loss: 2.06954026222229, loss 1: 1.9349181652069092, loss 2: 0.00134622014593333
client running:21/59, client loss: 2.092866897583008, loss 1: 1.9234583377838135, loss 2: 0.001694084843620658
client running:22/59, client loss: 2.043203353881836, loss 1: 1.949293851852417, loss 2: 0.0009390943450853229
client running:23/59, client loss: 2.0873067378997803, loss 1: 1.9563069343566895, loss 2: 0.0013099985662847757
client running:24/59, client loss: 2.0540895462036133, loss 1: 1.9667541980743408, loss 2: 0.0008733546710573137
client running:25/59, client loss: 2.071669816970825, loss 1: 1.9480808973312378, loss 2: 0.0012358883395791054
client running:26/59, client loss: 2.0503416061401367, loss 1: 1.939204454421997, loss 2: 0.0011113720247521996
client running:27/59, client loss: 2.069973945617676, loss 1: 1.9386314153671265, loss 2: 0.0013134265318512917
client running:28/59, client loss: 2.0412826538085938, loss 1: 1.921565294265747, loss 2: 0.0011971724452450871
client running:29/59, client loss: 2.0701844692230225, loss 1: 1.9490017890930176, loss 2: 0.0012118261074647307
client running:30/59, client loss: 2.041618824005127, loss 1: 1.931967854499817, loss 2: 0.001096509164199233
client running:31/59, client loss: 2.0134525299072266, loss 1: 1.928342342376709, loss 2: 0.0008511021151207387
client running:32/59, client loss: 2.021962881088257, loss 1: 1.9257993698120117, loss 2: 0.0009616354946047068
client running:33/59, client loss: 2.062889814376831, loss 1: 1.949737310409546, loss 2: 0.0011315258452668786
client running:34/59, client loss: 2.114319324493408, loss 1: 1.930267095565796, loss 2: 0.001840522512793541
client running:35/59, client loss: 2.0477957725524902, loss 1: 1.9374233484268188, loss 2: 0.0011037243530154228
client running:36/59, client loss: 2.054225444793701, loss 1: 1.9205137491226196, loss 2: 0.0013371158856898546
client running:37/59, client loss: 2.0652172565460205, loss 1: 1.94154953956604, loss 2: 0.0012366775190457702
client running:38/59, client loss: 2.005455255508423, loss 1: 1.9486355781555176, loss 2: 0.0005681974580511451
client running:39/59, client loss: 2.018218517303467, loss 1: 1.933652400970459, loss 2: 0.000845661386847496
client running:40/59, client loss: 2.0697216987609863, loss 1: 1.9535067081451416, loss 2: 0.0011621508747339249
client running:41/59, client loss: 2.0457468032836914, loss 1: 1.933150053024292, loss 2: 0.001125967944972217
client running:42/59, client loss: 2.0909178256988525, loss 1: 1.9738655090332031, loss 2: 0.0011705223005264997
client running:43/59, client loss: 2.0194637775421143, loss 1: 1.9304531812667847, loss 2: 0.0008901053806766868
client running:44/59, client loss: 2.0325303077697754, loss 1: 1.9518444538116455, loss 2: 0.0008068587630987167
client running:45/59, client loss: 2.052044630050659, loss 1: 1.973191738128662, loss 2: 0.0007885298109613359
client running:46/59, client loss: 2.0468029975891113, loss 1: 1.9320263862609863, loss 2: 0.0011477661319077015
client running:47/59, client loss: 2.022524356842041, loss 1: 1.9381438493728638, loss 2: 0.0008438059594482183
client running:48/59, client loss: 2.009553909301758, loss 1: 1.9301915168762207, loss 2: 0.0007936243200674653
client running:49/59, client loss: 2.0428736209869385, loss 1: 1.9322774410247803, loss 2: 0.00110596080776304
client running:50/59, client loss: 2.065061569213867, loss 1: 1.9164701700210571, loss 2: 0.001485913642682135
client running:51/59, client loss: 2.0932202339172363, loss 1: 1.960382342338562, loss 2: 0.0013283786829560995
client running:52/59, client loss: 2.047900676727295, loss 1: 1.9159576892852783, loss 2: 0.0013194294879212976
client running:53/59, client loss: 2.0590710639953613, loss 1: 1.9243595600128174, loss 2: 0.001347116194665432
client running:54/59, client loss: 2.0172629356384277, loss 1: 1.9258452653884888, loss 2: 0.0009141770424321294
client running:55/59, client loss: 2.027085065841675, loss 1: 1.923869013786316, loss 2: 0.0010321594309061766
client running:56/59, client loss: 2.023268222808838, loss 1: 1.9440486431121826, loss 2: 0.000792196486145258
client running:57/59, client loss: 2.0050504207611084, loss 1: 1.9392582178115845, loss 2: 0.0006579228211194277
client running:58/59, client loss: 2.0231688022613525, loss 1: 1.9260296821594238, loss 2: 0.0009713902254588902
server loss: tensor([[0.8851, 0.6583, 0.6630, 0.7701, 0.7164, 0.7128, 0.6658, 0.6008],
        [0.7180, 0.8720, 0.6949, 0.7329, 0.6914, 0.6919, 0.6695, 0.6001],
        [0.6943, 0.6672, 0.8375, 0.7038, 0.7025, 0.7256, 0.6745, 0.6766],
        [0.7880, 0.7063, 0.6784, 0.9795, 0.7376, 0.7680, 0.6838, 0.6238],
        [0.7187, 0.6649, 0.6699, 0.7270, 0.9470, 0.7283, 0.6440, 0.6264],
        [0.7749, 0.6963, 0.7170, 0.7872, 0.7355, 0.9600, 0.7223, 0.6867],
        [0.6857, 0.6633, 0.7066, 0.7019, 0.7117, 0.7448, 0.8137, 0.6231],
        [0.6956, 0.6758, 0.7039, 0.6893, 0.6832, 0.7342, 0.6485, 0.9321]],
       device='cuda:0')
server average tensor
client running:0/59, client loss: 2.0473265647888184, loss 1: 1.931722640991211, loss 2: 0.0011560398852452636
client running:1/59, client loss: 2.039503812789917, loss 1: 1.9388827085494995, loss 2: 0.001006211037747562
client running:2/59, client loss: 2.035799264907837, loss 1: 1.9343321323394775, loss 2: 0.0010146705899387598
client running:3/59, client loss: 2.001013994216919, loss 1: 1.910575270652771, loss 2: 0.0009043872123584151
client running:4/59, client loss: 2.0087838172912598, loss 1: 1.91311514377594, loss 2: 0.0009566867956891656
client running:5/59, client loss: 2.103038787841797, loss 1: 1.9417407512664795, loss 2: 0.0016129809664562345
client running:6/59, client loss: 2.032952070236206, loss 1: 1.927598237991333, loss 2: 0.0010535373585298657
client running:7/59, client loss: 2.1544547080993652, loss 1: 1.9498772621154785, loss 2: 0.0020457752980291843
client running:8/59, client loss: 2.0885512828826904, loss 1: 1.9245378971099854, loss 2: 0.0016401337925344706
client running:9/59, client loss: 2.058143138885498, loss 1: 1.9269076585769653, loss 2: 0.0013123550452291965
client running:10/59, client loss: 2.1018238067626953, loss 1: 1.9594700336456299, loss 2: 0.0014235374983400106
client running:11/59, client loss: 2.0361833572387695, loss 1: 1.9345066547393799, loss 2: 0.001016767113469541
client running:12/59, client loss: 2.1098577976226807, loss 1: 1.9289453029632568, loss 2: 0.001809125067666173
client running:13/59, client loss: 2.039668321609497, loss 1: 1.9278650283813477, loss 2: 0.0011180336587131023
client running:14/59, client loss: 2.0870935916900635, loss 1: 1.9461305141448975, loss 2: 0.0014096316881477833
client running:15/59, client loss: 2.0132036209106445, loss 1: 1.9295400381088257, loss 2: 0.0008366349502466619
client running:16/59, client loss: 2.0461409091949463, loss 1: 1.9193921089172363, loss 2: 0.001267488463781774
client running:17/59, client loss: 2.053891897201538, loss 1: 1.9469921588897705, loss 2: 0.0010689967311918736
client running:18/59, client loss: 2.0506205558776855, loss 1: 1.930053472518921, loss 2: 0.0012056718114763498
client running:19/59, client loss: 2.087106704711914, loss 1: 1.9139779806137085, loss 2: 0.0017312872223556042
client running:20/59, client loss: 2.054474115371704, loss 1: 1.9319462776184082, loss 2: 0.0012252795277163386
client running:21/59, client loss: 2.0317318439483643, loss 1: 1.9530463218688965, loss 2: 0.0007868562825024128
client running:22/59, client loss: 2.081991672515869, loss 1: 1.9133176803588867, loss 2: 0.0016867388039827347
client running:23/59, client loss: 2.05134916305542, loss 1: 1.948498010635376, loss 2: 0.0010285103926435113
client running:24/59, client loss: 2.037886142730713, loss 1: 1.9415701627731323, loss 2: 0.0009631601860746741
client running:25/59, client loss: 2.0605180263519287, loss 1: 1.9399563074111938, loss 2: 0.0012056173291057348
client running:26/59, client loss: 2.066596031188965, loss 1: 1.9353926181793213, loss 2: 0.0013120344374328852
client running:27/59, client loss: 2.031191349029541, loss 1: 1.9516494274139404, loss 2: 0.0007954195607453585
client running:28/59, client loss: 2.0594255924224854, loss 1: 1.9264744520187378, loss 2: 0.0013295121025294065
client running:29/59, client loss: 2.0796220302581787, loss 1: 1.939537763595581, loss 2: 0.0014008430298417807
client running:30/59, client loss: 2.0357372760772705, loss 1: 1.9542479515075684, loss 2: 0.0008148933411575854
client running:31/59, client loss: 2.023961305618286, loss 1: 1.9489538669586182, loss 2: 0.0007500736974179745
client running:32/59, client loss: 2.0197594165802, loss 1: 1.9328968524932861, loss 2: 0.000868625589646399
client running:33/59, client loss: 2.044947624206543, loss 1: 1.927992820739746, loss 2: 0.0011695473222061992
client running:34/59, client loss: 2.046703815460205, loss 1: 1.9295145273208618, loss 2: 0.00117189297452569
client running:35/59, client loss: 2.0725297927856445, loss 1: 1.8987706899642944, loss 2: 0.00173759157769382
client running:36/59, client loss: 2.049170732498169, loss 1: 1.9291441440582275, loss 2: 0.0012002659495919943
client running:37/59, client loss: 2.0682075023651123, loss 1: 1.931924819946289, loss 2: 0.0013628257438540459
client running:38/59, client loss: 2.056001901626587, loss 1: 1.9256439208984375, loss 2: 0.0013035803567618132
client running:39/59, client loss: 2.0175747871398926, loss 1: 1.920183539390564, loss 2: 0.0009739130036905408
client running:40/59, client loss: 2.060176134109497, loss 1: 1.9405736923217773, loss 2: 0.0011960233096033335
client running:41/59, client loss: 2.107696533203125, loss 1: 1.9289560317993164, loss 2: 0.0017874038312584162
client running:42/59, client loss: 2.038611650466919, loss 1: 1.9229857921600342, loss 2: 0.0011562589788809419
client running:43/59, client loss: 2.0094306468963623, loss 1: 1.9115086793899536, loss 2: 0.0009792203782126307
client running:44/59, client loss: 2.0261316299438477, loss 1: 1.922870397567749, loss 2: 0.001032611820846796
client running:45/59, client loss: 2.014758825302124, loss 1: 1.9170199632644653, loss 2: 0.000977388583123684
client running:46/59, client loss: 2.0193445682525635, loss 1: 1.9226783514022827, loss 2: 0.0009666625410318375
client running:47/59, client loss: 2.03794264793396, loss 1: 1.9493186473846436, loss 2: 0.0008862399845384061
client running:48/59, client loss: 2.0508103370666504, loss 1: 1.9625227451324463, loss 2: 0.0008828764548525214
client running:49/59, client loss: 2.03948974609375, loss 1: 1.9332952499389648, loss 2: 0.0010619456879794598
client running:50/59, client loss: 2.0627098083496094, loss 1: 1.9108593463897705, loss 2: 0.0015185035299509764
client running:51/59, client loss: 2.0188236236572266, loss 1: 1.9012086391448975, loss 2: 0.001176150282844901
client running:52/59, client loss: 2.053917646408081, loss 1: 1.9303058385849, loss 2: 0.0012361176777631044
client running:53/59, client loss: 2.054384469985962, loss 1: 1.9478347301483154, loss 2: 0.0010654982179403305
client running:54/59, client loss: 2.0411648750305176, loss 1: 1.931465744972229, loss 2: 0.0010969920549541712
client running:55/59, client loss: 2.020371675491333, loss 1: 1.9275001287460327, loss 2: 0.0009287147549912333
client running:56/59, client loss: 2.024421453475952, loss 1: 1.9407936334609985, loss 2: 0.0008362772641703486
client running:57/59, client loss: 2.0781233310699463, loss 1: 1.9061510562896729, loss 2: 0.001719722873531282
client running:58/59, client loss: 2.040355920791626, loss 1: 1.9273381233215332, loss 2: 0.0011301781050860882
server loss: tensor([[0.9120, 0.7099, 0.6858, 0.6816, 0.6452, 0.6393, 0.7493, 0.6812],
        [0.7075, 0.9190, 0.6844, 0.6857, 0.6531, 0.6657, 0.7418, 0.6899],
        [0.6977, 0.7129, 0.8770, 0.7108, 0.6513, 0.6874, 0.7247, 0.7624],
        [0.6876, 0.6721, 0.6852, 0.8801, 0.6639, 0.6739, 0.7527, 0.6729],
        [0.6209, 0.6898, 0.6360, 0.6362, 0.9203, 0.6463, 0.6987, 0.6705],
        [0.6566, 0.6893, 0.6910, 0.7368, 0.6619, 0.8900, 0.6978, 0.7019],
        [0.6969, 0.6904, 0.6677, 0.7280, 0.6760, 0.6510, 0.9074, 0.6723],
        [0.6406, 0.6359, 0.7269, 0.6643, 0.6003, 0.6414, 0.6744, 0.8265]],
       device='cuda:0')
client running:0/59, client loss: 2.0385499000549316, loss 1: 1.9236242771148682, loss 2: 0.0011492562480270863
client running:1/59, client loss: 2.0169219970703125, loss 1: 1.9280551671981812, loss 2: 0.0008886684663593769
client running:2/59, client loss: 2.056241750717163, loss 1: 1.9440834522247314, loss 2: 0.0011215824633836746
client running:3/59, client loss: 2.087005138397217, loss 1: 1.952347755432129, loss 2: 0.0013465739320963621
client running:4/59, client loss: 2.0808892250061035, loss 1: 1.9464976787567139, loss 2: 0.0013439158210530877
client running:5/59, client loss: 2.0537006855010986, loss 1: 1.9401462078094482, loss 2: 0.0011355457827448845
client running:6/59, client loss: 2.0612778663635254, loss 1: 1.9141606092453003, loss 2: 0.0014711730182170868
client running:7/59, client loss: 2.06394624710083, loss 1: 1.9579098224639893, loss 2: 0.0010603638365864754
client running:8/59, client loss: 2.0682482719421387, loss 1: 1.9317402839660645, loss 2: 0.0013650795444846153
client running:9/59, client loss: 2.0488691329956055, loss 1: 1.9260845184326172, loss 2: 0.001227846834808588
client running:10/59, client loss: 2.027515411376953, loss 1: 1.9243370294570923, loss 2: 0.0010317838750779629
client running:11/59, client loss: 2.041195869445801, loss 1: 1.9502239227294922, loss 2: 0.0009097204310819507
client running:12/59, client loss: 2.034754514694214, loss 1: 1.9435315132141113, loss 2: 0.0009122304618358612
client running:13/59, client loss: 2.0644147396087646, loss 1: 1.9125374555587769, loss 2: 0.0015187738463282585
client running:14/59, client loss: 2.1027286052703857, loss 1: 1.9351271390914917, loss 2: 0.0016760143917053938
client running:15/59, client loss: 2.054333209991455, loss 1: 1.921591877937317, loss 2: 0.0013274141820147634
client running:16/59, client loss: 2.1763150691986084, loss 1: 1.9254690408706665, loss 2: 0.00250846054404974
client running:17/59, client loss: 2.0723185539245605, loss 1: 1.9708003997802734, loss 2: 0.0010151821188628674
client running:18/59, client loss: 2.0433356761932373, loss 1: 1.9378129243850708, loss 2: 0.0010552278254181147
client running:19/59, client loss: 2.0689282417297363, loss 1: 1.9314721822738647, loss 2: 0.0013745601754635572
client running:20/59, client loss: 2.052554130554199, loss 1: 1.9490525722503662, loss 2: 0.001035016030073166
client running:21/59, client loss: 2.0768864154815674, loss 1: 1.9492803812026978, loss 2: 0.0012760614044964314
client running:22/59, client loss: 2.045583963394165, loss 1: 1.930078148841858, loss 2: 0.001155058154836297
client running:23/59, client loss: 2.004725456237793, loss 1: 1.9017155170440674, loss 2: 0.0010301002766937017
client running:24/59, client loss: 2.0474588871002197, loss 1: 1.942610740661621, loss 2: 0.0010484817903488874
client running:25/59, client loss: 2.0283143520355225, loss 1: 1.914530873298645, loss 2: 0.0011378349736332893
client running:26/59, client loss: 2.0752055644989014, loss 1: 1.9193283319473267, loss 2: 0.0015587728703394532
client running:27/59, client loss: 2.146883487701416, loss 1: 1.9706323146820068, loss 2: 0.0017625123728066683
client running:28/59, client loss: 2.0380804538726807, loss 1: 1.9074666500091553, loss 2: 0.0013061383506283164
client running:29/59, client loss: 2.0970566272735596, loss 1: 1.9228931665420532, loss 2: 0.0017416340997442603
client running:30/59, client loss: 2.059553623199463, loss 1: 1.9286341667175293, loss 2: 0.0013091948349028826
client running:31/59, client loss: 2.0420138835906982, loss 1: 1.9427523612976074, loss 2: 0.0009926146594807506
client running:32/59, client loss: 2.0282626152038574, loss 1: 1.9118530750274658, loss 2: 0.001164094777777791
client running:33/59, client loss: 2.093843936920166, loss 1: 1.9444659948349, loss 2: 0.0014937797095626593
client running:34/59, client loss: 2.0443150997161865, loss 1: 1.9460150003433228, loss 2: 0.0009830003837123513
client running:35/59, client loss: 2.0414845943450928, loss 1: 1.909496784210205, loss 2: 0.0013198780361562967
client running:36/59, client loss: 2.0874247550964355, loss 1: 1.9266959428787231, loss 2: 0.0016072874423116446
client running:37/59, client loss: 2.0931477546691895, loss 1: 1.9298213720321655, loss 2: 0.0016332631930708885
client running:38/59, client loss: 2.0049946308135986, loss 1: 1.9184672832489014, loss 2: 0.000865272362716496
client running:39/59, client loss: 2.029276132583618, loss 1: 1.931806206703186, loss 2: 0.0009746991563588381
client running:40/59, client loss: 2.0316805839538574, loss 1: 1.9328742027282715, loss 2: 0.0009880636353045702
client running:41/59, client loss: 2.0675742626190186, loss 1: 1.9337538480758667, loss 2: 0.0013382042525336146
client running:42/59, client loss: 2.0495245456695557, loss 1: 1.9761401414871216, loss 2: 0.0007338442374020815
client running:43/59, client loss: 2.000229835510254, loss 1: 1.9372917413711548, loss 2: 0.0006293806945905089
client running:44/59, client loss: 2.0148189067840576, loss 1: 1.935413122177124, loss 2: 0.0007940577925182879
client running:45/59, client loss: 2.0443639755249023, loss 1: 1.9312938451766968, loss 2: 0.0011307008098810911
client running:46/59, client loss: 2.0331101417541504, loss 1: 1.931575894355774, loss 2: 0.0010153428884223104
client running:47/59, client loss: 1.9965153932571411, loss 1: 1.921107292175293, loss 2: 0.000754081062041223
client running:48/59, client loss: 2.0494556427001953, loss 1: 1.9431504011154175, loss 2: 0.0010630530305206776
client running:49/59, client loss: 2.064377546310425, loss 1: 1.949410319328308, loss 2: 0.0011496732477098703
client running:50/59, client loss: 2.0302600860595703, loss 1: 1.9402943849563599, loss 2: 0.0008996580727398396
client running:51/59, client loss: 2.027348756790161, loss 1: 1.9298791885375977, loss 2: 0.000974695140030235
client running:52/59, client loss: 2.027893304824829, loss 1: 1.927570104598999, loss 2: 0.0010032315040007234
client running:53/59, client loss: 2.079296827316284, loss 1: 1.92361319065094, loss 2: 0.0015568353701382875
client running:54/59, client loss: 2.0608065128326416, loss 1: 1.9414012432098389, loss 2: 0.0011940516997128725
client running:55/59, client loss: 2.025322675704956, loss 1: 1.9278535842895508, loss 2: 0.000974690483417362
client running:56/59, client loss: 2.0198709964752197, loss 1: 1.9415701627731323, loss 2: 0.0007830087561160326
client running:57/59, client loss: 2.0109479427337646, loss 1: 1.918418288230896, loss 2: 0.0009252965683117509
client running:58/59, client loss: 2.0404200553894043, loss 1: 1.9391008615493774, loss 2: 0.0010131908347830176
server loss: tensor([[0.8487, 0.6174, 0.6319, 0.6467, 0.7510, 0.7374, 0.6720, 0.6802],
        [0.6574, 0.8850, 0.6113, 0.6908, 0.7046, 0.6683, 0.6902, 0.7068],
        [0.6477, 0.6222, 0.8630, 0.6596, 0.7021, 0.7091, 0.6657, 0.6611],
        [0.6897, 0.6368, 0.6388, 0.7510, 0.7251, 0.7734, 0.7055, 0.7488],
        [0.7130, 0.6591, 0.6219, 0.6954, 0.9203, 0.7568, 0.7226, 0.7247],
        [0.7052, 0.6246, 0.6515, 0.6727, 0.7743, 0.9389, 0.7088, 0.7670],
        [0.6430, 0.6606, 0.5960, 0.6697, 0.7003, 0.7053, 0.8837, 0.6983],
        [0.6645, 0.6472, 0.5956, 0.6611, 0.7050, 0.7918, 0.6818, 0.9471]],
       device='cuda:0')
client running:0/59, client loss: 2.0631749629974365, loss 1: 1.927757740020752, loss 2: 0.0013541722437366843
client running:1/59, client loss: 2.0512261390686035, loss 1: 1.927268385887146, loss 2: 0.0012395764933899045
client running:2/59, client loss: 2.0335140228271484, loss 1: 1.9239428043365479, loss 2: 0.0010957133490592241
client running:3/59, client loss: 2.029726505279541, loss 1: 1.9283093214035034, loss 2: 0.0010141708189621568
client running:4/59, client loss: 2.0152647495269775, loss 1: 1.9467060565948486, loss 2: 0.0006855876417830586
client running:5/59, client loss: 2.056093692779541, loss 1: 1.9498486518859863, loss 2: 0.001062451396137476
client running:6/59, client loss: 2.0694072246551514, loss 1: 1.9231150150299072, loss 2: 0.0014629217330366373
client running:7/59, client loss: 2.0631415843963623, loss 1: 1.9184350967407227, loss 2: 0.0014470645692199469
client running:8/59, client loss: 2.117739677429199, loss 1: 1.943505883216858, loss 2: 0.0017423367826268077
client running:9/59, client loss: 2.07511305809021, loss 1: 1.9178667068481445, loss 2: 0.0015724641270935535
client running:10/59, client loss: 2.062047243118286, loss 1: 1.9289207458496094, loss 2: 0.0013312642695382237
client running:11/59, client loss: 2.0721912384033203, loss 1: 1.9305940866470337, loss 2: 0.0014159702695906162
client running:12/59, client loss: 2.0505735874176025, loss 1: 1.9554027318954468, loss 2: 0.0009517084108665586
client running:13/59, client loss: 2.070141315460205, loss 1: 1.9039230346679688, loss 2: 0.0016621816903352737
client running:14/59, client loss: 2.110882520675659, loss 1: 1.9444595575332642, loss 2: 0.0016642301343381405
client running:15/59, client loss: 2.070723295211792, loss 1: 1.9318960905075073, loss 2: 0.0013882718048989773
client running:16/59, client loss: 2.038696527481079, loss 1: 1.9217928647994995, loss 2: 0.0011690374230965972
client running:17/59, client loss: 2.0519790649414062, loss 1: 1.9330215454101562, loss 2: 0.0011895762290805578
client running:18/59, client loss: 2.072934627532959, loss 1: 1.9297035932540894, loss 2: 0.001432310207746923
client running:19/59, client loss: 2.0843472480773926, loss 1: 1.9539082050323486, loss 2: 0.0013043897924944758
client running:20/59, client loss: 2.0538747310638428, loss 1: 1.9138814210891724, loss 2: 0.0013999328948557377
client running:21/59, client loss: 2.0460562705993652, loss 1: 1.9432563781738281, loss 2: 0.001027998048812151
client running:22/59, client loss: 2.0459349155426025, loss 1: 1.9412944316864014, loss 2: 0.0010464058723300695
client running:23/59, client loss: 2.179429531097412, loss 1: 1.9688482284545898, loss 2: 0.002105811843648553
client running:24/59, client loss: 2.0566585063934326, loss 1: 1.9435724020004272, loss 2: 0.0011308619286864996
client running:25/59, client loss: 2.03928542137146, loss 1: 1.9252582788467407, loss 2: 0.001140271546319127
client running:26/59, client loss: 2.0698232650756836, loss 1: 1.9609185457229614, loss 2: 0.0010890478733927011
client running:27/59, client loss: 2.056504726409912, loss 1: 1.9431043863296509, loss 2: 0.001134004327468574
client running:28/59, client loss: 2.009044885635376, loss 1: 1.9242913722991943, loss 2: 0.0008475359063595533
client running:29/59, client loss: 1.9988512992858887, loss 1: 1.9265050888061523, loss 2: 0.0007234616787172854
client running:30/59, client loss: 2.056095838546753, loss 1: 1.9592796564102173, loss 2: 0.0009681613883003592
client running:31/59, client loss: 2.0728487968444824, loss 1: 1.9424556493759155, loss 2: 0.0013039319310337305
client running:32/59, client loss: 2.0529897212982178, loss 1: 1.9246646165847778, loss 2: 0.0012832509819418192
client running:33/59, client loss: 2.003636360168457, loss 1: 1.92702054977417, loss 2: 0.0007661572308279574
client running:34/59, client loss: 2.0510482788085938, loss 1: 1.9354687929153442, loss 2: 0.0011557938996702433
client running:35/59, client loss: 2.0497453212738037, loss 1: 1.9290094375610352, loss 2: 0.001207358785904944
client running:36/59, client loss: 2.079586982727051, loss 1: 1.94077730178833, loss 2: 0.001388095784932375
client running:37/59, client loss: 2.043485164642334, loss 1: 1.9478411674499512, loss 2: 0.0009564395295456052
client running:38/59, client loss: 2.0476996898651123, loss 1: 1.9141055345535278, loss 2: 0.0013359419535845518
client running:39/59, client loss: 2.066798686981201, loss 1: 1.9416199922561646, loss 2: 0.0012517860159277916
client running:40/59, client loss: 2.0477452278137207, loss 1: 1.9216394424438477, loss 2: 0.0012610566336661577
client running:41/59, client loss: 2.053922653198242, loss 1: 1.9350217580795288, loss 2: 0.0011890099849551916
client running:42/59, client loss: 2.0519816875457764, loss 1: 1.950690746307373, loss 2: 0.0010129099246114492
client running:43/59, client loss: 2.030501127243042, loss 1: 1.9150142669677734, loss 2: 0.0011548679322004318
client running:44/59, client loss: 2.0504190921783447, loss 1: 1.9292327165603638, loss 2: 0.0012118641752749681
client running:45/59, client loss: 2.0626556873321533, loss 1: 1.9316011667251587, loss 2: 0.0013105454854667187
client running:46/59, client loss: 2.0250675678253174, loss 1: 1.9134912490844727, loss 2: 0.0011157623957842588
client running:47/59, client loss: 2.0249760150909424, loss 1: 1.909236192703247, loss 2: 0.0011573985684663057
client running:48/59, client loss: 2.0314133167266846, loss 1: 1.9439852237701416, loss 2: 0.0008742809295654297
client running:49/59, client loss: 2.0382113456726074, loss 1: 1.9376848936080933, loss 2: 0.0010052643483504653
client running:50/59, client loss: 2.0223846435546875, loss 1: 1.9242873191833496, loss 2: 0.000980973825789988
client running:51/59, client loss: 2.0824530124664307, loss 1: 1.930270791053772, loss 2: 0.0015218212502077222
client running:52/59, client loss: 2.0310823917388916, loss 1: 1.9173152446746826, loss 2: 0.0011376708280295134
client running:53/59, client loss: 2.092907428741455, loss 1: 1.94374418258667, loss 2: 0.001491632778197527
client running:54/59, client loss: 2.0392467975616455, loss 1: 1.9593373537063599, loss 2: 0.0007990938029251993
client running:55/59, client loss: 2.0447275638580322, loss 1: 1.9319913387298584, loss 2: 0.0011273619020357728
client running:56/59, client loss: 2.0174407958984375, loss 1: 1.9337432384490967, loss 2: 0.000836974591948092
client running:57/59, client loss: 2.035054922103882, loss 1: 1.9240820407867432, loss 2: 0.0011097295209765434
client running:58/59, client loss: 2.0382370948791504, loss 1: 1.946288824081421, loss 2: 0.0009194824378937483
server loss: tensor([[0.9021, 0.7791, 0.6811, 0.7723, 0.7950, 0.6953, 0.7731, 0.7059],
        [0.7432, 0.9191, 0.6358, 0.7422, 0.7307, 0.6554, 0.7875, 0.6597],
        [0.7483, 0.7000, 0.8326, 0.6990, 0.7385, 0.6151, 0.7011, 0.6953],
        [0.7665, 0.7508, 0.6785, 0.9554, 0.7358, 0.6475, 0.7601, 0.6928],
        [0.8185, 0.7471, 0.7213, 0.7205, 0.9423, 0.6687, 0.7244, 0.7154],
        [0.6859, 0.6698, 0.6266, 0.6462, 0.6731, 0.9011, 0.6817, 0.7123],
        [0.7236, 0.7501, 0.6365, 0.7300, 0.6882, 0.6233, 0.9106, 0.6642],
        [0.7014, 0.7285, 0.6232, 0.6976, 0.6546, 0.7165, 0.7344, 0.7872]],
       device='cuda:0')
client running:0/59, client loss: 2.031953811645508, loss 1: 1.936958909034729, loss 2: 0.0009499495499767363
client running:1/59, client loss: 2.057417154312134, loss 1: 1.930017113685608, loss 2: 0.0012739996891468763
client running:2/59, client loss: 2.0466368198394775, loss 1: 1.9355192184448242, loss 2: 0.001111176679842174
client running:3/59, client loss: 2.068240165710449, loss 1: 1.932234525680542, loss 2: 0.0013600566890090704
client running:4/59, client loss: 2.118953227996826, loss 1: 1.9382894039154053, loss 2: 0.0018066390184685588
client running:5/59, client loss: 2.077817678451538, loss 1: 1.9601385593414307, loss 2: 0.0011767910327762365
client running:6/59, client loss: 2.0158183574676514, loss 1: 1.9325783252716064, loss 2: 0.000832399760838598
client running:7/59, client loss: 2.032048225402832, loss 1: 1.9342576265335083, loss 2: 0.0009779050014913082
client running:8/59, client loss: 2.1120378971099854, loss 1: 1.9230282306671143, loss 2: 0.0018900958821177483
client running:9/59, client loss: 2.053407669067383, loss 1: 1.9524266719818115, loss 2: 0.0010098095517605543
client running:10/59, client loss: 1.9706621170043945, loss 1: 1.8974950313568115, loss 2: 0.0007316704140976071
client running:11/59, client loss: 2.071669340133667, loss 1: 1.9440511465072632, loss 2: 0.0012761821271851659
client running:12/59, client loss: 2.047677516937256, loss 1: 1.9395990371704102, loss 2: 0.0010807837825268507
client running:13/59, client loss: 2.1186516284942627, loss 1: 1.9395451545715332, loss 2: 0.0017910643946379423
client running:14/59, client loss: 2.079530715942383, loss 1: 1.9362543821334839, loss 2: 0.0014327645767480135
client running:15/59, client loss: 2.0787923336029053, loss 1: 1.92241632938385, loss 2: 0.00156376080121845
client running:16/59, client loss: 2.026041269302368, loss 1: 1.924774408340454, loss 2: 0.0010126691777259111
client running:17/59, client loss: 2.0440311431884766, loss 1: 1.9333335161209106, loss 2: 0.001106977229937911
client running:18/59, client loss: 2.044045925140381, loss 1: 1.9185129404067993, loss 2: 0.0012553292326629162
client running:19/59, client loss: 2.0051934719085693, loss 1: 1.9155157804489136, loss 2: 0.0008967774920165539
client running:20/59, client loss: 2.0303070545196533, loss 1: 1.9477744102478027, loss 2: 0.0008253268897533417
client running:21/59, client loss: 2.032245397567749, loss 1: 1.9325597286224365, loss 2: 0.000996856135316193
client running:22/59, client loss: 2.047541618347168, loss 1: 1.9248692989349365, loss 2: 0.0012267222627997398
client running:23/59, client loss: 2.0039050579071045, loss 1: 1.9355957508087158, loss 2: 0.0006830934435129166
client running:24/59, client loss: 2.019972801208496, loss 1: 1.9372285604476929, loss 2: 0.0008274412830360234
client running:25/59, client loss: 2.044623851776123, loss 1: 1.9242535829544067, loss 2: 0.0012037036940455437
client running:26/59, client loss: 2.1289608478546143, loss 1: 1.9277714490890503, loss 2: 0.0020118937827646732
client running:27/59, client loss: 2.079967975616455, loss 1: 1.9450831413269043, loss 2: 0.0013488482218235731
client running:28/59, client loss: 2.0227110385894775, loss 1: 1.9223171472549438, loss 2: 0.001003938727080822
client running:29/59, client loss: 2.052428722381592, loss 1: 1.955111026763916, loss 2: 0.0009731765603646636
client running:30/59, client loss: 2.0147550106048584, loss 1: 1.9314584732055664, loss 2: 0.0008329652482643723
client running:31/59, client loss: 2.0671329498291016, loss 1: 1.9412164688110352, loss 2: 0.0012591660488396883
client running:32/59, client loss: 1.9999936819076538, loss 1: 1.9369397163391113, loss 2: 0.0006305399583652616
client running:33/59, client loss: 2.0923683643341064, loss 1: 1.9726953506469727, loss 2: 0.0011967290192842484
client running:34/59, client loss: 2.0355403423309326, loss 1: 1.917267084121704, loss 2: 0.001182733103632927
client running:35/59, client loss: 2.0294666290283203, loss 1: 1.9456360340118408, loss 2: 0.0008383070817217231
client running:36/59, client loss: 2.0964720249176025, loss 1: 1.944601058959961, loss 2: 0.0015187087701633573
client running:37/59, client loss: 2.0617382526397705, loss 1: 1.9434514045715332, loss 2: 0.0011828688438981771
client running:38/59, client loss: 2.0572779178619385, loss 1: 1.9222592115402222, loss 2: 0.0013501860667020082
client running:39/59, client loss: 2.0648977756500244, loss 1: 1.9526467323303223, loss 2: 0.0011225113412365317
client running:40/59, client loss: 2.1149942874908447, loss 1: 1.9433549642562866, loss 2: 0.0017163943266496062
client running:41/59, client loss: 2.031374931335449, loss 1: 1.91862154006958, loss 2: 0.0011275333818048239
client running:42/59, client loss: 2.0147807598114014, loss 1: 1.9335837364196777, loss 2: 0.0008119706762954593
client running:43/59, client loss: 2.0430970191955566, loss 1: 1.941559076309204, loss 2: 0.0010153783950954676
client running:44/59, client loss: 2.0309085845947266, loss 1: 1.9305648803710938, loss 2: 0.001003436977043748
client running:45/59, client loss: 2.00430965423584, loss 1: 1.9125505685806274, loss 2: 0.0009175918530672789
client running:46/59, client loss: 2.0188987255096436, loss 1: 1.9350242614746094, loss 2: 0.0008387452107854187
client running:47/59, client loss: 2.0287835597991943, loss 1: 1.935150146484375, loss 2: 0.0009363330318592489
client running:48/59, client loss: 2.004183769226074, loss 1: 1.9143506288528442, loss 2: 0.0008983303559944034
client running:49/59, client loss: 2.0650694370269775, loss 1: 1.947606086730957, loss 2: 0.0011746336240321398
client running:50/59, client loss: 2.056225538253784, loss 1: 1.9533270597457886, loss 2: 0.0010289845522493124
client running:51/59, client loss: 2.0471701622009277, loss 1: 1.9386579990386963, loss 2: 0.0010851204860955477
client running:52/59, client loss: 2.0722262859344482, loss 1: 1.9521329402923584, loss 2: 0.0012009341735392809
client running:53/59, client loss: 2.0456817150115967, loss 1: 1.9434138536453247, loss 2: 0.001022678567096591
client running:54/59, client loss: 2.0474801063537598, loss 1: 1.9333702325820923, loss 2: 0.001141099026426673
client running:55/59, client loss: 2.0337679386138916, loss 1: 1.9212926626205444, loss 2: 0.001124753151088953
client running:56/59, client loss: 2.0972421169281006, loss 1: 1.9478254318237305, loss 2: 0.001494167954660952
client running:57/59, client loss: 2.0531671047210693, loss 1: 1.9338445663452148, loss 2: 0.001193225383758545
client running:58/59, client loss: 2.017481565475464, loss 1: 1.921717643737793, loss 2: 0.000957638374529779
server loss: tensor([[0.9315, 0.8077, 0.7033, 0.7467, 0.6464, 0.7295, 0.7368, 0.6864],
        [0.7467, 0.8731, 0.6847, 0.7170, 0.6150, 0.6854, 0.7061, 0.6414],
        [0.6855, 0.7100, 0.9178, 0.6988, 0.6680, 0.6479, 0.7001, 0.6483],
        [0.7391, 0.7280, 0.6729, 0.8989, 0.6583, 0.7424, 0.7106, 0.6521],
        [0.6686, 0.6885, 0.7059, 0.6811, 0.9136, 0.6690, 0.7343, 0.6135],
        [0.7599, 0.7464, 0.6558, 0.7263, 0.6325, 0.9074, 0.7526, 0.6456],
        [0.7146, 0.7283, 0.7062, 0.7311, 0.6990, 0.7334, 0.9721, 0.6552],
        [0.6985, 0.7134, 0.6747, 0.7458, 0.6811, 0.6509, 0.6990, 0.8665]],
       device='cuda:0')
client running:0/59, client loss: 2.098066568374634, loss 1: 1.940771222114563, loss 2: 0.0015729534206911922
client running:1/59, client loss: 2.0835933685302734, loss 1: 1.9441057443618774, loss 2: 0.0013948763953521848
client running:2/59, client loss: 2.066209316253662, loss 1: 1.9170100688934326, loss 2: 0.0014919913373887539
client running:3/59, client loss: 2.049901247024536, loss 1: 1.9487239122390747, loss 2: 0.0010117742931470275
client running:4/59, client loss: 2.041624069213867, loss 1: 1.9352703094482422, loss 2: 0.0010635385988280177
client running:5/59, client loss: 2.0439281463623047, loss 1: 1.9446558952331543, loss 2: 0.0009927236242219806
client running:6/59, client loss: 2.076594829559326, loss 1: 1.947261929512024, loss 2: 0.0012933281250298023
client running:7/59, client loss: 2.085592031478882, loss 1: 1.9365707635879517, loss 2: 0.0014902121620252728
client running:8/59, client loss: 2.061086893081665, loss 1: 1.923250436782837, loss 2: 0.0013783646281808615
client running:9/59, client loss: 2.018083095550537, loss 1: 1.9364980459213257, loss 2: 0.0008158494019880891
client running:10/59, client loss: 2.047818183898926, loss 1: 1.9379724264144897, loss 2: 0.0010984578402712941
client running:11/59, client loss: 2.0122809410095215, loss 1: 1.9189921617507935, loss 2: 0.000932888244278729
client running:12/59, client loss: 2.0555951595306396, loss 1: 1.921677589416504, loss 2: 0.001339175272732973
client running:13/59, client loss: 2.0698447227478027, loss 1: 1.9452297687530518, loss 2: 0.0012461491860449314
client running:14/59, client loss: 2.0748796463012695, loss 1: 1.9524052143096924, loss 2: 0.001224744482897222
client running:15/59, client loss: 2.0223724842071533, loss 1: 1.9268927574157715, loss 2: 0.0009547981899231672
client running:16/59, client loss: 2.077568769454956, loss 1: 1.954738974571228, loss 2: 0.0012282980605959892
client running:17/59, client loss: 2.079535961151123, loss 1: 1.928788185119629, loss 2: 0.0015074786497280002
client running:18/59, client loss: 1.9937520027160645, loss 1: 1.9037247896194458, loss 2: 0.0009002720471471548
client running:19/59, client loss: 2.029486656188965, loss 1: 1.919795274734497, loss 2: 0.0010969128925353289
client running:20/59, client loss: 2.050676107406616, loss 1: 1.9409894943237305, loss 2: 0.0010968658607453108
client running:21/59, client loss: 2.1007509231567383, loss 1: 1.932521939277649, loss 2: 0.0016822905745357275
client running:22/59, client loss: 2.058500051498413, loss 1: 1.9447194337844849, loss 2: 0.0011378070339560509
client running:23/59, client loss: 2.061945915222168, loss 1: 1.9521323442459106, loss 2: 0.00109813641756773
client running:24/59, client loss: 2.0455377101898193, loss 1: 1.9446277618408203, loss 2: 0.00100909941829741
client running:25/59, client loss: 2.0060839653015137, loss 1: 1.9247374534606934, loss 2: 0.0008134662639349699
client running:26/59, client loss: 2.03979754447937, loss 1: 1.92425537109375, loss 2: 0.001155422767624259
client running:27/59, client loss: 2.0419230461120605, loss 1: 1.9417026042938232, loss 2: 0.0010022043716162443
client running:28/59, client loss: 2.1300582885742188, loss 1: 1.978631615638733, loss 2: 0.0015142656629905105
client running:29/59, client loss: 1.9953794479370117, loss 1: 1.9192527532577515, loss 2: 0.0007612672634422779
client running:30/59, client loss: 2.107963800430298, loss 1: 1.947570562362671, loss 2: 0.0016039321199059486
client running:31/59, client loss: 2.0427920818328857, loss 1: 1.9510606527328491, loss 2: 0.0009173152502626181
client running:32/59, client loss: 2.0476043224334717, loss 1: 1.9276237487792969, loss 2: 0.001199804712086916
client running:33/59, client loss: 2.0575942993164062, loss 1: 1.9462559223175049, loss 2: 0.0011133840307593346
client running:34/59, client loss: 2.024874210357666, loss 1: 1.9507051706314087, loss 2: 0.0007416896987706423
client running:35/59, client loss: 2.138524293899536, loss 1: 1.954482913017273, loss 2: 0.0018404140137135983
client running:36/59, client loss: 2.0381479263305664, loss 1: 1.9236278533935547, loss 2: 0.0011452015023678541
client running:37/59, client loss: 2.0192270278930664, loss 1: 1.917762041091919, loss 2: 0.0010146494023501873
client running:38/59, client loss: 1.9993526935577393, loss 1: 1.9383054971694946, loss 2: 0.0006104725180193782
client running:39/59, client loss: 2.1037561893463135, loss 1: 1.9326865673065186, loss 2: 0.0017106971936300397
client running:40/59, client loss: 2.066863536834717, loss 1: 1.9419572353363037, loss 2: 0.0012490639928728342
client running:41/59, client loss: 2.0643491744995117, loss 1: 1.9407902956008911, loss 2: 0.0012355888029560447
client running:42/59, client loss: 2.055353879928589, loss 1: 1.9436445236206055, loss 2: 0.0011170930229127407
client running:43/59, client loss: 2.015268564224243, loss 1: 1.9421141147613525, loss 2: 0.000731545384041965
client running:44/59, client loss: 2.0322265625, loss 1: 1.9500889778137207, loss 2: 0.0008213765686377883
client running:45/59, client loss: 2.0572996139526367, loss 1: 1.947981834411621, loss 2: 0.0010931785218417645
client running:46/59, client loss: 2.0539839267730713, loss 1: 1.9165319204330444, loss 2: 0.0013745191972702742
client running:47/59, client loss: 2.0216915607452393, loss 1: 1.9174665212631226, loss 2: 0.0010422510094940662
client running:48/59, client loss: 2.0385162830352783, loss 1: 1.9561558961868286, loss 2: 0.0008236031280830503
client running:49/59, client loss: 2.0511157512664795, loss 1: 1.9403364658355713, loss 2: 0.0011077939998358488
client running:50/59, client loss: 2.058347702026367, loss 1: 1.948291301727295, loss 2: 0.0011005643755197525
client running:51/59, client loss: 2.036989450454712, loss 1: 1.9334492683410645, loss 2: 0.001035400782711804
client running:52/59, client loss: 2.098210334777832, loss 1: 1.9410269260406494, loss 2: 0.0015718352515250444
client running:53/59, client loss: 2.0597188472747803, loss 1: 1.9331740140914917, loss 2: 0.001265447586774826
client running:54/59, client loss: 2.035142660140991, loss 1: 1.939292073249817, loss 2: 0.0009585054940544069
client running:55/59, client loss: 2.0010130405426025, loss 1: 1.924472689628601, loss 2: 0.000765404140111059
client running:56/59, client loss: 2.034608840942383, loss 1: 1.9307975769042969, loss 2: 0.0010381131432950497
client running:57/59, client loss: 2.0389018058776855, loss 1: 1.9423203468322754, loss 2: 0.0009658143389970064
client running:58/59, client loss: 2.0182900428771973, loss 1: 1.9442741870880127, loss 2: 0.0007401588372886181
server loss: tensor([[0.7960, 0.7530, 0.7162, 0.7177, 0.6869, 0.7289, 0.7431, 0.6632],
        [0.6966, 0.9258, 0.7103, 0.6816, 0.6566, 0.7457, 0.7260, 0.6297],
        [0.7476, 0.7010, 0.9418, 0.7362, 0.7098, 0.6789, 0.7340, 0.6666],
        [0.7678, 0.6946, 0.7717, 0.9530, 0.7557, 0.7081, 0.7373, 0.6678],
        [0.7298, 0.6762, 0.7399, 0.7500, 0.9594, 0.7123, 0.7303, 0.7060],
        [0.6808, 0.7824, 0.6812, 0.6957, 0.6726, 0.8716, 0.7195, 0.6100],
        [0.6450, 0.7556, 0.6572, 0.6464, 0.6409, 0.7432, 0.7746, 0.5652],
        [0.7496, 0.6698, 0.7324, 0.7487, 0.7626, 0.6714, 0.7401, 0.9001]],
       device='cuda:0')
server average tensor
client running:0/59, client loss: 2.106924295425415, loss 1: 1.9321650266647339, loss 2: 0.0017475923523306847
client running:1/59, client loss: 2.046504020690918, loss 1: 1.925717830657959, loss 2: 0.0012078622821718454
client running:2/59, client loss: 2.0334606170654297, loss 1: 1.926518440246582, loss 2: 0.0010694221127778292
client running:3/59, client loss: 2.1601192951202393, loss 1: 1.939388632774353, loss 2: 0.0022073076106607914
client running:4/59, client loss: 2.03096866607666, loss 1: 1.910279631614685, loss 2: 0.0012068909127265215
client running:5/59, client loss: 2.0597970485687256, loss 1: 1.9279263019561768, loss 2: 0.0013187081785872579
client running:6/59, client loss: 2.058331251144409, loss 1: 1.920046329498291, loss 2: 0.001382848946377635
client running:7/59, client loss: 2.0646533966064453, loss 1: 1.9262492656707764, loss 2: 0.0013840424362570047
client running:8/59, client loss: 2.089918613433838, loss 1: 1.9236655235290527, loss 2: 0.0016625297721475363
client running:9/59, client loss: 2.078814744949341, loss 1: 1.9506425857543945, loss 2: 0.001281721517443657
client running:10/59, client loss: 2.0526695251464844, loss 1: 1.9451481103897095, loss 2: 0.0010752142407000065
client running:11/59, client loss: 2.100468635559082, loss 1: 1.9323492050170898, loss 2: 0.0016811953391879797
client running:12/59, client loss: 2.0449020862579346, loss 1: 1.9493452310562134, loss 2: 0.0009555676952004433
client running:13/59, client loss: 2.0574889183044434, loss 1: 1.938847541809082, loss 2: 0.0011864149710163474
client running:14/59, client loss: 2.102757692337036, loss 1: 1.9177838563919067, loss 2: 0.001849739346653223
client running:15/59, client loss: 2.0758090019226074, loss 1: 1.930585265159607, loss 2: 0.0014522364363074303
client running:16/59, client loss: 2.0477402210235596, loss 1: 1.9126887321472168, loss 2: 0.001350514474324882
client running:17/59, client loss: 2.0534708499908447, loss 1: 1.9351564645767212, loss 2: 0.0011831435840576887
client running:18/59, client loss: 2.042255401611328, loss 1: 1.9055068492889404, loss 2: 0.001367486547678709
client running:19/59, client loss: 2.038637638092041, loss 1: 1.937237024307251, loss 2: 0.0010140060912817717
client running:20/59, client loss: 2.085615873336792, loss 1: 1.9466524124145508, loss 2: 0.0013896338641643524
client running:21/59, client loss: 2.0560922622680664, loss 1: 1.9060317277908325, loss 2: 0.0015006042085587978
client running:22/59, client loss: 2.098116874694824, loss 1: 1.9263993501663208, loss 2: 0.0017171753570437431
client running:23/59, client loss: 2.0733957290649414, loss 1: 1.949284553527832, loss 2: 0.0012411110801622272
client running:24/59, client loss: 2.094074249267578, loss 1: 1.9651002883911133, loss 2: 0.0012897385749965906
client running:25/59, client loss: 2.011060953140259, loss 1: 1.9358323812484741, loss 2: 0.0007522846572101116
client running:26/59, client loss: 2.072530508041382, loss 1: 1.9361717700958252, loss 2: 0.001363587100058794
client running:27/59, client loss: 2.0137386322021484, loss 1: 1.9369412660598755, loss 2: 0.0007679724367335439
client running:28/59, client loss: 2.045548677444458, loss 1: 1.931500792503357, loss 2: 0.001140478765591979
client running:29/59, client loss: 2.1080760955810547, loss 1: 1.9274766445159912, loss 2: 0.0018059954745694995
client running:30/59, client loss: 2.0397231578826904, loss 1: 1.9197032451629639, loss 2: 0.0012001986615359783
client running:31/59, client loss: 2.096087694168091, loss 1: 1.9176921844482422, loss 2: 0.0017839547945186496
client running:32/59, client loss: 2.025329828262329, loss 1: 1.9215489625930786, loss 2: 0.001037809532135725
client running:33/59, client loss: 2.0413265228271484, loss 1: 1.9132336378097534, loss 2: 0.0012809277977794409
client running:34/59, client loss: 2.0770463943481445, loss 1: 1.9371166229248047, loss 2: 0.0013992975000292063
client running:35/59, client loss: 2.060861349105835, loss 1: 1.9352529048919678, loss 2: 0.0012560850009322166
client running:36/59, client loss: 2.035489082336426, loss 1: 1.927038311958313, loss 2: 0.001084506744518876
client running:37/59, client loss: 2.0621883869171143, loss 1: 1.9418712854385376, loss 2: 0.0012031699297949672
client running:38/59, client loss: 2.1185524463653564, loss 1: 1.9105730056762695, loss 2: 0.0020797941833734512
client running:39/59, client loss: 2.0184357166290283, loss 1: 1.925919532775879, loss 2: 0.0009251607698388398
client running:40/59, client loss: 2.0131964683532715, loss 1: 1.9363179206848145, loss 2: 0.0007687844336032867
client running:41/59, client loss: 2.0183467864990234, loss 1: 1.9236558675765991, loss 2: 0.0009469096548855305
client running:42/59, client loss: 2.0330519676208496, loss 1: 1.9186210632324219, loss 2: 0.0011443101102486253
client running:43/59, client loss: 2.0262763500213623, loss 1: 1.9245563745498657, loss 2: 0.00101719971280545
client running:44/59, client loss: 2.004565477371216, loss 1: 1.9332398176193237, loss 2: 0.000713255547452718
client running:45/59, client loss: 1.9747580289840698, loss 1: 1.9089211225509644, loss 2: 0.0006583686335943639
client running:46/59, client loss: 2.082841634750366, loss 1: 1.9333109855651855, loss 2: 0.0014953056816011667
client running:47/59, client loss: 1.9972901344299316, loss 1: 1.9181090593338013, loss 2: 0.0007918105693534017
client running:48/59, client loss: 2.0537750720977783, loss 1: 1.9100332260131836, loss 2: 0.0014374193269759417
client running:49/59, client loss: 2.084074020385742, loss 1: 1.9508354663848877, loss 2: 0.0013323866296559572
client running:50/59, client loss: 2.0333364009857178, loss 1: 1.9151579141616821, loss 2: 0.001181783969514072
client running:51/59, client loss: 2.0218491554260254, loss 1: 1.940092921257019, loss 2: 0.0008175631519407034
client running:52/59, client loss: 2.0444400310516357, loss 1: 1.962227463722229, loss 2: 0.0008221267489716411
client running:53/59, client loss: 2.0319769382476807, loss 1: 1.9253299236297607, loss 2: 0.0010664711007848382
client running:54/59, client loss: 2.027491569519043, loss 1: 1.9178985357284546, loss 2: 0.001095930696465075
client running:55/59, client loss: 2.0138044357299805, loss 1: 1.9269160032272339, loss 2: 0.0008688839734531939
client running:56/59, client loss: 2.032273292541504, loss 1: 1.9490141868591309, loss 2: 0.0008325917879119515
client running:57/59, client loss: 2.0489325523376465, loss 1: 1.9366161823272705, loss 2: 0.0011231626849621534
client running:58/59, client loss: 2.0754175186157227, loss 1: 1.912835955619812, loss 2: 0.001625815755687654
server loss: tensor([[0.8794, 0.6286, 0.7321, 0.6883, 0.5871, 0.6265, 0.7371, 0.6428],
        [0.6519, 0.9216, 0.7056, 0.6808, 0.6270, 0.6625, 0.6456, 0.7341],
        [0.6958, 0.6715, 0.9731, 0.6957, 0.6202, 0.6534, 0.7165, 0.7165],
        [0.6461, 0.6267, 0.6938, 0.8913, 0.6468, 0.6392, 0.6804, 0.7155],
        [0.6132, 0.6232, 0.6660, 0.7055, 0.8815, 0.6240, 0.6446, 0.6864],
        [0.6270, 0.6618, 0.6918, 0.7378, 0.6162, 0.8301, 0.7111, 0.7437],
        [0.7140, 0.6523, 0.7491, 0.7434, 0.6335, 0.6533, 0.9176, 0.7015],
        [0.6533, 0.6715, 0.6850, 0.7078, 0.6343, 0.6690, 0.6765, 0.9231]],
       device='cuda:0')
client running:0/59, client loss: 2.0495364665985107, loss 1: 1.9167959690093994, loss 2: 0.0013274047523736954
client running:1/59, client loss: 2.1184771060943604, loss 1: 1.9539506435394287, loss 2: 0.0016452642157673836
client running:2/59, client loss: 2.0639162063598633, loss 1: 1.9368445873260498, loss 2: 0.0012707160785794258
client running:3/59, client loss: 2.1124308109283447, loss 1: 1.9075151681900024, loss 2: 0.002049156930297613
client running:4/59, client loss: 2.0273585319519043, loss 1: 1.939659595489502, loss 2: 0.0008769902633503079
client running:5/59, client loss: 2.074446439743042, loss 1: 1.9194968938827515, loss 2: 0.0015494946856051683
client running:6/59, client loss: 2.073035717010498, loss 1: 1.9300000667572021, loss 2: 0.0014303561765700579
client running:7/59, client loss: 2.0321598052978516, loss 1: 1.914412021636963, loss 2: 0.00117747881449759
client running:8/59, client loss: 2.0488200187683105, loss 1: 1.9335578680038452, loss 2: 0.0011526226298883557
client running:9/59, client loss: 2.0525078773498535, loss 1: 1.9503954648971558, loss 2: 0.0010211237240582705
client running:10/59, client loss: 2.0277767181396484, loss 1: 1.9233876466751099, loss 2: 0.0010438915342092514
client running:11/59, client loss: 2.1106948852539062, loss 1: 1.9533088207244873, loss 2: 0.001573860878124833
client running:12/59, client loss: 2.0400853157043457, loss 1: 1.9166005849838257, loss 2: 0.0012348468881100416
client running:13/59, client loss: 2.1022450923919678, loss 1: 1.9188027381896973, loss 2: 0.0018344229320064187
client running:14/59, client loss: 2.042383909225464, loss 1: 1.9252536296844482, loss 2: 0.0011713027488440275
client running:15/59, client loss: 2.0450687408447266, loss 1: 1.9331629276275635, loss 2: 0.0011190591612830758
client running:16/59, client loss: 2.0775978565216064, loss 1: 1.9235727787017822, loss 2: 0.0015402515418827534
client running:17/59, client loss: 2.114861249923706, loss 1: 1.9480769634246826, loss 2: 0.0016678418032824993
client running:18/59, client loss: 2.0898475646972656, loss 1: 1.952648401260376, loss 2: 0.0013719906564801931
client running:19/59, client loss: 2.071284770965576, loss 1: 1.9663407802581787, loss 2: 0.0010494391899555922
client running:20/59, client loss: 2.043025016784668, loss 1: 1.9295774698257446, loss 2: 0.0011344753438606858
client running:21/59, client loss: 2.0331077575683594, loss 1: 1.9413124322891235, loss 2: 0.0009179521584883332
client running:22/59, client loss: 2.050814151763916, loss 1: 1.9441310167312622, loss 2: 0.001066830474883318
client running:23/59, client loss: 2.09542179107666, loss 1: 1.945631504058838, loss 2: 0.0014979027910158038
client running:24/59, client loss: 2.0858263969421387, loss 1: 1.9197660684585571, loss 2: 0.0016606044955551624
client running:25/59, client loss: 2.0850117206573486, loss 1: 1.931528925895691, loss 2: 0.0015348290326073766
client running:26/59, client loss: 2.101809024810791, loss 1: 1.9339429140090942, loss 2: 0.0016786601627245545
client running:27/59, client loss: 2.054762363433838, loss 1: 1.9309049844741821, loss 2: 0.0012385733425617218
client running:28/59, client loss: 2.0433549880981445, loss 1: 1.9265828132629395, loss 2: 0.0011677209986373782
client running:29/59, client loss: 2.0562901496887207, loss 1: 1.9074658155441284, loss 2: 0.001488243229687214
client running:30/59, client loss: 2.0100584030151367, loss 1: 1.9286060333251953, loss 2: 0.0008145226165652275
client running:31/59, client loss: 2.048795461654663, loss 1: 1.9222105741500854, loss 2: 0.001265848521143198
client running:32/59, client loss: 2.0388288497924805, loss 1: 1.9359145164489746, loss 2: 0.0010291431099176407
client running:33/59, client loss: 2.1078953742980957, loss 1: 1.9331107139587402, loss 2: 0.0017478466033935547
client running:34/59, client loss: 2.0962791442871094, loss 1: 1.941322684288025, loss 2: 0.0015495636034756899
client running:35/59, client loss: 2.009881019592285, loss 1: 1.9229532480239868, loss 2: 0.0008692786213941872
client running:36/59, client loss: 2.037790298461914, loss 1: 1.9203985929489136, loss 2: 0.0011739179026335478
client running:37/59, client loss: 2.009920597076416, loss 1: 1.9271336793899536, loss 2: 0.0008278697496280074
client running:38/59, client loss: 2.0872514247894287, loss 1: 1.9226629734039307, loss 2: 0.0016458835452795029
client running:39/59, client loss: 2.028775215148926, loss 1: 1.9385714530944824, loss 2: 0.0009020367870107293
client running:40/59, client loss: 2.0312445163726807, loss 1: 1.8983263969421387, loss 2: 0.0013291811337694526
client running:41/59, client loss: 2.0377092361450195, loss 1: 1.9346771240234375, loss 2: 0.0010303205344825983
client running:42/59, client loss: 2.049811840057373, loss 1: 1.9317063093185425, loss 2: 0.001181055442430079
client running:43/59, client loss: 2.060906410217285, loss 1: 1.9582858085632324, loss 2: 0.001026206649839878
client running:44/59, client loss: 2.028238296508789, loss 1: 1.92380690574646, loss 2: 0.0010443138889968395
client running:45/59, client loss: 2.0140464305877686, loss 1: 1.935118317604065, loss 2: 0.0007892800495028496
client running:46/59, client loss: 2.142549991607666, loss 1: 1.9606550931930542, loss 2: 0.001818947959691286
client running:47/59, client loss: 2.0328898429870605, loss 1: 1.9231916666030884, loss 2: 0.0010969826253131032
client running:48/59, client loss: 2.062887191772461, loss 1: 1.9195468425750732, loss 2: 0.0014334022998809814
client running:49/59, client loss: 2.0154261589050293, loss 1: 1.9394865036010742, loss 2: 0.0007593967020511627
client running:50/59, client loss: 2.034818649291992, loss 1: 1.9436365365982056, loss 2: 0.0009118211455643177
client running:51/59, client loss: 2.0673320293426514, loss 1: 1.962925910949707, loss 2: 0.0010440620826557279
client running:52/59, client loss: 2.037351608276367, loss 1: 1.9381844997406006, loss 2: 0.0009916721610352397
client running:53/59, client loss: 1.9965224266052246, loss 1: 1.918321132659912, loss 2: 0.0007820129976607859
client running:54/59, client loss: 2.0597853660583496, loss 1: 1.9173210859298706, loss 2: 0.0014246422797441483
client running:55/59, client loss: 2.0402989387512207, loss 1: 1.9490890502929688, loss 2: 0.0009120993199758232
client running:56/59, client loss: 2.0280191898345947, loss 1: 1.9305353164672852, loss 2: 0.0009748389711603522
client running:57/59, client loss: 2.0410032272338867, loss 1: 1.9108062982559204, loss 2: 0.0013019683538004756
client running:58/59, client loss: 2.009305000305176, loss 1: 1.914232850074768, loss 2: 0.0009507216745987535
server loss: tensor([[0.9658, 0.6791, 0.7205, 0.6870, 0.6431, 0.6557, 0.7105, 0.7399],
        [0.6997, 0.9586, 0.7573, 0.7323, 0.6615, 0.7239, 0.7598, 0.7142],
        [0.7202, 0.7180, 0.9492, 0.6713, 0.6766, 0.7007, 0.7349, 0.7350],
        [0.6947, 0.7232, 0.7123, 0.9307, 0.6051, 0.6428, 0.7519, 0.6345],
        [0.7218, 0.7003, 0.7957, 0.6940, 0.8709, 0.7132, 0.7032, 0.6970],
        [0.6718, 0.7246, 0.7615, 0.6870, 0.6721, 0.8865, 0.7273, 0.7024],
        [0.7058, 0.7155, 0.7396, 0.6895, 0.6163, 0.7003, 0.9308, 0.6852],
        [0.7168, 0.6856, 0.7068, 0.6088, 0.6324, 0.7177, 0.6575, 0.9476]],
       device='cuda:0')
client running:0/59, client loss: 2.069164276123047, loss 1: 1.947632074356079, loss 2: 0.0012153221759945154
client running:1/59, client loss: 2.0607857704162598, loss 1: 1.924445629119873, loss 2: 0.0013634024653583765
client running:2/59, client loss: 2.0929980278015137, loss 1: 1.9432103633880615, loss 2: 0.0014978775288909674
client running:3/59, client loss: 2.0354700088500977, loss 1: 1.9346040487289429, loss 2: 0.0010086592519655824
client running:4/59, client loss: 2.0497145652770996, loss 1: 1.945457935333252, loss 2: 0.001042566611431539
client running:5/59, client loss: 2.0831174850463867, loss 1: 1.9339563846588135, loss 2: 0.0014916110085323453
client running:6/59, client loss: 2.0353498458862305, loss 1: 1.9401648044586182, loss 2: 0.0009518493316136301
client running:7/59, client loss: 2.064795970916748, loss 1: 1.9145991802215576, loss 2: 0.0015019685961306095
client running:8/59, client loss: 2.1086721420288086, loss 1: 1.9384739398956299, loss 2: 0.0017019817605614662
client running:9/59, client loss: 2.0481040477752686, loss 1: 1.9181151390075684, loss 2: 0.00129988812841475
client running:10/59, client loss: 2.0663304328918457, loss 1: 1.9239895343780518, loss 2: 0.0014234079280868173
client running:11/59, client loss: 2.079533815383911, loss 1: 1.935745120048523, loss 2: 0.0014378870837390423
client running:12/59, client loss: 2.07724928855896, loss 1: 1.9236193895339966, loss 2: 0.0015362979611381888
client running:13/59, client loss: 2.0046560764312744, loss 1: 1.9118084907531738, loss 2: 0.0009284756961278617
client running:14/59, client loss: 2.076256275177002, loss 1: 1.9369285106658936, loss 2: 0.0013932776637375355
client running:15/59, client loss: 2.0645618438720703, loss 1: 1.954138159751892, loss 2: 0.0011042377445846796
client running:16/59, client loss: 2.0799381732940674, loss 1: 1.9486196041107178, loss 2: 0.0013131867162883282
client running:17/59, client loss: 2.0657145977020264, loss 1: 1.9337981939315796, loss 2: 0.0013191649923101068
client running:18/59, client loss: 2.0680928230285645, loss 1: 1.9382857084274292, loss 2: 0.0012980721658095717
client running:19/59, client loss: 2.0339152812957764, loss 1: 1.9270967245101929, loss 2: 0.0010681846179068089
client running:20/59, client loss: 2.081923484802246, loss 1: 1.9418845176696777, loss 2: 0.0014003902906551957
client running:21/59, client loss: 2.091670036315918, loss 1: 1.9297130107879639, loss 2: 0.0016195701900869608
client running:22/59, client loss: 2.0693235397338867, loss 1: 1.9107238054275513, loss 2: 0.0015859969425946474
client running:23/59, client loss: 2.0854930877685547, loss 1: 1.9382638931274414, loss 2: 0.001472292933613062
client running:24/59, client loss: 2.086240530014038, loss 1: 1.928601622581482, loss 2: 0.0015763883711770177
client running:25/59, client loss: 2.0318939685821533, loss 1: 1.9192131757736206, loss 2: 0.0011268083471804857
client running:26/59, client loss: 2.042618989944458, loss 1: 1.9317419528961182, loss 2: 0.0011087707243859768
client running:27/59, client loss: 2.041179895401001, loss 1: 1.923885464668274, loss 2: 0.0011729446705430746
client running:28/59, client loss: 2.0547122955322266, loss 1: 1.9237743616104126, loss 2: 0.0013093799352645874
client running:29/59, client loss: 2.0392544269561768, loss 1: 1.9524961709976196, loss 2: 0.0008675832068547606
client running:30/59, client loss: 2.0517475605010986, loss 1: 1.9599413871765137, loss 2: 0.0009180628694593906
client running:31/59, client loss: 2.0840439796447754, loss 1: 1.906736135482788, loss 2: 0.0017730772960931063
client running:32/59, client loss: 2.0325253009796143, loss 1: 1.9319323301315308, loss 2: 0.001005929778330028
client running:33/59, client loss: 2.0866482257843018, loss 1: 1.9100420475006104, loss 2: 0.0017660607118159533
client running:34/59, client loss: 2.064068555831909, loss 1: 1.9223473072052002, loss 2: 0.0014172130031511188
client running:35/59, client loss: 2.112745761871338, loss 1: 1.9640800952911377, loss 2: 0.0014866574201732874
client running:36/59, client loss: 2.0413434505462646, loss 1: 1.931931734085083, loss 2: 0.0010941179934889078
client running:37/59, client loss: 2.055690050125122, loss 1: 1.9286574125289917, loss 2: 0.0012703274842351675
client running:38/59, client loss: 2.0602996349334717, loss 1: 1.9395724534988403, loss 2: 0.0012072711251676083
client running:39/59, client loss: 2.060290575027466, loss 1: 1.939174771308899, loss 2: 0.0012111588148400187
client running:40/59, client loss: 2.009864330291748, loss 1: 1.9236057996749878, loss 2: 0.0008625863119959831
client running:41/59, client loss: 2.0524117946624756, loss 1: 1.9297751188278198, loss 2: 0.0012263671960681677
client running:42/59, client loss: 2.0498342514038086, loss 1: 1.9211719036102295, loss 2: 0.001286623883061111
client running:43/59, client loss: 2.038745880126953, loss 1: 1.9163589477539062, loss 2: 0.00122387008741498
client running:44/59, client loss: 2.057691812515259, loss 1: 1.9030569791793823, loss 2: 0.0015463484451174736
client running:45/59, client loss: 2.0285372734069824, loss 1: 1.9262678623199463, loss 2: 0.0010226948652416468
client running:46/59, client loss: 2.065669536590576, loss 1: 1.9052753448486328, loss 2: 0.0016039430629462004
client running:47/59, client loss: 2.055969476699829, loss 1: 1.9409925937652588, loss 2: 0.0011497688246890903
client running:48/59, client loss: 2.049553394317627, loss 1: 1.9324909448623657, loss 2: 0.001170624396763742
client running:49/59, client loss: 2.09210467338562, loss 1: 1.9399068355560303, loss 2: 0.0015219775959849358
client running:50/59, client loss: 2.0958034992218018, loss 1: 1.9529218673706055, loss 2: 0.0014288171660155058
client running:51/59, client loss: 2.0278007984161377, loss 1: 1.9285855293273926, loss 2: 0.0009921533055603504
client running:52/59, client loss: 2.019465208053589, loss 1: 1.932950496673584, loss 2: 0.000865147914737463
client running:53/59, client loss: 2.014155864715576, loss 1: 1.91761314868927, loss 2: 0.0009654272580519319
client running:54/59, client loss: 2.0723226070404053, loss 1: 1.9214082956314087, loss 2: 0.0015091432724148035
client running:55/59, client loss: 2.0236494541168213, loss 1: 1.924189805984497, loss 2: 0.000994595349766314
client running:56/59, client loss: 2.0796828269958496, loss 1: 1.9455325603485107, loss 2: 0.0013415019493550062
client running:57/59, client loss: 2.0177183151245117, loss 1: 1.931380033493042, loss 2: 0.0008633818943053484
client running:58/59, client loss: 2.0446629524230957, loss 1: 1.9389392137527466, loss 2: 0.001057238201610744
server loss: tensor([[0.8301, 0.6400, 0.6954, 0.6746, 0.6306, 0.6680, 0.6516, 0.6788],
        [0.7288, 0.8909, 0.6764, 0.6943, 0.7355, 0.7700, 0.7636, 0.6913],
        [0.7263, 0.6493, 0.9420, 0.7215, 0.6218, 0.6904, 0.7014, 0.7024],
        [0.7561, 0.7115, 0.7197, 0.8035, 0.6964, 0.7417, 0.7141, 0.6864],
        [0.7124, 0.6634, 0.6612, 0.6262, 0.8581, 0.7001, 0.7131, 0.6401],
        [0.7138, 0.6516, 0.7029, 0.7258, 0.6687, 0.9351, 0.7267, 0.6297],
        [0.7085, 0.6917, 0.7055, 0.7086, 0.7031, 0.7517, 0.9252, 0.6874],
        [0.7113, 0.6759, 0.6370, 0.6632, 0.6438, 0.6424, 0.6653, 0.8966]],
       device='cuda:0')
client running:0/59, client loss: 2.1196696758270264, loss 1: 1.9263536930084229, loss 2: 0.0019331608200445771
client running:1/59, client loss: 2.0506482124328613, loss 1: 1.9298820495605469, loss 2: 0.0012076613493263721
client running:2/59, client loss: 2.1224701404571533, loss 1: 1.9304778575897217, loss 2: 0.0019199231173843145
client running:3/59, client loss: 2.091090679168701, loss 1: 1.93878972530365, loss 2: 0.0015230084536597133
client running:4/59, client loss: 2.0948336124420166, loss 1: 1.9451267719268799, loss 2: 0.0014970690244808793
client running:5/59, client loss: 2.056051254272461, loss 1: 1.9296189546585083, loss 2: 0.0012643237132579088
client running:6/59, client loss: 2.076638698577881, loss 1: 1.9314169883728027, loss 2: 0.001452217809855938
client running:7/59, client loss: 2.0658068656921387, loss 1: 1.938422441482544, loss 2: 0.0012738448567688465
client running:8/59, client loss: 2.0727691650390625, loss 1: 1.9479477405548096, loss 2: 0.0012482148595154285
client running:9/59, client loss: 2.029208183288574, loss 1: 1.9088897705078125, loss 2: 0.0012031844817101955
client running:10/59, client loss: 2.037442207336426, loss 1: 1.9428198337554932, loss 2: 0.0009462230955250561
client running:11/59, client loss: 2.0761871337890625, loss 1: 1.9299012422561646, loss 2: 0.001462860032916069
client running:12/59, client loss: 2.0957279205322266, loss 1: 1.936356544494629, loss 2: 0.001593714114278555
client running:13/59, client loss: 2.042827606201172, loss 1: 1.940256118774414, loss 2: 0.001025715610012412
client running:14/59, client loss: 2.076732873916626, loss 1: 1.9563311338424683, loss 2: 0.0012040170840919018
client running:15/59, client loss: 2.0665090084075928, loss 1: 1.9169914722442627, loss 2: 0.0014951745979487896
client running:16/59, client loss: 2.046959161758423, loss 1: 1.9512884616851807, loss 2: 0.0009567064698785543
client running:17/59, client loss: 2.072692394256592, loss 1: 1.917933702468872, loss 2: 0.0015475880354642868
client running:18/59, client loss: 2.0729851722717285, loss 1: 1.9521393775939941, loss 2: 0.001208457164466381
client running:19/59, client loss: 2.015662670135498, loss 1: 1.9188017845153809, loss 2: 0.0009686077828519046
client running:20/59, client loss: 2.0257937908172607, loss 1: 1.9423918724060059, loss 2: 0.0008340185158886015
client running:21/59, client loss: 2.089543104171753, loss 1: 1.9341485500335693, loss 2: 0.0015539461746811867
client running:22/59, client loss: 2.048201322555542, loss 1: 1.9307763576507568, loss 2: 0.0011742488713935018
client running:23/59, client loss: 2.0757813453674316, loss 1: 1.9372652769088745, loss 2: 0.0013851611874997616
client running:24/59, client loss: 2.0422446727752686, loss 1: 1.9388957023620605, loss 2: 0.0010334900580346584
client running:25/59, client loss: 2.0187222957611084, loss 1: 1.9139167070388794, loss 2: 0.00104805629234761
client running:26/59, client loss: 2.025162696838379, loss 1: 1.9363152980804443, loss 2: 0.0008884727722033858
client running:27/59, client loss: 2.0323448181152344, loss 1: 1.9168039560317993, loss 2: 0.0011554094962775707
client running:28/59, client loss: 2.0225830078125, loss 1: 1.918508529663086, loss 2: 0.001040744362398982
client running:29/59, client loss: 2.0548243522644043, loss 1: 1.96099853515625, loss 2: 0.0009382576681673527
client running:30/59, client loss: 2.038626194000244, loss 1: 1.9353821277618408, loss 2: 0.0010324402246624231
client running:31/59, client loss: 2.043675661087036, loss 1: 1.9270884990692139, loss 2: 0.0011658709263429046
client running:32/59, client loss: 2.0496633052825928, loss 1: 1.935908317565918, loss 2: 0.0011375504545867443
client running:33/59, client loss: 2.033842086791992, loss 1: 1.9279268980026245, loss 2: 0.0010591521859169006
client running:34/59, client loss: 2.089801073074341, loss 1: 1.9388928413391113, loss 2: 0.0015090813394635916
client running:35/59, client loss: 2.0366358757019043, loss 1: 1.9273945093154907, loss 2: 0.0010924143716692924
client running:36/59, client loss: 2.0428295135498047, loss 1: 1.934653878211975, loss 2: 0.0010817572474479675
client running:37/59, client loss: 2.038914918899536, loss 1: 1.9312679767608643, loss 2: 0.0010764684993773699
client running:38/59, client loss: 2.053819179534912, loss 1: 1.9384832382202148, loss 2: 0.0011533598881214857
client running:39/59, client loss: 2.0287516117095947, loss 1: 1.9507770538330078, loss 2: 0.000779744703322649
client running:40/59, client loss: 2.0308997631073, loss 1: 1.9384088516235352, loss 2: 0.0009249095455743372
client running:41/59, client loss: 2.0304596424102783, loss 1: 1.9144209623336792, loss 2: 0.0011603874154388905
client running:42/59, client loss: 2.0232205390930176, loss 1: 1.9390655755996704, loss 2: 0.0008415502379648387
client running:43/59, client loss: 2.0268197059631348, loss 1: 1.926647663116455, loss 2: 0.0010017198510468006
client running:44/59, client loss: 2.0270957946777344, loss 1: 1.929722785949707, loss 2: 0.0009737296495586634
client running:45/59, client loss: 2.033621072769165, loss 1: 1.9160698652267456, loss 2: 0.0011755109298974276
client running:46/59, client loss: 2.0305745601654053, loss 1: 1.9247533082962036, loss 2: 0.0010582114337012172
client running:47/59, client loss: 2.016544818878174, loss 1: 1.9288712739944458, loss 2: 0.0008767357212491333
client running:48/59, client loss: 2.0212514400482178, loss 1: 1.9281367063522339, loss 2: 0.0009311462054029107
client running:49/59, client loss: 2.0445783138275146, loss 1: 1.9270122051239014, loss 2: 0.0011756608728319407
client running:50/59, client loss: 2.0558018684387207, loss 1: 1.966752290725708, loss 2: 0.0008904963033273816
client running:51/59, client loss: 2.010465383529663, loss 1: 1.9190727472305298, loss 2: 0.0009139258181676269
client running:52/59, client loss: 2.0376527309417725, loss 1: 1.9389327764511108, loss 2: 0.0009871996007859707
client running:53/59, client loss: 2.097789764404297, loss 1: 1.9331881999969482, loss 2: 0.001646016025915742
client running:54/59, client loss: 2.01395320892334, loss 1: 1.9509812593460083, loss 2: 0.0006297188811004162
client running:55/59, client loss: 2.0848031044006348, loss 1: 1.9430732727050781, loss 2: 0.0014172970550134778
client running:56/59, client loss: 2.0588085651397705, loss 1: 1.918129563331604, loss 2: 0.0014067896408960223
client running:57/59, client loss: 2.0257222652435303, loss 1: 1.9092767238616943, loss 2: 0.0011644542682915926
client running:58/59, client loss: 2.0389609336853027, loss 1: 1.9289953708648682, loss 2: 0.0010996556375175714
server loss: tensor([[0.9098, 0.7848, 0.6339, 0.7052, 0.7175, 0.7329, 0.7046, 0.7375],
        [0.7908, 0.9314, 0.6048, 0.7109, 0.7146, 0.7540, 0.7110, 0.7251],
        [0.7108, 0.7277, 0.8405, 0.7134, 0.6769, 0.6807, 0.7008, 0.7074],
        [0.7341, 0.7485, 0.6754, 0.9570, 0.7647, 0.7239, 0.7302, 0.7347],
        [0.7310, 0.7500, 0.6530, 0.7503, 0.9661, 0.7461, 0.7366, 0.7312],
        [0.7551, 0.7445, 0.6008, 0.6948, 0.7238, 0.9282, 0.7167, 0.6758],
        [0.7286, 0.7232, 0.6593, 0.7346, 0.7404, 0.7197, 0.9683, 0.7219],
        [0.7463, 0.7672, 0.6180, 0.7081, 0.7142, 0.7214, 0.7110, 0.9497]],
       device='cuda:0')
client running:0/59, client loss: 2.0155792236328125, loss 1: 1.932466983795166, loss 2: 0.0008311218116432428
client running:1/59, client loss: 2.1103744506835938, loss 1: 1.9554136991500854, loss 2: 0.0015496069099754095
client running:2/59, client loss: 2.060417890548706, loss 1: 1.9216399192810059, loss 2: 0.0013877791352570057
client running:3/59, client loss: 2.0161991119384766, loss 1: 1.9195400476455688, loss 2: 0.0009665900724940002
client running:4/59, client loss: 2.121776580810547, loss 1: 1.9388891458511353, loss 2: 0.0018288737628608942
client running:5/59, client loss: 2.126235008239746, loss 1: 1.943420171737671, loss 2: 0.0018281491938978434
client running:6/59, client loss: 2.097421169281006, loss 1: 1.9417880773544312, loss 2: 0.0015563297783955932
client running:7/59, client loss: 2.0494751930236816, loss 1: 1.9101382493972778, loss 2: 0.0013933696318417788
client running:8/59, client loss: 2.051562786102295, loss 1: 1.9333248138427734, loss 2: 0.0011823797831311822
client running:9/59, client loss: 2.02628755569458, loss 1: 1.9429028034210205, loss 2: 0.0008338477346114814
client running:10/59, client loss: 2.100208282470703, loss 1: 1.938679575920105, loss 2: 0.0016152861062437296
client running:11/59, client loss: 2.0788443088531494, loss 1: 1.9274617433547974, loss 2: 0.0015138252638280392
client running:12/59, client loss: 2.1104297637939453, loss 1: 1.969171166419983, loss 2: 0.0014125851448625326
client running:13/59, client loss: 2.0995941162109375, loss 1: 1.9435030221939087, loss 2: 0.001560911419801414
client running:14/59, client loss: 2.0844569206237793, loss 1: 1.925020694732666, loss 2: 0.0015943618491292
client running:15/59, client loss: 2.054442882537842, loss 1: 1.969812035560608, loss 2: 0.0008463077829219401
client running:16/59, client loss: 2.057666540145874, loss 1: 1.9222502708435059, loss 2: 0.0013541618827730417
client running:17/59, client loss: 2.0505661964416504, loss 1: 1.9566088914871216, loss 2: 0.0009395732777193189
client running:18/59, client loss: 2.0555832386016846, loss 1: 1.948426604270935, loss 2: 0.001071565318852663
client running:19/59, client loss: 2.099200963973999, loss 1: 1.9269495010375977, loss 2: 0.00172251439653337
client running:20/59, client loss: 2.0289816856384277, loss 1: 1.9157426357269287, loss 2: 0.0011323901126161218
client running:21/59, client loss: 2.0318448543548584, loss 1: 1.9242804050445557, loss 2: 0.0010756438132375479
client running:22/59, client loss: 2.076519012451172, loss 1: 1.9389854669570923, loss 2: 0.0013753361999988556
client running:23/59, client loss: 2.0679728984832764, loss 1: 1.9646377563476562, loss 2: 0.0010333519894629717
client running:24/59, client loss: 2.0427448749542236, loss 1: 1.932133436203003, loss 2: 0.0011061134282499552
client running:25/59, client loss: 2.0678014755249023, loss 1: 1.9248430728912354, loss 2: 0.0014295829460024834
client running:26/59, client loss: 2.126242160797119, loss 1: 1.9275376796722412, loss 2: 0.001987044233828783
client running:27/59, client loss: 2.0320680141448975, loss 1: 1.9427458047866821, loss 2: 0.0008932221680879593
client running:28/59, client loss: 2.108506202697754, loss 1: 1.953835129737854, loss 2: 0.0015467101475223899
client running:29/59, client loss: 2.0579283237457275, loss 1: 1.9342879056930542, loss 2: 0.001236405223608017
client running:30/59, client loss: 2.0377697944641113, loss 1: 1.9257854223251343, loss 2: 0.0011198432184755802
client running:31/59, client loss: 2.0304579734802246, loss 1: 1.9442031383514404, loss 2: 0.0008625492919236422
client running:32/59, client loss: 2.1060867309570312, loss 1: 1.921350359916687, loss 2: 0.0018473626114428043
client running:33/59, client loss: 2.0192301273345947, loss 1: 1.9261846542358398, loss 2: 0.0009304558043368161
client running:34/59, client loss: 2.0353927612304688, loss 1: 1.9412245750427246, loss 2: 0.0009416808607056737
client running:35/59, client loss: 2.04486083984375, loss 1: 1.9424736499786377, loss 2: 0.0010238729882985353
client running:36/59, client loss: 2.059570074081421, loss 1: 1.9456466436386108, loss 2: 0.0011392348678782582
client running:37/59, client loss: 2.0292458534240723, loss 1: 1.9189685583114624, loss 2: 0.0011027723085135221
client running:38/59, client loss: 2.014883279800415, loss 1: 1.9133610725402832, loss 2: 0.0010152214672416449
client running:39/59, client loss: 2.0597503185272217, loss 1: 1.9488565921783447, loss 2: 0.0011089382460340858
client running:40/59, client loss: 2.054443597793579, loss 1: 1.9437092542648315, loss 2: 0.0011073444038629532
client running:41/59, client loss: 2.0310773849487305, loss 1: 1.929205298423767, loss 2: 0.0010187211446464062
client running:42/59, client loss: 2.0512216091156006, loss 1: 1.9534142017364502, loss 2: 0.0009780738037079573
client running:43/59, client loss: 2.009317398071289, loss 1: 1.9205735921859741, loss 2: 0.0008874391205608845
client running:44/59, client loss: 2.0491883754730225, loss 1: 1.914774775505066, loss 2: 0.0013441354967653751
client running:45/59, client loss: 2.017354965209961, loss 1: 1.9242877960205078, loss 2: 0.0009306726278737187
client running:46/59, client loss: 2.017692804336548, loss 1: 1.9259780645370483, loss 2: 0.0009171469137072563
client running:47/59, client loss: 2.0320401191711426, loss 1: 1.9191148281097412, loss 2: 0.0011292530689388514
client running:48/59, client loss: 2.037813425064087, loss 1: 1.9170902967453003, loss 2: 0.0012072321260347962
client running:49/59, client loss: 2.0363008975982666, loss 1: 1.9455735683441162, loss 2: 0.0009072731481865048
client running:50/59, client loss: 2.0489425659179688, loss 1: 1.9180848598480225, loss 2: 0.0013085759710520506
client running:51/59, client loss: 2.0259430408477783, loss 1: 1.925215244293213, loss 2: 0.0010072786826640368
client running:52/59, client loss: 2.105135440826416, loss 1: 1.9716076850891113, loss 2: 0.0013352769892662764
client running:53/59, client loss: 2.0426394939422607, loss 1: 1.9443894624710083, loss 2: 0.0009824993321672082
client running:54/59, client loss: 2.0159053802490234, loss 1: 1.9180477857589722, loss 2: 0.0009785767178982496
client running:55/59, client loss: 2.023503303527832, loss 1: 1.9261211156845093, loss 2: 0.0009738214430399239
client running:56/59, client loss: 2.0432746410369873, loss 1: 1.9354761838912964, loss 2: 0.001077984576113522
client running:57/59, client loss: 2.0620062351226807, loss 1: 1.9433101415634155, loss 2: 0.001186960143968463
client running:58/59, client loss: 2.060702323913574, loss 1: 1.9200340509414673, loss 2: 0.0014066825387999415
server loss: tensor([[0.9269, 0.6610, 0.5531, 0.6569, 0.6466, 0.6856, 0.6265, 0.6828],
        [0.6883, 0.9048, 0.5733, 0.6884, 0.7288, 0.7574, 0.6936, 0.7613],
        [0.6474, 0.6527, 0.7133, 0.6593, 0.6778, 0.7119, 0.6602, 0.7070],
        [0.5875, 0.6239, 0.5700, 0.9606, 0.7646, 0.7072, 0.6700, 0.7134],
        [0.5457, 0.6463, 0.5752, 0.7568, 0.8796, 0.6981, 0.6778, 0.6883],
        [0.6133, 0.6696, 0.5725, 0.6784, 0.7226, 0.9058, 0.6840, 0.7138],
        [0.6371, 0.6663, 0.5906, 0.6630, 0.6984, 0.6935, 0.8869, 0.6739],
        [0.6289, 0.7314, 0.6131, 0.6998, 0.7132, 0.7070, 0.6556, 0.9045]],
       device='cuda:0')
server average tensor
client running:0/59, client loss: 2.1186776161193848, loss 1: 1.9399447441101074, loss 2: 0.001787329907529056
client running:1/59, client loss: 2.072301149368286, loss 1: 1.9422898292541504, loss 2: 0.0013001131592318416
client running:2/59, client loss: 2.060823917388916, loss 1: 1.953819990158081, loss 2: 0.00107003899756819
client running:3/59, client loss: 2.1048407554626465, loss 1: 1.9176608324050903, loss 2: 0.0018717993516474962
client running:4/59, client loss: 2.1202757358551025, loss 1: 1.9544360637664795, loss 2: 0.0016583960969001055
client running:5/59, client loss: 2.0247576236724854, loss 1: 1.9292068481445312, loss 2: 0.000955507974140346
client running:6/59, client loss: 2.0819754600524902, loss 1: 1.9335688352584839, loss 2: 0.0014840660151094198
client running:7/59, client loss: 2.0164971351623535, loss 1: 1.9218106269836426, loss 2: 0.0009468659991398454
client running:8/59, client loss: 2.059497356414795, loss 1: 1.9321280717849731, loss 2: 0.0012736929347738624
client running:9/59, client loss: 2.0418825149536133, loss 1: 1.9427714347839355, loss 2: 0.000991110224276781
client running:10/59, client loss: 2.026578664779663, loss 1: 1.9327293634414673, loss 2: 0.0009384930599480867
client running:11/59, client loss: 2.044607162475586, loss 1: 1.916845679283142, loss 2: 0.0012776142684742808
client running:12/59, client loss: 2.0315933227539062, loss 1: 1.9220311641693115, loss 2: 0.0010956227779388428
client running:13/59, client loss: 2.0690817832946777, loss 1: 1.9335455894470215, loss 2: 0.0013553616590797901
client running:14/59, client loss: 2.0678212642669678, loss 1: 1.958116054534912, loss 2: 0.0010970531729981303
client running:15/59, client loss: 2.0329246520996094, loss 1: 1.8913135528564453, loss 2: 0.0014161102008074522
client running:16/59, client loss: 2.0563035011291504, loss 1: 1.9376236200332642, loss 2: 0.0011867990251630545
client running:17/59, client loss: 2.1304895877838135, loss 1: 1.9278554916381836, loss 2: 0.0020263411570340395
client running:18/59, client loss: 2.0582497119903564, loss 1: 1.9068279266357422, loss 2: 0.0015142176998779178
client running:19/59, client loss: 2.0297794342041016, loss 1: 1.9208576679229736, loss 2: 0.0010892183054238558
client running:20/59, client loss: 2.015078067779541, loss 1: 1.9159235954284668, loss 2: 0.0009915438713505864
client running:21/59, client loss: 2.1086018085479736, loss 1: 1.930080533027649, loss 2: 0.001785212429240346
client running:22/59, client loss: 2.033919334411621, loss 1: 1.924208641052246, loss 2: 0.0010971070732921362
client running:23/59, client loss: 2.0273168087005615, loss 1: 1.9312717914581299, loss 2: 0.0009604493388906121
client running:24/59, client loss: 2.1234021186828613, loss 1: 1.9194042682647705, loss 2: 0.0020399775821715593
client running:25/59, client loss: 2.0700466632843018, loss 1: 1.9685094356536865, loss 2: 0.001015371410176158
client running:26/59, client loss: 2.0537495613098145, loss 1: 1.9461637735366821, loss 2: 0.0010758570861071348
client running:27/59, client loss: 1.9974576234817505, loss 1: 1.903849482536316, loss 2: 0.0009360818658024073
client running:28/59, client loss: 2.0458197593688965, loss 1: 1.9247691631317139, loss 2: 0.0012105051428079605
client running:29/59, client loss: 2.0298619270324707, loss 1: 1.903786540031433, loss 2: 0.0012607527896761894
client running:30/59, client loss: 2.0649642944335938, loss 1: 1.924497365951538, loss 2: 0.001404668320901692
client running:31/59, client loss: 2.0498206615448, loss 1: 1.9226094484329224, loss 2: 0.0012721129460260272
client running:32/59, client loss: 2.047657012939453, loss 1: 1.9217257499694824, loss 2: 0.0012593120336532593
client running:33/59, client loss: 2.1171035766601562, loss 1: 1.9354102611541748, loss 2: 0.0018169332761317492
client running:34/59, client loss: 2.0126595497131348, loss 1: 1.9185715913772583, loss 2: 0.000940879515837878
client running:35/59, client loss: 2.064565896987915, loss 1: 1.9142833948135376, loss 2: 0.001502825878560543
client running:36/59, client loss: 2.021972179412842, loss 1: 1.913681149482727, loss 2: 0.001082911156117916
client running:37/59, client loss: 2.0438995361328125, loss 1: 1.9367804527282715, loss 2: 0.001071189995855093
client running:38/59, client loss: 2.1049447059631348, loss 1: 1.925790548324585, loss 2: 0.0017915404168888927
client running:39/59, client loss: 2.0722508430480957, loss 1: 1.928727149963379, loss 2: 0.0014352372381836176
client running:40/59, client loss: 2.018876075744629, loss 1: 1.8944668769836426, loss 2: 0.0012440913124009967
client running:41/59, client loss: 2.0658986568450928, loss 1: 1.9389548301696777, loss 2: 0.0012694388860836625
client running:42/59, client loss: 2.0352158546447754, loss 1: 1.924047589302063, loss 2: 0.0011116820387542248
client running:43/59, client loss: 2.0175812244415283, loss 1: 1.8987797498703003, loss 2: 0.001188014866784215
client running:44/59, client loss: 2.047778606414795, loss 1: 1.9190871715545654, loss 2: 0.0012869132915511727
client running:45/59, client loss: 2.0143327713012695, loss 1: 1.928436279296875, loss 2: 0.0008589657954871655
client running:46/59, client loss: 2.0224156379699707, loss 1: 1.9134587049484253, loss 2: 0.0010895684827119112
client running:47/59, client loss: 2.017540454864502, loss 1: 1.9253140687942505, loss 2: 0.0009222648805007339
client running:48/59, client loss: 2.0326342582702637, loss 1: 1.939165711402893, loss 2: 0.0009346842998638749
client running:49/59, client loss: 2.0425333976745605, loss 1: 1.9385854005813599, loss 2: 0.0010394799755886197
client running:50/59, client loss: 2.03178334236145, loss 1: 1.9119322299957275, loss 2: 0.0011985113378614187
client running:51/59, client loss: 2.028350353240967, loss 1: 1.943482518196106, loss 2: 0.0008486780570819974
client running:52/59, client loss: 2.042452812194824, loss 1: 1.9111943244934082, loss 2: 0.0013125836849212646
client running:53/59, client loss: 2.0478157997131348, loss 1: 1.946583867073059, loss 2: 0.001012320164591074
client running:54/59, client loss: 2.02518892288208, loss 1: 1.9326331615447998, loss 2: 0.0009255584445782006
client running:55/59, client loss: 1.9919185638427734, loss 1: 1.9253690242767334, loss 2: 0.0006654956378042698
client running:56/59, client loss: 2.0619184970855713, loss 1: 1.9211065769195557, loss 2: 0.001408118987455964
client running:57/59, client loss: 2.0569636821746826, loss 1: 1.9229549169540405, loss 2: 0.001340087503194809
client running:58/59, client loss: 2.018448829650879, loss 1: 1.9403901100158691, loss 2: 0.0007805880159139633
server loss: tensor([[0.9186, 0.6863, 0.7756, 0.7050, 0.6964, 0.7973, 0.7790, 0.7583],
        [0.6568, 0.8181, 0.6865, 0.6252, 0.6476, 0.7070, 0.6608, 0.6897],
        [0.7180, 0.7345, 0.9106, 0.6331, 0.7176, 0.7248, 0.7489, 0.7222],
        [0.7601, 0.6711, 0.7212, 0.9324, 0.6457, 0.7879, 0.7378, 0.8038],
        [0.6389, 0.6436, 0.6836, 0.6256, 0.7903, 0.6565, 0.6926, 0.6587],
        [0.7412, 0.7269, 0.7452, 0.6978, 0.6500, 0.9781, 0.7615, 0.7726],
        [0.6765, 0.6696, 0.7628, 0.6006, 0.6788, 0.7119, 0.8989, 0.7114],
        [0.6946, 0.7059, 0.7554, 0.6880, 0.6875, 0.7491, 0.7174, 0.8520]],
       device='cuda:0')
client running:0/59, client loss: 2.081442356109619, loss 1: 1.9465484619140625, loss 2: 0.0013489386765286326
client running:1/59, client loss: 2.094268798828125, loss 1: 1.9498788118362427, loss 2: 0.0014439004007726908
client running:2/59, client loss: 2.0462865829467773, loss 1: 1.9164209365844727, loss 2: 0.0012986568035557866
client running:3/59, client loss: 2.0237479209899902, loss 1: 1.9028068780899048, loss 2: 0.0012094097910448909
client running:4/59, client loss: 2.068378210067749, loss 1: 1.9268656969070435, loss 2: 0.0014151260256767273
client running:5/59, client loss: 2.0266880989074707, loss 1: 1.9160981178283691, loss 2: 0.00110590027179569
client running:6/59, client loss: 2.0615463256835938, loss 1: 1.932008981704712, loss 2: 0.0012953737750649452
client running:7/59, client loss: 2.0137290954589844, loss 1: 1.9083478450775146, loss 2: 0.0010538114001974463
client running:8/59, client loss: 2.053642749786377, loss 1: 1.9373512268066406, loss 2: 0.0011629159562289715
client running:9/59, client loss: 2.0368804931640625, loss 1: 1.9210913181304932, loss 2: 0.001157892867922783
client running:10/59, client loss: 2.0649166107177734, loss 1: 1.930531620979309, loss 2: 0.0013438509777188301
client running:11/59, client loss: 2.090500831604004, loss 1: 1.9285123348236084, loss 2: 0.0016198853263631463
client running:12/59, client loss: 2.0467491149902344, loss 1: 1.9122202396392822, loss 2: 0.0013452880084514618
client running:13/59, client loss: 2.0496599674224854, loss 1: 1.9370404481887817, loss 2: 0.0011261957697570324
client running:14/59, client loss: 2.0434350967407227, loss 1: 1.9444570541381836, loss 2: 0.0009897798299789429
client running:15/59, client loss: 2.0691542625427246, loss 1: 1.9289262294769287, loss 2: 0.0014022806426510215
client running:16/59, client loss: 2.024336576461792, loss 1: 1.9270257949829102, loss 2: 0.0009731085156090558
client running:17/59, client loss: 2.0184688568115234, loss 1: 1.9302705526351929, loss 2: 0.000881982734426856
client running:18/59, client loss: 2.0645759105682373, loss 1: 1.9481003284454346, loss 2: 0.0011647550854831934
client running:19/59, client loss: 2.1344335079193115, loss 1: 1.9241938591003418, loss 2: 0.0021023962181061506
client running:20/59, client loss: 2.06890606880188, loss 1: 1.9529935121536255, loss 2: 0.001159125822596252
client running:21/59, client loss: 2.0989668369293213, loss 1: 1.9175828695297241, loss 2: 0.0018138389568775892
client running:22/59, client loss: 2.054689407348633, loss 1: 1.9281750917434692, loss 2: 0.001265143626369536
client running:23/59, client loss: 2.08066725730896, loss 1: 1.942571997642517, loss 2: 0.0013809517258778214
client running:24/59, client loss: 2.009716510772705, loss 1: 1.9174811840057373, loss 2: 0.0009223538218066096
client running:25/59, client loss: 2.046264410018921, loss 1: 1.9226843118667603, loss 2: 0.0012358000967651606
client running:26/59, client loss: 2.0039186477661133, loss 1: 1.8988150358200073, loss 2: 0.001051036175340414
client running:27/59, client loss: 2.00637149810791, loss 1: 1.9230026006698608, loss 2: 0.0008336881292052567
client running:28/59, client loss: 2.000746250152588, loss 1: 1.9069123268127441, loss 2: 0.0009383381111547351
client running:29/59, client loss: 2.063457727432251, loss 1: 1.9439654350280762, loss 2: 0.0011949222534894943
client running:30/59, client loss: 2.0659165382385254, loss 1: 1.9368728399276733, loss 2: 0.001290435902774334
client running:31/59, client loss: 2.014066696166992, loss 1: 1.907497763633728, loss 2: 0.0010656893718987703
client running:32/59, client loss: 2.035454511642456, loss 1: 1.9460406303405762, loss 2: 0.0008941394626162946
client running:33/59, client loss: 2.088420867919922, loss 1: 1.9394906759262085, loss 2: 0.0014893007464706898
client running:34/59, client loss: 2.0783872604370117, loss 1: 1.9552382230758667, loss 2: 0.001231489353813231
client running:35/59, client loss: 2.0292575359344482, loss 1: 1.9328280687332153, loss 2: 0.0009642938384786248
client running:36/59, client loss: 2.028324604034424, loss 1: 1.8991495370864868, loss 2: 0.001291751628741622
client running:37/59, client loss: 2.083026647567749, loss 1: 1.912353515625, loss 2: 0.001706730923615396
client running:38/59, client loss: 2.096383571624756, loss 1: 1.9236700534820557, loss 2: 0.00172713422216475
client running:39/59, client loss: 2.071856737136841, loss 1: 1.931357741355896, loss 2: 0.001404989860020578
client running:40/59, client loss: 2.0261096954345703, loss 1: 1.9070531129837036, loss 2: 0.0011905645951628685
client running:41/59, client loss: 2.086543560028076, loss 1: 1.9739075899124146, loss 2: 0.001126360148191452
client running:42/59, client loss: 2.116546392440796, loss 1: 1.9576104879379272, loss 2: 0.0015893597155809402
client running:43/59, client loss: 2.072268009185791, loss 1: 1.9274210929870605, loss 2: 0.001448469702154398
client running:44/59, client loss: 2.014028549194336, loss 1: 1.941296100616455, loss 2: 0.0007273234659805894
client running:45/59, client loss: 2.084838390350342, loss 1: 1.9403235912322998, loss 2: 0.0014451489550992846
client running:46/59, client loss: 2.0507333278656006, loss 1: 1.9448318481445312, loss 2: 0.0010590156307443976
client running:47/59, client loss: 2.0206100940704346, loss 1: 1.9226995706558228, loss 2: 0.000979104544967413
client running:48/59, client loss: 2.0152623653411865, loss 1: 1.9274005889892578, loss 2: 0.0008786189137026668
client running:49/59, client loss: 2.049922227859497, loss 1: 1.9290745258331299, loss 2: 0.0012084775371477008
client running:50/59, client loss: 1.9991508722305298, loss 1: 1.930932879447937, loss 2: 0.0006821794086135924
client running:51/59, client loss: 1.995574712753296, loss 1: 1.893704891204834, loss 2: 0.0010186976287513971
client running:52/59, client loss: 2.1281096935272217, loss 1: 1.9521417617797852, loss 2: 0.001759678591042757
client running:53/59, client loss: 2.01896071434021, loss 1: 1.9424278736114502, loss 2: 0.0007653277134522796
client running:54/59, client loss: 2.0399959087371826, loss 1: 1.9263622760772705, loss 2: 0.0011363355442881584
client running:55/59, client loss: 1.9924886226654053, loss 1: 1.9064725637435913, loss 2: 0.0008601606241427362
client running:56/59, client loss: 2.0487565994262695, loss 1: 1.954829454421997, loss 2: 0.0009392714127898216
client running:57/59, client loss: 2.009748935699463, loss 1: 1.9185585975646973, loss 2: 0.0009119029273279011
client running:58/59, client loss: 2.0081818103790283, loss 1: 1.9127497673034668, loss 2: 0.0009543198393657804
server loss: tensor([[0.9546, 0.7010, 0.7067, 0.6410, 0.7124, 0.6999, 0.6942, 0.7576],
        [0.7162, 0.9122, 0.6877, 0.6243, 0.7113, 0.6795, 0.6607, 0.7652],
        [0.7282, 0.6560, 0.9524, 0.6149, 0.7324, 0.6378, 0.7124, 0.7311],
        [0.7237, 0.6541, 0.7128, 0.8321, 0.7433, 0.7003, 0.7334, 0.7446],
        [0.6719, 0.6380, 0.6783, 0.6404, 0.9270, 0.6669, 0.7108, 0.7005],
        [0.7331, 0.6710, 0.6836, 0.6776, 0.7475, 0.8843, 0.7027, 0.7624],
        [0.7128, 0.6289, 0.7004, 0.6423, 0.7419, 0.6715, 0.9768, 0.7160],
        [0.7650, 0.6671, 0.7088, 0.6474, 0.7221, 0.7097, 0.6982, 0.9483]],
       device='cuda:0')
client running:0/59, client loss: 2.0874695777893066, loss 1: 1.9221280813217163, loss 2: 0.001653415965847671
client running:1/59, client loss: 2.031137466430664, loss 1: 1.944268822669983, loss 2: 0.0008686855435371399
client running:2/59, client loss: 2.072279214859009, loss 1: 1.9340617656707764, loss 2: 0.0013821750180795789
client running:3/59, client loss: 2.089015007019043, loss 1: 1.9460699558258057, loss 2: 0.0014294517459347844
client running:4/59, client loss: 2.0069406032562256, loss 1: 1.9231948852539062, loss 2: 0.0008374563185498118
client running:5/59, client loss: 2.098299264907837, loss 1: 1.9284087419509888, loss 2: 0.001698904437944293
client running:6/59, client loss: 2.0573484897613525, loss 1: 1.8964027166366577, loss 2: 0.0016094583552330732
client running:7/59, client loss: 2.0617055892944336, loss 1: 1.916360855102539, loss 2: 0.0014534464571624994
client running:8/59, client loss: 2.0959503650665283, loss 1: 1.9317876100540161, loss 2: 0.0016416274011135101
client running:9/59, client loss: 2.0569660663604736, loss 1: 1.9421374797821045, loss 2: 0.0011482848785817623
client running:10/59, client loss: 2.127650737762451, loss 1: 1.9391916990280151, loss 2: 0.0018845908343791962
client running:11/59, client loss: 2.080784797668457, loss 1: 1.9439001083374023, loss 2: 0.001368846744298935
client running:12/59, client loss: 2.0425543785095215, loss 1: 1.9151039123535156, loss 2: 0.0012745052808895707
client running:13/59, client loss: 2.062002182006836, loss 1: 1.9108631610870361, loss 2: 0.0015113905537873507
client running:14/59, client loss: 2.0566482543945312, loss 1: 1.9168689250946045, loss 2: 0.0013977934140712023
client running:15/59, client loss: 2.0659351348876953, loss 1: 1.9211654663085938, loss 2: 0.0014476963551715016
client running:16/59, client loss: 2.05155873298645, loss 1: 1.9090690612792969, loss 2: 0.001424896763637662
client running:17/59, client loss: 2.043975830078125, loss 1: 1.9356064796447754, loss 2: 0.0010836930014193058
client running:18/59, client loss: 2.0557990074157715, loss 1: 1.944495439529419, loss 2: 0.0011130355997011065
client running:19/59, client loss: 2.112837791442871, loss 1: 1.9488922357559204, loss 2: 0.001639455440454185
client running:20/59, client loss: 2.0799057483673096, loss 1: 1.9259963035583496, loss 2: 0.00153909414075315
client running:21/59, client loss: 2.0214195251464844, loss 1: 1.9157804250717163, loss 2: 0.001056390581652522
client running:22/59, client loss: 2.0862505435943604, loss 1: 1.9109835624694824, loss 2: 0.0017526699230074883
client running:23/59, client loss: 2.0462262630462646, loss 1: 1.9494731426239014, loss 2: 0.0009675314067862928
client running:24/59, client loss: 2.009005069732666, loss 1: 1.9095789194107056, loss 2: 0.0009942605393007398
client running:25/59, client loss: 2.109419822692871, loss 1: 1.9501487016677856, loss 2: 0.0015927123604342341
client running:26/59, client loss: 2.0829076766967773, loss 1: 1.9202640056610107, loss 2: 0.0016264363657683134
client running:27/59, client loss: 2.0026235580444336, loss 1: 1.9094736576080322, loss 2: 0.0009314993512816727
client running:28/59, client loss: 2.069554090499878, loss 1: 1.9429656267166138, loss 2: 0.001265884144231677
client running:29/59, client loss: 2.0362372398376465, loss 1: 1.9243117570877075, loss 2: 0.0011192557867616415
client running:30/59, client loss: 2.008941411972046, loss 1: 1.9155488014221191, loss 2: 0.0009339256212115288
client running:31/59, client loss: 2.058912992477417, loss 1: 1.9250423908233643, loss 2: 0.0013387065846472979
client running:32/59, client loss: 2.0802366733551025, loss 1: 1.9511005878448486, loss 2: 0.0012913610553368926
client running:33/59, client loss: 2.0499045848846436, loss 1: 1.9231951236724854, loss 2: 0.0012670950964093208
client running:34/59, client loss: 2.083942413330078, loss 1: 1.9017318487167358, loss 2: 0.0018221056088805199
client running:35/59, client loss: 2.076205015182495, loss 1: 1.942056655883789, loss 2: 0.001341484603472054
client running:36/59, client loss: 2.0793263912200928, loss 1: 1.9339982271194458, loss 2: 0.0014532806817442179
client running:37/59, client loss: 2.062696695327759, loss 1: 1.937166452407837, loss 2: 0.0012553026899695396
client running:38/59, client loss: 2.0746335983276367, loss 1: 1.9056540727615356, loss 2: 0.0016897963359951973
client running:39/59, client loss: 2.0836257934570312, loss 1: 1.954390287399292, loss 2: 0.0012923553586006165
client running:40/59, client loss: 2.094326972961426, loss 1: 1.9204001426696777, loss 2: 0.0017392673762515187
client running:41/59, client loss: 2.0328304767608643, loss 1: 1.9313589334487915, loss 2: 0.0010147159919142723
client running:42/59, client loss: 2.064756155014038, loss 1: 1.9055782556533813, loss 2: 0.001591778127476573
client running:43/59, client loss: 2.047490358352661, loss 1: 1.9366977214813232, loss 2: 0.0011079271789640188
client running:44/59, client loss: 2.023892641067505, loss 1: 1.9211812019348145, loss 2: 0.0010271144565194845
client running:45/59, client loss: 2.0781002044677734, loss 1: 1.9250383377075195, loss 2: 0.0015306188724935055
client running:46/59, client loss: 2.0277154445648193, loss 1: 1.9341001510620117, loss 2: 0.0009361525299027562
client running:47/59, client loss: 2.0713038444519043, loss 1: 1.9467899799346924, loss 2: 0.0012451389338821173
client running:48/59, client loss: 2.028278112411499, loss 1: 1.9264260530471802, loss 2: 0.001018520793877542
client running:49/59, client loss: 2.0334506034851074, loss 1: 1.9341721534729004, loss 2: 0.0009927853243425488
client running:50/59, client loss: 2.05769944190979, loss 1: 1.954946517944336, loss 2: 0.0010275302920490503
client running:51/59, client loss: 2.0560574531555176, loss 1: 1.9239823818206787, loss 2: 0.001320749637670815
client running:52/59, client loss: 2.0697031021118164, loss 1: 1.9408316612243652, loss 2: 0.001288713188841939
client running:53/59, client loss: 2.0282084941864014, loss 1: 1.9118320941925049, loss 2: 0.001163763226941228
client running:54/59, client loss: 2.0642666816711426, loss 1: 1.9356071949005127, loss 2: 0.001286594197154045
client running:55/59, client loss: 2.0403053760528564, loss 1: 1.9320435523986816, loss 2: 0.0010826175566762686
client running:56/59, client loss: 2.0697765350341797, loss 1: 1.9397306442260742, loss 2: 0.0013004584470763803
client running:57/59, client loss: 2.0661563873291016, loss 1: 1.923537254333496, loss 2: 0.0014261910691857338
client running:58/59, client loss: 2.0908870697021484, loss 1: 1.9362022876739502, loss 2: 0.0015468478668481112
server loss: tensor([[0.9083, 0.6682, 0.7731, 0.7677, 0.5776, 0.7444, 0.6163, 0.6212],
        [0.7252, 0.9002, 0.7772, 0.7256, 0.5978, 0.7270, 0.5919, 0.6286],
        [0.7260, 0.6884, 0.9600, 0.7871, 0.5976, 0.7817, 0.5911, 0.6121],
        [0.7891, 0.6648, 0.7604, 0.8115, 0.5918, 0.7049, 0.6860, 0.6996],
        [0.6362, 0.6387, 0.6984, 0.6989, 0.9015, 0.6664, 0.6519, 0.6679],
        [0.7455, 0.6801, 0.8384, 0.7602, 0.5821, 0.8800, 0.5796, 0.6163],
        [0.6597, 0.5858, 0.6481, 0.7054, 0.5866, 0.5842, 0.8314, 0.7022],
        [0.6276, 0.6088, 0.6655, 0.7267, 0.6056, 0.6472, 0.6670, 0.7647]],
       device='cuda:0')
client running:0/59, client loss: 2.049272298812866, loss 1: 1.9248347282409668, loss 2: 0.0012443754822015762
client running:1/59, client loss: 2.087306022644043, loss 1: 1.914787769317627, loss 2: 0.0017251837998628616
client running:2/59, client loss: 2.0186080932617188, loss 1: 1.9209572076797485, loss 2: 0.0009765092399902642
client running:3/59, client loss: 2.015749216079712, loss 1: 1.9097483158111572, loss 2: 0.0010600093519315124
client running:4/59, client loss: 2.155595541000366, loss 1: 1.9375301599502563, loss 2: 0.0021806531585752964
client running:5/59, client loss: 2.097850799560547, loss 1: 1.9135642051696777, loss 2: 0.0018428650218993425
client running:6/59, client loss: 2.0848171710968018, loss 1: 1.9258809089660645, loss 2: 0.001589363208040595
client running:7/59, client loss: 2.0583651065826416, loss 1: 1.9116076231002808, loss 2: 0.0014675755519419909
client running:8/59, client loss: 2.063943386077881, loss 1: 1.942003846168518, loss 2: 0.0012193965958431363
client running:9/59, client loss: 2.0351672172546387, loss 1: 1.9273052215576172, loss 2: 0.0010786197381094098
client running:10/59, client loss: 2.0351295471191406, loss 1: 1.9322104454040527, loss 2: 0.0010291897924616933
client running:11/59, client loss: 2.0776469707489014, loss 1: 1.9206295013427734, loss 2: 0.0015701743541285396
client running:12/59, client loss: 2.056764841079712, loss 1: 1.9293862581253052, loss 2: 0.0012737852521240711
client running:13/59, client loss: 2.083181381225586, loss 1: 1.9464049339294434, loss 2: 0.0013677651295438409
client running:14/59, client loss: 2.0644214153289795, loss 1: 1.935389757156372, loss 2: 0.0012903157621622086
client running:15/59, client loss: 2.041888475418091, loss 1: 1.92753267288208, loss 2: 0.0011435584165155888
client running:16/59, client loss: 2.081926107406616, loss 1: 1.9552288055419922, loss 2: 0.0012669728603214025
client running:17/59, client loss: 2.0167698860168457, loss 1: 1.922013759613037, loss 2: 0.0009475603001192212
client running:18/59, client loss: 2.091661214828491, loss 1: 1.9189456701278687, loss 2: 0.0017271554097533226
client running:19/59, client loss: 2.0536797046661377, loss 1: 1.9437310695648193, loss 2: 0.0010994859039783478
client running:20/59, client loss: 2.0941672325134277, loss 1: 1.9260129928588867, loss 2: 0.0016815414419397712
client running:21/59, client loss: 2.090517997741699, loss 1: 1.9333869218826294, loss 2: 0.0015713098691776395
client running:22/59, client loss: 2.062330484390259, loss 1: 1.9320327043533325, loss 2: 0.0013029767433181405
client running:23/59, client loss: 2.0670084953308105, loss 1: 1.9314452409744263, loss 2: 0.0013556313933804631
client running:24/59, client loss: 1.9974967241287231, loss 1: 1.927010178565979, loss 2: 0.0007048654370009899
client running:25/59, client loss: 2.04252028465271, loss 1: 1.9392621517181396, loss 2: 0.0010325805051252246
client running:26/59, client loss: 2.024731397628784, loss 1: 1.9424904584884644, loss 2: 0.0008224087068811059
client running:27/59, client loss: 2.073843479156494, loss 1: 1.9353920221328735, loss 2: 0.001384515780955553
client running:28/59, client loss: 2.0462048053741455, loss 1: 1.939520001411438, loss 2: 0.0010668491013348103
client running:29/59, client loss: 2.005429983139038, loss 1: 1.9277081489562988, loss 2: 0.00077721884008497
client running:30/59, client loss: 2.050387382507324, loss 1: 1.9380396604537964, loss 2: 0.0011234770063310862
client running:31/59, client loss: 2.065431594848633, loss 1: 1.9172627925872803, loss 2: 0.0014816883485764265
client running:32/59, client loss: 2.1463308334350586, loss 1: 1.9363937377929688, loss 2: 0.002099371049553156
client running:33/59, client loss: 2.0170421600341797, loss 1: 1.924015760421753, loss 2: 0.0009302643593400717
client running:34/59, client loss: 2.0250256061553955, loss 1: 1.9175161123275757, loss 2: 0.0010750938672572374
client running:35/59, client loss: 2.0529110431671143, loss 1: 1.9193190336227417, loss 2: 0.0013359199510887265
client running:36/59, client loss: 2.0443167686462402, loss 1: 1.9469581842422485, loss 2: 0.0009735855273902416
client running:37/59, client loss: 2.028048276901245, loss 1: 1.9131063222885132, loss 2: 0.001149418530985713
client running:38/59, client loss: 2.133906841278076, loss 1: 1.9272092580795288, loss 2: 0.0020669770892709494
client running:39/59, client loss: 2.0573294162750244, loss 1: 1.8988590240478516, loss 2: 0.0015847039176151156
client running:40/59, client loss: 2.0428760051727295, loss 1: 1.9431689977645874, loss 2: 0.0009970697574317455
client running:41/59, client loss: 2.0096559524536133, loss 1: 1.912543773651123, loss 2: 0.0009711214224807918
client running:42/59, client loss: 2.0291404724121094, loss 1: 1.9268742799758911, loss 2: 0.0010226612212136388
client running:43/59, client loss: 2.022627830505371, loss 1: 1.92884361743927, loss 2: 0.0009378419490531087
client running:44/59, client loss: 2.0225307941436768, loss 1: 1.9200170040130615, loss 2: 0.0010251377243548632
client running:45/59, client loss: 2.0386335849761963, loss 1: 1.944962739944458, loss 2: 0.000936707598157227
client running:46/59, client loss: 2.0329818725585938, loss 1: 1.9364981651306152, loss 2: 0.0009648376144468784
client running:47/59, client loss: 2.0612521171569824, loss 1: 1.9438512325286865, loss 2: 0.0011740099871531129
client running:48/59, client loss: 2.017608880996704, loss 1: 1.9225003719329834, loss 2: 0.0009510844247415662
client running:49/59, client loss: 2.0641019344329834, loss 1: 1.9349011182785034, loss 2: 0.0012920082081109285
client running:50/59, client loss: 2.025627374649048, loss 1: 1.9363566637039185, loss 2: 0.000892706448212266
client running:51/59, client loss: 2.0200116634368896, loss 1: 1.926500916481018, loss 2: 0.0009351064218208194
client running:52/59, client loss: 2.051975965499878, loss 1: 1.9250456094741821, loss 2: 0.0012693024473264813
client running:53/59, client loss: 2.1019725799560547, loss 1: 1.9363212585449219, loss 2: 0.0016565131954848766
client running:54/59, client loss: 2.0563478469848633, loss 1: 1.9176886081695557, loss 2: 0.0013865935616195202
client running:55/59, client loss: 2.003598690032959, loss 1: 1.9225128889083862, loss 2: 0.0008108578622341156
client running:56/59, client loss: 2.054109573364258, loss 1: 1.9222726821899414, loss 2: 0.001318368362262845
client running:57/59, client loss: 2.016798734664917, loss 1: 1.923285722732544, loss 2: 0.0009351297048851848
client running:58/59, client loss: 2.018968105316162, loss 1: 1.9283498525619507, loss 2: 0.0009061818709596992
server loss: tensor([[0.9372, 0.7022, 0.7251, 0.6849, 0.6597, 0.6834, 0.6449, 0.7105],
        [0.7232, 0.8416, 0.7205, 0.6262, 0.6257, 0.6688, 0.6211, 0.6660],
        [0.7572, 0.6879, 0.9106, 0.6688, 0.6171, 0.6835, 0.6448, 0.6987],
        [0.7677, 0.6969, 0.7440, 0.8192, 0.6555, 0.7258, 0.6563, 0.7235],
        [0.7272, 0.6488, 0.7155, 0.6590, 0.9441, 0.7222, 0.6759, 0.7740],
        [0.6924, 0.6536, 0.6934, 0.7232, 0.6836, 0.9324, 0.7224, 0.7280],
        [0.7077, 0.6270, 0.6778, 0.6345, 0.6425, 0.7358, 0.9034, 0.7534],
        [0.6764, 0.6183, 0.6389, 0.6111, 0.6754, 0.6723, 0.7054, 0.7928]],
       device='cuda:0')
client running:0/59, client loss: 2.0550127029418945, loss 1: 1.9202218055725098, loss 2: 0.001347909914329648
client running:1/59, client loss: 2.0763697624206543, loss 1: 1.9461321830749512, loss 2: 0.0013023754581809044
client running:2/59, client loss: 2.052631378173828, loss 1: 1.9374024868011475, loss 2: 0.0011522878194227815
client running:3/59, client loss: 2.015155553817749, loss 1: 1.921444296836853, loss 2: 0.0009371123742312193
client running:4/59, client loss: 2.072139024734497, loss 1: 1.9330352544784546, loss 2: 0.001391036668792367
client running:5/59, client loss: 2.0623977184295654, loss 1: 1.9492061138153076, loss 2: 0.0011319161858409643
client running:6/59, client loss: 2.0634548664093018, loss 1: 1.928849458694458, loss 2: 0.0013460551854223013
client running:7/59, client loss: 2.1119139194488525, loss 1: 1.9328064918518066, loss 2: 0.0017910752212628722
client running:8/59, client loss: 2.1263177394866943, loss 1: 1.949292778968811, loss 2: 0.0017702504992485046
client running:9/59, client loss: 2.1134469509124756, loss 1: 1.9567567110061646, loss 2: 0.0015669013373553753
client running:10/59, client loss: 2.1079812049865723, loss 1: 1.9129172563552856, loss 2: 0.0019506387179717422
client running:11/59, client loss: 2.0620229244232178, loss 1: 1.9243674278259277, loss 2: 0.0013765556504949927
client running:12/59, client loss: 2.0613083839416504, loss 1: 1.944064736366272, loss 2: 0.0011724360520020127
client running:13/59, client loss: 2.040302276611328, loss 1: 1.9176244735717773, loss 2: 0.0012267789570614696
client running:14/59, client loss: 2.0758962631225586, loss 1: 1.9326728582382202, loss 2: 0.0014322332572191954
client running:15/59, client loss: 2.1089210510253906, loss 1: 1.9395842552185059, loss 2: 0.0016933688893914223
client running:16/59, client loss: 2.0873327255249023, loss 1: 1.939914345741272, loss 2: 0.0014741849154233932
client running:17/59, client loss: 2.0333869457244873, loss 1: 1.9370309114456177, loss 2: 0.0009635593742132187
client running:18/59, client loss: 2.0742006301879883, loss 1: 1.9427788257598877, loss 2: 0.001314218738116324
client running:19/59, client loss: 2.083728551864624, loss 1: 1.9167124032974243, loss 2: 0.0016701624263077974
client running:20/59, client loss: 2.125178098678589, loss 1: 1.935821533203125, loss 2: 0.0018935652915388346
client running:21/59, client loss: 2.0626449584960938, loss 1: 1.932436227798462, loss 2: 0.0013020875630900264
client running:22/59, client loss: 2.007784605026245, loss 1: 1.9239823818206787, loss 2: 0.0008380230283364654
client running:23/59, client loss: 2.0598223209381104, loss 1: 1.9403057098388672, loss 2: 0.001195165328681469
client running:24/59, client loss: 2.038954496383667, loss 1: 1.9322001934051514, loss 2: 0.0010675422381609678
client running:25/59, client loss: 2.124863862991333, loss 1: 1.940826416015625, loss 2: 0.0018403753638267517
client running:26/59, client loss: 2.0244202613830566, loss 1: 1.9262363910675049, loss 2: 0.0009818377438932657
client running:27/59, client loss: 2.040757894515991, loss 1: 1.931956171989441, loss 2: 0.001088016084395349
client running:28/59, client loss: 2.0707895755767822, loss 1: 1.9318593740463257, loss 2: 0.0013893026625737548
client running:29/59, client loss: 2.0879955291748047, loss 1: 1.949410319328308, loss 2: 0.0013858531601727009
client running:30/59, client loss: 2.0495638847351074, loss 1: 1.9385721683502197, loss 2: 0.0011099178809672594
client running:31/59, client loss: 2.0415406227111816, loss 1: 1.9151251316070557, loss 2: 0.0012641537468880415
client running:32/59, client loss: 2.012324094772339, loss 1: 1.9330580234527588, loss 2: 0.0007926606922410429
client running:33/59, client loss: 2.001528024673462, loss 1: 1.9231715202331543, loss 2: 0.000783564813900739
client running:34/59, client loss: 2.0492823123931885, loss 1: 1.9323025941848755, loss 2: 0.0011697981972247362
client running:35/59, client loss: 2.1228904724121094, loss 1: 1.9333707094192505, loss 2: 0.0018951967358589172
client running:36/59, client loss: 2.079878568649292, loss 1: 1.9352381229400635, loss 2: 0.001446403912268579
client running:37/59, client loss: 2.1096410751342773, loss 1: 1.9446265697479248, loss 2: 0.0016501453937962651
client running:38/59, client loss: 2.0762014389038086, loss 1: 1.933336615562439, loss 2: 0.001428647548891604
client running:39/59, client loss: 2.0314958095550537, loss 1: 1.9503954648971558, loss 2: 0.0008110043709166348
client running:40/59, client loss: 2.035792112350464, loss 1: 1.9409641027450562, loss 2: 0.0009482790483161807
client running:41/59, client loss: 2.0752816200256348, loss 1: 1.9158966541290283, loss 2: 0.001593850553035736
client running:42/59, client loss: 2.0987608432769775, loss 1: 1.9543378353118896, loss 2: 0.0014442310202866793
client running:43/59, client loss: 2.0544519424438477, loss 1: 1.9112516641616821, loss 2: 0.0014320017071440816
client running:44/59, client loss: 2.075772523880005, loss 1: 1.9312257766723633, loss 2: 0.0014454677002504468
client running:45/59, client loss: 2.053008794784546, loss 1: 1.9153246879577637, loss 2: 0.0013768419157713652
client running:46/59, client loss: 2.021728992462158, loss 1: 1.9289960861206055, loss 2: 0.0009273295290768147
client running:47/59, client loss: 2.017390489578247, loss 1: 1.9134773015975952, loss 2: 0.0010391325922682881
client running:48/59, client loss: 2.0539920330047607, loss 1: 1.9405310153961182, loss 2: 0.001134609803557396
client running:49/59, client loss: 2.006519317626953, loss 1: 1.9318348169326782, loss 2: 0.0007468449184671044
client running:50/59, client loss: 2.0529801845550537, loss 1: 1.9367200136184692, loss 2: 0.001162602799013257
client running:51/59, client loss: 2.024858236312866, loss 1: 1.934966802597046, loss 2: 0.0008989133057184517
client running:52/59, client loss: 2.044137954711914, loss 1: 1.9372754096984863, loss 2: 0.0010686255991458893
client running:53/59, client loss: 2.059321403503418, loss 1: 1.9303518533706665, loss 2: 0.0012896961998194456
client running:54/59, client loss: 2.06196665763855, loss 1: 1.950951099395752, loss 2: 0.0011101560667157173
client running:55/59, client loss: 2.0567784309387207, loss 1: 1.9693725109100342, loss 2: 0.000874060089699924
client running:56/59, client loss: 2.02803635597229, loss 1: 1.951553463935852, loss 2: 0.0007648279424756765
client running:57/59, client loss: 2.0136165618896484, loss 1: 1.926767110824585, loss 2: 0.0008684942731633782
client running:58/59, client loss: 1.9885674715042114, loss 1: 1.921440839767456, loss 2: 0.0006712664617225528
server loss: tensor([[0.9460, 0.7228, 0.7670, 0.7422, 0.7685, 0.6923, 0.6932, 0.6393],
        [0.7333, 0.8622, 0.7359, 0.7246, 0.7218, 0.6987, 0.6511, 0.6481],
        [0.7309, 0.6727, 0.8828, 0.6903, 0.7211, 0.6824, 0.6814, 0.6307],
        [0.7317, 0.6587, 0.7024, 0.9109, 0.6963, 0.6844, 0.6661, 0.6643],
        [0.7488, 0.6668, 0.7455, 0.7080, 0.9135, 0.6747, 0.7037, 0.6669],
        [0.7348, 0.6810, 0.7112, 0.7347, 0.7257, 0.9314, 0.7038, 0.6485],
        [0.7129, 0.6525, 0.7131, 0.6805, 0.7509, 0.6904, 0.9473, 0.6473],
        [0.6516, 0.6466, 0.6825, 0.6954, 0.7285, 0.5937, 0.6868, 0.8618]],
       device='cuda:0')
server average tensor
client running:0/59, client loss: 2.0604023933410645, loss 1: 1.9303215742111206, loss 2: 0.0013008082751184702
client running:1/59, client loss: 2.0462498664855957, loss 1: 1.9057576656341553, loss 2: 0.0014049224555492401
client running:2/59, client loss: 2.10807204246521, loss 1: 1.9428668022155762, loss 2: 0.001652053091675043
client running:3/59, client loss: 2.096569776535034, loss 1: 1.9121298789978027, loss 2: 0.0018443996086716652
client running:4/59, client loss: 2.0577194690704346, loss 1: 1.9279861450195312, loss 2: 0.0012973325792700052
client running:5/59, client loss: 2.0545730590820312, loss 1: 1.933457612991333, loss 2: 0.001211155322380364
client running:6/59, client loss: 2.035550832748413, loss 1: 1.9067370891571045, loss 2: 0.0012881370494142175
client running:7/59, client loss: 2.087736129760742, loss 1: 1.9227615594863892, loss 2: 0.0016497469041496515
client running:8/59, client loss: 2.091299295425415, loss 1: 1.9218050241470337, loss 2: 0.0016949435230344534
client running:9/59, client loss: 2.05481219291687, loss 1: 1.8931059837341309, loss 2: 0.001617062953300774
client running:10/59, client loss: 2.08308482170105, loss 1: 1.9294211864471436, loss 2: 0.0015366353327408433
client running:11/59, client loss: 2.059049606323242, loss 1: 1.9556384086608887, loss 2: 0.0010341131128370762
client running:12/59, client loss: 2.099497079849243, loss 1: 1.9487355947494507, loss 2: 0.0015076141571626067
client running:13/59, client loss: 2.0805087089538574, loss 1: 1.8967983722686768, loss 2: 0.0018371038604527712
client running:14/59, client loss: 2.0612127780914307, loss 1: 1.939462661743164, loss 2: 0.0012175014708191156
client running:15/59, client loss: 2.0869102478027344, loss 1: 1.9324442148208618, loss 2: 0.0015446614706888795
client running:16/59, client loss: 2.0544886589050293, loss 1: 1.9066309928894043, loss 2: 0.0014785774983465672
client running:17/59, client loss: 2.102703809738159, loss 1: 1.927608609199524, loss 2: 0.0017509530298411846
client running:18/59, client loss: 2.0545127391815186, loss 1: 1.9100522994995117, loss 2: 0.0014446050627157092
client running:19/59, client loss: 2.1018595695495605, loss 1: 1.9278830289840698, loss 2: 0.0017397664487361908
client running:20/59, client loss: 2.0580413341522217, loss 1: 1.9380316734313965, loss 2: 0.0012000955175608397
client running:21/59, client loss: 2.0751566886901855, loss 1: 1.9256664514541626, loss 2: 0.0014949031174182892
client running:22/59, client loss: 2.0910704135894775, loss 1: 1.9084185361862183, loss 2: 0.0018265187973156571
client running:23/59, client loss: 2.0515286922454834, loss 1: 1.934645175933838, loss 2: 0.001168835791759193
client running:24/59, client loss: 2.0478873252868652, loss 1: 1.9053070545196533, loss 2: 0.00142580340616405
client running:25/59, client loss: 2.1902151107788086, loss 1: 1.9408730268478394, loss 2: 0.002493421547114849
client running:26/59, client loss: 2.072158098220825, loss 1: 1.9283475875854492, loss 2: 0.001438104547560215
client running:27/59, client loss: 2.0839741230010986, loss 1: 1.916791319847107, loss 2: 0.0016718284459784627
client running:28/59, client loss: 2.0708887577056885, loss 1: 1.9234213829040527, loss 2: 0.0014746729284524918
client running:29/59, client loss: 2.079958438873291, loss 1: 1.9759832620620728, loss 2: 0.0010397512232884765
client running:30/59, client loss: 2.019604206085205, loss 1: 1.9248888492584229, loss 2: 0.0009471524390392005
client running:31/59, client loss: 2.04416561126709, loss 1: 1.9246633052825928, loss 2: 0.001195023418404162
client running:32/59, client loss: 2.053622007369995, loss 1: 1.9016520977020264, loss 2: 0.0015196987660601735
client running:33/59, client loss: 2.0257041454315186, loss 1: 1.9350148439407349, loss 2: 0.0009068932267837226
client running:34/59, client loss: 2.057755708694458, loss 1: 1.9072363376617432, loss 2: 0.0015051946975290775
client running:35/59, client loss: 2.0497827529907227, loss 1: 1.927795648574829, loss 2: 0.001219870988279581
client running:36/59, client loss: 2.0051424503326416, loss 1: 1.9184682369232178, loss 2: 0.0008667415240779519
client running:37/59, client loss: 2.0188238620758057, loss 1: 1.923317551612854, loss 2: 0.0009550638496875763
client running:38/59, client loss: 2.081484317779541, loss 1: 1.9063600301742554, loss 2: 0.0017512425547465682
client running:39/59, client loss: 2.0584237575531006, loss 1: 1.9363068342208862, loss 2: 0.0012211683206260204
client running:40/59, client loss: 2.020357370376587, loss 1: 1.9123919010162354, loss 2: 0.0010796557180583477
client running:41/59, client loss: 2.0525834560394287, loss 1: 1.9160656929016113, loss 2: 0.00136517733335495
client running:42/59, client loss: 2.0910351276397705, loss 1: 1.9257471561431885, loss 2: 0.0016528790583834052
client running:43/59, client loss: 2.0111234188079834, loss 1: 1.9360313415527344, loss 2: 0.0007509212591685355
client running:44/59, client loss: 2.0308382511138916, loss 1: 1.9029804468154907, loss 2: 0.0012785779545083642
client running:45/59, client loss: 2.0182533264160156, loss 1: 1.9097099304199219, loss 2: 0.001085434341803193
client running:46/59, client loss: 1.9694825410842896, loss 1: 1.9157228469848633, loss 2: 0.000537597166839987
client running:47/59, client loss: 1.9996514320373535, loss 1: 1.90998375415802, loss 2: 0.0008966769673861563
client running:48/59, client loss: 2.042238473892212, loss 1: 1.948168158531189, loss 2: 0.0009407020406797528
client running:49/59, client loss: 2.066477060317993, loss 1: 1.928547739982605, loss 2: 0.0013792933896183968
client running:50/59, client loss: 2.043959856033325, loss 1: 1.927720069885254, loss 2: 0.0011623986065387726
client running:51/59, client loss: 1.9952279329299927, loss 1: 1.9165830612182617, loss 2: 0.0007864486542530358
client running:52/59, client loss: 2.0179991722106934, loss 1: 1.921044111251831, loss 2: 0.0009695510962046683
client running:53/59, client loss: 2.042395830154419, loss 1: 1.9301170110702515, loss 2: 0.001122788991779089
client running:54/59, client loss: 2.042774200439453, loss 1: 1.923309326171875, loss 2: 0.0011946477461606264
client running:55/59, client loss: 2.0221235752105713, loss 1: 1.903537392616272, loss 2: 0.001185860950499773
client running:56/59, client loss: 2.014927864074707, loss 1: 1.923539638519287, loss 2: 0.0009138830937445164
client running:57/59, client loss: 2.0480377674102783, loss 1: 1.909739375114441, loss 2: 0.001382983522489667
client running:58/59, client loss: 2.015387535095215, loss 1: 1.9089113473892212, loss 2: 0.001064761308953166
server loss: tensor([[0.9645, 0.7042, 0.6945, 0.6528, 0.7075, 0.7320, 0.6669, 0.7533],
        [0.7555, 0.8423, 0.7162, 0.6545, 0.7111, 0.6302, 0.6120, 0.7454],
        [0.6905, 0.7087, 0.8861, 0.6866, 0.6596, 0.6370, 0.6449, 0.6796],
        [0.6800, 0.6834, 0.6911, 0.9551, 0.6415, 0.6255, 0.6738, 0.6925],
        [0.7239, 0.6718, 0.6725, 0.6315, 0.9497, 0.6733, 0.6459, 0.7390],
        [0.7412, 0.6377, 0.6831, 0.6439, 0.6815, 0.8725, 0.5766, 0.6820],
        [0.6870, 0.6584, 0.6901, 0.7102, 0.6608, 0.5846, 0.9079, 0.7053],
        [0.7426, 0.6805, 0.6670, 0.6522, 0.6994, 0.6368, 0.6427, 0.9431]],
       device='cuda:0')
client running:0/59, client loss: 2.1253485679626465, loss 1: 1.9292316436767578, loss 2: 0.001961170230060816
client running:1/59, client loss: 2.0596272945404053, loss 1: 1.931573748588562, loss 2: 0.0012805352453142405
client running:2/59, client loss: 2.0906453132629395, loss 1: 1.932399034500122, loss 2: 0.0015824633883312345
client running:3/59, client loss: 2.0453836917877197, loss 1: 1.919192910194397, loss 2: 0.0012619084445759654
client running:4/59, client loss: 2.1308062076568604, loss 1: 1.941268801689148, loss 2: 0.0018953748513013124
client running:5/59, client loss: 2.1107754707336426, loss 1: 1.928439974784851, loss 2: 0.0018233554437756538
client running:6/59, client loss: 2.1067750453948975, loss 1: 1.915764570236206, loss 2: 0.0019101055804640055
client running:7/59, client loss: 2.0547642707824707, loss 1: 1.9126838445663452, loss 2: 0.0014208047650754452
client running:8/59, client loss: 2.1677591800689697, loss 1: 1.9229185581207275, loss 2: 0.0024484070017933846
client running:9/59, client loss: 2.0425639152526855, loss 1: 1.9346487522125244, loss 2: 0.0010791525710374117
client running:10/59, client loss: 2.078577995300293, loss 1: 1.929134726524353, loss 2: 0.001494432333856821
client running:11/59, client loss: 2.0802066326141357, loss 1: 1.9332727193832397, loss 2: 0.0014693388948217034
client running:12/59, client loss: 2.0487794876098633, loss 1: 1.9359067678451538, loss 2: 0.0011287262896075845
client running:13/59, client loss: 2.0637283325195312, loss 1: 1.9328100681304932, loss 2: 0.0013091836590319872
client running:14/59, client loss: 2.0228488445281982, loss 1: 1.9220529794692993, loss 2: 0.001007959246635437
client running:15/59, client loss: 2.0459625720977783, loss 1: 1.9395586252212524, loss 2: 0.0010640397667884827
client running:16/59, client loss: 2.0375287532806396, loss 1: 1.9098213911056519, loss 2: 0.0012770736357197165
client running:17/59, client loss: 2.074727773666382, loss 1: 1.9141539335250854, loss 2: 0.0016057394677773118
client running:18/59, client loss: 2.0427796840667725, loss 1: 1.9166051149368286, loss 2: 0.001261744648218155
client running:19/59, client loss: 2.057835102081299, loss 1: 1.938441514968872, loss 2: 0.0011939355172216892
client running:20/59, client loss: 2.0511467456817627, loss 1: 1.9277955293655396, loss 2: 0.0012335111387073994
client running:21/59, client loss: 2.026662588119507, loss 1: 1.9180381298065186, loss 2: 0.0010862438939511776
client running:22/59, client loss: 2.0220367908477783, loss 1: 1.9109903573989868, loss 2: 0.0011104651493951678
client running:23/59, client loss: 2.044097661972046, loss 1: 1.9458783864974976, loss 2: 0.0009821923449635506
client running:24/59, client loss: 2.1055896282196045, loss 1: 1.9272449016571045, loss 2: 0.0017834481550380588
client running:25/59, client loss: 2.089616298675537, loss 1: 1.9342055320739746, loss 2: 0.001554108690470457
client running:26/59, client loss: 2.027604341506958, loss 1: 1.93583345413208, loss 2: 0.0009177095489576459
client running:27/59, client loss: 2.028533935546875, loss 1: 1.9437742233276367, loss 2: 0.000847596675157547
client running:28/59, client loss: 2.060283660888672, loss 1: 1.954776644706726, loss 2: 0.0010550711303949356
client running:29/59, client loss: 2.0323164463043213, loss 1: 1.9119436740875244, loss 2: 0.0012037288397550583
client running:30/59, client loss: 2.050367832183838, loss 1: 1.9483087062835693, loss 2: 0.0010205907747149467
client running:31/59, client loss: 2.0483081340789795, loss 1: 1.935680627822876, loss 2: 0.0011262757470831275
client running:32/59, client loss: 2.0768659114837646, loss 1: 1.9115054607391357, loss 2: 0.0016536039765924215
client running:33/59, client loss: 2.0277011394500732, loss 1: 1.936765193939209, loss 2: 0.0009093594853766263
client running:34/59, client loss: 2.0580828189849854, loss 1: 1.9395700693130493, loss 2: 0.0011851273011416197
client running:35/59, client loss: 2.0667049884796143, loss 1: 1.9190833568572998, loss 2: 0.0014762154314666986
client running:36/59, client loss: 2.0040383338928223, loss 1: 1.9331510066986084, loss 2: 0.0007088738493621349
client running:37/59, client loss: 2.052964448928833, loss 1: 1.9469459056854248, loss 2: 0.0010601864196360111
client running:38/59, client loss: 2.122708320617676, loss 1: 1.954808235168457, loss 2: 0.0016790013760328293
client running:39/59, client loss: 2.0323987007141113, loss 1: 1.9221259355545044, loss 2: 0.0011027287691831589
client running:40/59, client loss: 2.060786485671997, loss 1: 1.949986457824707, loss 2: 0.0011079993564635515
client running:41/59, client loss: 2.014096736907959, loss 1: 1.9288015365600586, loss 2: 0.0008529527112841606
client running:42/59, client loss: 2.0360360145568848, loss 1: 1.9226380586624146, loss 2: 0.0011339806951582432
client running:43/59, client loss: 2.049152374267578, loss 1: 1.9011763334274292, loss 2: 0.0014797607436776161
client running:44/59, client loss: 2.050097942352295, loss 1: 1.9004380702972412, loss 2: 0.0014965977752581239
client running:45/59, client loss: 2.050677537918091, loss 1: 1.9174726009368896, loss 2: 0.0013320492580533028
client running:46/59, client loss: 2.0433473587036133, loss 1: 1.9061872959136963, loss 2: 0.001371600665152073
client running:47/59, client loss: 2.051851749420166, loss 1: 1.9408541917800903, loss 2: 0.001109975390136242
client running:48/59, client loss: 2.017524480819702, loss 1: 1.945320725440979, loss 2: 0.0007220382685773075
client running:49/59, client loss: 2.026263475418091, loss 1: 1.9071598052978516, loss 2: 0.0011910377070307732
client running:50/59, client loss: 2.0020875930786133, loss 1: 1.9128077030181885, loss 2: 0.0008927996386773884
client running:51/59, client loss: 2.0548481941223145, loss 1: 1.935185194015503, loss 2: 0.0011966305319219828
client running:52/59, client loss: 1.9831546545028687, loss 1: 1.9275150299072266, loss 2: 0.0005563958548009396
client running:53/59, client loss: 2.009267807006836, loss 1: 1.930462121963501, loss 2: 0.0007880566990934312
client running:54/59, client loss: 2.0093741416931152, loss 1: 1.9129959344863892, loss 2: 0.000963781145401299
client running:55/59, client loss: 2.0381174087524414, loss 1: 1.8909608125686646, loss 2: 0.0014715655706822872
client running:56/59, client loss: 2.0377848148345947, loss 1: 1.9355552196502686, loss 2: 0.0010222960263490677
client running:57/59, client loss: 2.014801502227783, loss 1: 1.9241915941238403, loss 2: 0.0009060990996658802
client running:58/59, client loss: 2.0222909450531006, loss 1: 1.9303126335144043, loss 2: 0.00091978395357728
server loss: tensor([[0.9196, 0.6601, 0.6673, 0.7214, 0.6936, 0.6970, 0.6303, 0.6722],
        [0.6799, 0.8810, 0.6520, 0.6793, 0.7725, 0.7253, 0.6922, 0.6786],
        [0.6606, 0.6521, 0.8373, 0.6436, 0.6538, 0.6594, 0.6367, 0.5955],
        [0.7063, 0.6787, 0.6763, 0.9319, 0.6947, 0.6957, 0.6876, 0.6819],
        [0.6505, 0.7079, 0.6320, 0.6628, 0.9757, 0.7438, 0.6568, 0.6893],
        [0.6774, 0.7139, 0.6856, 0.6648, 0.7063, 0.7874, 0.6715, 0.7151],
        [0.6648, 0.7019, 0.6760, 0.7070, 0.7469, 0.7505, 0.8355, 0.7346],
        [0.6695, 0.6600, 0.5811, 0.6385, 0.7020, 0.7449, 0.6524, 0.9084]],
       device='cuda:0')
client running:0/59, client loss: 2.0463316440582275, loss 1: 1.9205905199050903, loss 2: 0.001257411204278469
client running:1/59, client loss: 2.0782248973846436, loss 1: 1.9374897480010986, loss 2: 0.0014073519269004464
client running:2/59, client loss: 2.14058518409729, loss 1: 1.9218080043792725, loss 2: 0.0021877724211663008
client running:3/59, client loss: 2.051886558532715, loss 1: 1.9170418977737427, loss 2: 0.001348446705378592
client running:4/59, client loss: 2.1032748222351074, loss 1: 1.9078776836395264, loss 2: 0.0019539715722203255
client running:5/59, client loss: 2.1035211086273193, loss 1: 1.921440601348877, loss 2: 0.0018208043184131384
client running:6/59, client loss: 2.097018003463745, loss 1: 1.9092364311218262, loss 2: 0.0018778153462335467
client running:7/59, client loss: 2.108851432800293, loss 1: 1.9226807355880737, loss 2: 0.0018617077730596066
client running:8/59, client loss: 2.0961263179779053, loss 1: 1.9362695217132568, loss 2: 0.0015985684003680944
client running:9/59, client loss: 2.098924398422241, loss 1: 1.922192096710205, loss 2: 0.00176732218824327
client running:10/59, client loss: 2.09810733795166, loss 1: 1.9494596719741821, loss 2: 0.0014864779077470303
client running:11/59, client loss: 2.1320114135742188, loss 1: 1.9142870903015137, loss 2: 0.002177243586629629
client running:12/59, client loss: 2.08133602142334, loss 1: 1.9286819696426392, loss 2: 0.0015265404945239425
client running:13/59, client loss: 2.1024084091186523, loss 1: 1.933893084526062, loss 2: 0.00168515311088413
client running:14/59, client loss: 2.070734739303589, loss 1: 1.9336879253387451, loss 2: 0.0013704679440706968
client running:15/59, client loss: 2.0888831615448, loss 1: 1.947906494140625, loss 2: 0.0014097669627517462
client running:16/59, client loss: 2.0753211975097656, loss 1: 1.943276286125183, loss 2: 0.0013204491697251797
client running:17/59, client loss: 2.082192897796631, loss 1: 1.9215922355651855, loss 2: 0.001606006408110261
client running:18/59, client loss: 2.1042141914367676, loss 1: 1.9341051578521729, loss 2: 0.001701089320704341
client running:19/59, client loss: 2.041464328765869, loss 1: 1.9256365299224854, loss 2: 0.0011582773877307773
client running:20/59, client loss: 2.017331600189209, loss 1: 1.9193922281265259, loss 2: 0.0009793930221349
client running:21/59, client loss: 2.0347037315368652, loss 1: 1.9143582582473755, loss 2: 0.001203454565256834
client running:22/59, client loss: 2.045865774154663, loss 1: 1.9390242099761963, loss 2: 0.0010684161679819226
client running:23/59, client loss: 2.046508312225342, loss 1: 1.915141224861145, loss 2: 0.0013136703055351973
client running:24/59, client loss: 2.0365774631500244, loss 1: 1.9080212116241455, loss 2: 0.0012855622917413712
client running:25/59, client loss: 2.0923731327056885, loss 1: 1.9536092281341553, loss 2: 0.0013876380398869514
client running:26/59, client loss: 2.060429573059082, loss 1: 1.932327389717102, loss 2: 0.0012810217449441552
client running:27/59, client loss: 2.069352865219116, loss 1: 1.9225457906723022, loss 2: 0.001468069851398468
client running:28/59, client loss: 2.0291402339935303, loss 1: 1.9133338928222656, loss 2: 0.001158064347691834
client running:29/59, client loss: 2.058415651321411, loss 1: 1.9439243078231812, loss 2: 0.001144912326708436
client running:30/59, client loss: 2.0740127563476562, loss 1: 1.920924186706543, loss 2: 0.0015308847650885582
client running:31/59, client loss: 1.9988625049591064, loss 1: 1.9290398359298706, loss 2: 0.0006982262711971998
client running:32/59, client loss: 2.052279472351074, loss 1: 1.9361084699630737, loss 2: 0.0011617090785875916
client running:33/59, client loss: 2.0934832096099854, loss 1: 1.9287009239196777, loss 2: 0.0016478218603879213
client running:34/59, client loss: 2.0579450130462646, loss 1: 1.9295636415481567, loss 2: 0.001283814199268818
client running:35/59, client loss: 2.0269887447357178, loss 1: 1.9469636678695679, loss 2: 0.0008002505055628717
client running:36/59, client loss: 2.0557093620300293, loss 1: 1.9302785396575928, loss 2: 0.001254307571798563
client running:37/59, client loss: 2.0411205291748047, loss 1: 1.9057832956314087, loss 2: 0.0013533716555684805
client running:38/59, client loss: 2.016634702682495, loss 1: 1.9338752031326294, loss 2: 0.0008275941945612431
client running:39/59, client loss: 2.069810152053833, loss 1: 1.9259568452835083, loss 2: 0.0014385327231138945
client running:40/59, client loss: 1.9951573610305786, loss 1: 1.942492127418518, loss 2: 0.0005266526713967323
client running:41/59, client loss: 2.027019500732422, loss 1: 1.9092950820922852, loss 2: 0.0011772436555474997
client running:42/59, client loss: 2.036965847015381, loss 1: 1.9039398431777954, loss 2: 0.0013302590232342482
client running:43/59, client loss: 2.03959059715271, loss 1: 1.9397196769714355, loss 2: 0.0009987085359171033
client running:44/59, client loss: 2.0649948120117188, loss 1: 1.9398128986358643, loss 2: 0.0012518197763711214
client running:45/59, client loss: 2.069861650466919, loss 1: 1.904402256011963, loss 2: 0.0016545942053198814
client running:46/59, client loss: 2.044043779373169, loss 1: 1.9354352951049805, loss 2: 0.001086084172129631
client running:47/59, client loss: 2.041383981704712, loss 1: 1.9584858417510986, loss 2: 0.0008289820398204029
client running:48/59, client loss: 2.0433664321899414, loss 1: 1.9387614727020264, loss 2: 0.0010460484772920609
client running:49/59, client loss: 2.026477575302124, loss 1: 1.9408395290374756, loss 2: 0.0008563799783587456
client running:50/59, client loss: 2.0535879135131836, loss 1: 1.9396560192108154, loss 2: 0.0011393195018172264
client running:51/59, client loss: 2.0249900817871094, loss 1: 1.9284379482269287, loss 2: 0.0009655224857851863
client running:52/59, client loss: 2.051558256149292, loss 1: 1.9242565631866455, loss 2: 0.001273015863262117
client running:53/59, client loss: 2.0393426418304443, loss 1: 1.9202802181243896, loss 2: 0.0011906236177310348
client running:54/59, client loss: 2.0592141151428223, loss 1: 1.9204776287078857, loss 2: 0.0013873656280338764
client running:55/59, client loss: 2.007347345352173, loss 1: 1.9141745567321777, loss 2: 0.0009317283984273672
client running:56/59, client loss: 2.046220064163208, loss 1: 1.9324944019317627, loss 2: 0.001137256040237844
client running:57/59, client loss: 2.039041519165039, loss 1: 1.9253021478652954, loss 2: 0.0011373946908861399
client running:58/59, client loss: 2.0257012844085693, loss 1: 1.9224377870559692, loss 2: 0.0010326341725885868
server loss: tensor([[0.9005, 0.6354, 0.6565, 0.7057, 0.6415, 0.6512, 0.6505, 0.6416],
        [0.6545, 0.8686, 0.6655, 0.7353, 0.7396, 0.7227, 0.7402, 0.7220],
        [0.6551, 0.6881, 0.7702, 0.7396, 0.7273, 0.7069, 0.7213, 0.6778],
        [0.6276, 0.6674, 0.6869, 0.8997, 0.6568, 0.7146, 0.7286, 0.7068],
        [0.6126, 0.6710, 0.6441, 0.6786, 0.9262, 0.7473, 0.7662, 0.6652],
        [0.5941, 0.6571, 0.6201, 0.7099, 0.7133, 0.9613, 0.6812, 0.6281],
        [0.5996, 0.6575, 0.6437, 0.7462, 0.7043, 0.6900, 0.9352, 0.6906],
        [0.6300, 0.6706, 0.6812, 0.7736, 0.6921, 0.6884, 0.7483, 0.9142]],
       device='cuda:0')
client running:0/59, client loss: 2.1436281204223633, loss 1: 1.9250541925430298, loss 2: 0.0021857391111552715
client running:1/59, client loss: 2.0989060401916504, loss 1: 1.9490044116973877, loss 2: 0.0014990151394158602
client running:2/59, client loss: 2.056307315826416, loss 1: 1.9342057704925537, loss 2: 0.0012210154673084617
client running:3/59, client loss: 2.0403947830200195, loss 1: 1.921715497970581, loss 2: 0.0011867935536429286
client running:4/59, client loss: 2.130420207977295, loss 1: 1.9376472234725952, loss 2: 0.001927730510942638
client running:5/59, client loss: 2.1074893474578857, loss 1: 1.9155187606811523, loss 2: 0.0019197050714865327
client running:6/59, client loss: 2.0362398624420166, loss 1: 1.9185857772827148, loss 2: 0.0011765407398343086
client running:7/59, client loss: 2.1081554889678955, loss 1: 1.948676347732544, loss 2: 0.0015947910724207759
client running:8/59, client loss: 2.0550894737243652, loss 1: 1.9152060747146606, loss 2: 0.0013988332357257605
client running:9/59, client loss: 2.055415630340576, loss 1: 1.928043246269226, loss 2: 0.0012737233191728592
client running:10/59, client loss: 2.1048953533172607, loss 1: 1.9451029300689697, loss 2: 0.0015979239251464605
client running:11/59, client loss: 2.0591962337493896, loss 1: 1.9012362957000732, loss 2: 0.0015795989893376827
client running:12/59, client loss: 2.1538398265838623, loss 1: 1.9505497217178345, loss 2: 0.0020329009275883436
client running:13/59, client loss: 2.0941500663757324, loss 1: 1.9272276163101196, loss 2: 0.0016692249337211251
client running:14/59, client loss: 2.018167018890381, loss 1: 1.927626132965088, loss 2: 0.0009054082329384983
client running:15/59, client loss: 2.0754029750823975, loss 1: 1.8955879211425781, loss 2: 0.0017981494311243296
client running:16/59, client loss: 2.0739407539367676, loss 1: 1.9260863065719604, loss 2: 0.0014785438543185592
client running:17/59, client loss: 2.087139368057251, loss 1: 1.9357976913452148, loss 2: 0.0015134166460484266
client running:18/59, client loss: 2.091463327407837, loss 1: 1.9370110034942627, loss 2: 0.0015445235185325146
client running:19/59, client loss: 2.0770792961120605, loss 1: 1.9380934238433838, loss 2: 0.0013898578472435474
client running:20/59, client loss: 2.0226247310638428, loss 1: 1.9068396091461182, loss 2: 0.0011578502599149942
client running:21/59, client loss: 1.9984239339828491, loss 1: 1.9136104583740234, loss 2: 0.0008481348631903529
client running:22/59, client loss: 2.103180170059204, loss 1: 1.915676236152649, loss 2: 0.0018750396557152271
client running:23/59, client loss: 2.013516426086426, loss 1: 1.909807562828064, loss 2: 0.0010370882228016853
client running:24/59, client loss: 2.0374529361724854, loss 1: 1.9188578128814697, loss 2: 0.001185951754450798
client running:25/59, client loss: 2.027458429336548, loss 1: 1.9428728818893433, loss 2: 0.0008458554511889815
client running:26/59, client loss: 2.050184726715088, loss 1: 1.9377198219299316, loss 2: 0.0011246491922065616
client running:27/59, client loss: 2.041185140609741, loss 1: 1.9229170083999634, loss 2: 0.0011826804839074612
client running:28/59, client loss: 2.040224075317383, loss 1: 1.915062427520752, loss 2: 0.0012516154674813151
client running:29/59, client loss: 2.0060930252075195, loss 1: 1.90632164478302, loss 2: 0.0009977135341614485
client running:30/59, client loss: 2.0799202919006348, loss 1: 1.9373465776443481, loss 2: 0.0014257376315072179
client running:31/59, client loss: 2.0740983486175537, loss 1: 1.9292421340942383, loss 2: 0.0014485621359199286
client running:32/59, client loss: 2.058908462524414, loss 1: 1.9370900392532349, loss 2: 0.0012181849451735616
client running:33/59, client loss: 2.0500805377960205, loss 1: 1.9385310411453247, loss 2: 0.0011154949897900224
client running:34/59, client loss: 2.053192615509033, loss 1: 1.9385967254638672, loss 2: 0.0011459578527137637
client running:35/59, client loss: 2.0489916801452637, loss 1: 1.9178296327590942, loss 2: 0.001311620930209756
client running:36/59, client loss: 2.081813097000122, loss 1: 1.9423259496688843, loss 2: 0.0013948704581707716
client running:37/59, client loss: 2.1024837493896484, loss 1: 1.9294434785842896, loss 2: 0.0017304024659097195
client running:38/59, client loss: 2.050684928894043, loss 1: 1.9196276664733887, loss 2: 0.0013105724938213825
client running:39/59, client loss: 2.057849168777466, loss 1: 1.9470329284667969, loss 2: 0.0011081623379141092
client running:40/59, client loss: 1.990941047668457, loss 1: 1.9151548147201538, loss 2: 0.0007578624645248055
client running:41/59, client loss: 2.055565118789673, loss 1: 1.9261162281036377, loss 2: 0.0012944892514497042
client running:42/59, client loss: 2.0449185371398926, loss 1: 1.953372836112976, loss 2: 0.0009154580184258521
client running:43/59, client loss: 2.008439779281616, loss 1: 1.9435429573059082, loss 2: 0.0006489676889032125
client running:44/59, client loss: 2.0850446224212646, loss 1: 1.9347137212753296, loss 2: 0.0015033085364848375
client running:45/59, client loss: 2.0116939544677734, loss 1: 1.9182884693145752, loss 2: 0.0009340558899566531
client running:46/59, client loss: 2.0551066398620605, loss 1: 1.9321129322052002, loss 2: 0.0012299378868192434
client running:47/59, client loss: 2.052420139312744, loss 1: 1.9186004400253296, loss 2: 0.0013381976168602705
client running:48/59, client loss: 2.017913579940796, loss 1: 1.9341650009155273, loss 2: 0.0008374863537028432
client running:49/59, client loss: 2.0633344650268555, loss 1: 1.942986249923706, loss 2: 0.0012034830870106816
client running:50/59, client loss: 2.041668653488159, loss 1: 1.926259160041809, loss 2: 0.0011540957493707538
client running:51/59, client loss: 2.0135107040405273, loss 1: 1.9046562910079956, loss 2: 0.0010885449592024088
client running:52/59, client loss: 2.044485569000244, loss 1: 1.9380033016204834, loss 2: 0.0010648230090737343
client running:53/59, client loss: 2.040107250213623, loss 1: 1.9197584390640259, loss 2: 0.0012034892570227385
client running:54/59, client loss: 2.0423688888549805, loss 1: 1.915649652481079, loss 2: 0.001267191139049828
client running:55/59, client loss: 2.0363121032714844, loss 1: 1.9311798810958862, loss 2: 0.0010513232555240393
client running:56/59, client loss: 2.0041391849517822, loss 1: 1.9285181760787964, loss 2: 0.0007562099490314722
client running:57/59, client loss: 2.0906851291656494, loss 1: 1.9174792766571045, loss 2: 0.0017320594051852822
client running:58/59, client loss: 2.026934862136841, loss 1: 1.911232829093933, loss 2: 0.0011570213828235865
server loss: tensor([[0.9574, 0.6639, 0.7684, 0.6355, 0.6818, 0.7431, 0.7309, 0.6212],
        [0.7233, 0.9542, 0.7121, 0.6240, 0.6192, 0.7149, 0.7630, 0.6520],
        [0.7524, 0.6757, 0.8590, 0.6465, 0.6807, 0.7338, 0.6665, 0.6192],
        [0.6503, 0.6537, 0.7138, 0.8639, 0.6335, 0.6856, 0.6417, 0.6428],
        [0.6989, 0.5930, 0.7063, 0.6090, 0.8910, 0.6780, 0.6830, 0.5792],
        [0.7614, 0.6951, 0.7517, 0.6259, 0.6593, 0.9336, 0.7865, 0.6228],
        [0.7584, 0.7289, 0.7128, 0.6406, 0.6696, 0.7673, 0.9571, 0.6439],
        [0.6630, 0.6717, 0.6771, 0.6630, 0.6091, 0.6721, 0.6716, 0.8841]],
       device='cuda:0')
client running:0/59, client loss: 2.144742012023926, loss 1: 1.9267839193344116, loss 2: 0.0021795814391225576
client running:1/59, client loss: 2.0844650268554688, loss 1: 1.9419407844543457, loss 2: 0.0014252429828047752
client running:2/59, client loss: 2.042248249053955, loss 1: 1.921987771987915, loss 2: 0.0012026048498228192
client running:3/59, client loss: 2.055345296859741, loss 1: 1.9346458911895752, loss 2: 0.0012069931253790855
client running:4/59, client loss: 2.1057960987091064, loss 1: 1.9207817316055298, loss 2: 0.0018501445883885026
client running:5/59, client loss: 2.0870676040649414, loss 1: 1.934112548828125, loss 2: 0.0015295505290850997
client running:6/59, client loss: 2.0318245887756348, loss 1: 1.9459691047668457, loss 2: 0.0008585545583628118
client running:7/59, client loss: 2.0579254627227783, loss 1: 1.9383127689361572, loss 2: 0.0011961259879171848
client running:8/59, client loss: 2.0787649154663086, loss 1: 1.9375708103179932, loss 2: 0.0014119402039796114
client running:9/59, client loss: 2.0624260902404785, loss 1: 1.9172407388687134, loss 2: 0.0014518522657454014
client running:10/59, client loss: 2.0361409187316895, loss 1: 1.9218813180923462, loss 2: 0.0011425965931266546
client running:11/59, client loss: 2.071625232696533, loss 1: 1.9423985481262207, loss 2: 0.0012922657188028097
client running:12/59, client loss: 2.074512004852295, loss 1: 1.9383480548858643, loss 2: 0.0013616383075714111
client running:13/59, client loss: 2.0883476734161377, loss 1: 1.932524561882019, loss 2: 0.0015582318883389235
client running:14/59, client loss: 2.1191747188568115, loss 1: 1.9378081560134888, loss 2: 0.001813665614463389
client running:15/59, client loss: 2.068652868270874, loss 1: 1.9264605045318604, loss 2: 0.001421924214810133
client running:16/59, client loss: 2.0914134979248047, loss 1: 1.9230132102966309, loss 2: 0.0016840032767504454
client running:17/59, client loss: 2.1010589599609375, loss 1: 1.952911138534546, loss 2: 0.001481477404013276
client running:18/59, client loss: 2.1037731170654297, loss 1: 1.946237325668335, loss 2: 0.0015753586776554585
client running:19/59, client loss: 2.0036816596984863, loss 1: 1.934462547302246, loss 2: 0.0006921913009136915
client running:20/59, client loss: 2.05069637298584, loss 1: 1.9579496383666992, loss 2: 0.0009274674812331796
client running:21/59, client loss: 2.055251121520996, loss 1: 1.9264793395996094, loss 2: 0.0012877186527475715
client running:22/59, client loss: 2.058444023132324, loss 1: 1.9324334859848022, loss 2: 0.0012601062189787626
client running:23/59, client loss: 2.0553646087646484, loss 1: 1.9111500978469849, loss 2: 0.0014421440428122878
client running:24/59, client loss: 2.063720464706421, loss 1: 1.9331765174865723, loss 2: 0.0013054399751126766
client running:25/59, client loss: 2.052321195602417, loss 1: 1.920632243156433, loss 2: 0.001316889887675643
client running:26/59, client loss: 2.0902154445648193, loss 1: 1.9299206733703613, loss 2: 0.0016029470134526491
client running:27/59, client loss: 2.040367603302002, loss 1: 1.9303275346755981, loss 2: 0.001100400579161942
client running:28/59, client loss: 2.016862392425537, loss 1: 1.9271175861358643, loss 2: 0.0008974486263468862
client running:29/59, client loss: 2.0751028060913086, loss 1: 1.9273649454116821, loss 2: 0.001477378304116428
client running:30/59, client loss: 2.0420734882354736, loss 1: 1.9378020763397217, loss 2: 0.0010427138768136501
client running:31/59, client loss: 2.133819580078125, loss 1: 1.9297254085540771, loss 2: 0.0020409426651895046
client running:32/59, client loss: 2.012545585632324, loss 1: 1.927164077758789, loss 2: 0.0008538156980648637
client running:33/59, client loss: 2.034147262573242, loss 1: 1.9149409532546997, loss 2: 0.001192062278278172
client running:34/59, client loss: 2.040454149246216, loss 1: 1.9174052476882935, loss 2: 0.0012304899282753468
client running:35/59, client loss: 1.9995296001434326, loss 1: 1.9306970834732056, loss 2: 0.0006883249152451754
client running:36/59, client loss: 2.073451042175293, loss 1: 1.9321573972702026, loss 2: 0.001412935322150588
client running:37/59, client loss: 2.0618884563446045, loss 1: 1.9233367443084717, loss 2: 0.0013855169527232647
client running:38/59, client loss: 2.0512747764587402, loss 1: 1.938450574874878, loss 2: 0.0011282430496066809
client running:39/59, client loss: 2.0181143283843994, loss 1: 1.9222218990325928, loss 2: 0.0009589254041202366
client running:40/59, client loss: 2.059326410293579, loss 1: 1.945311427116394, loss 2: 0.0011401507072150707
client running:41/59, client loss: 2.0712451934814453, loss 1: 1.9208383560180664, loss 2: 0.0015040679136291146
client running:42/59, client loss: 2.066392421722412, loss 1: 1.912031888961792, loss 2: 0.0015436045359820127
client running:43/59, client loss: 2.0585758686065674, loss 1: 1.9454572200775146, loss 2: 0.0011311874259263277
client running:44/59, client loss: 2.0039684772491455, loss 1: 1.9260057210922241, loss 2: 0.0007796268910169601
client running:45/59, client loss: 2.0465776920318604, loss 1: 1.9321074485778809, loss 2: 0.0011447027791291475
client running:46/59, client loss: 2.0756924152374268, loss 1: 1.9368282556533813, loss 2: 0.001388642704114318
client running:47/59, client loss: 2.104367733001709, loss 1: 1.9512879848480225, loss 2: 0.0015307982685044408
client running:48/59, client loss: 1.9946980476379395, loss 1: 1.9151015281677246, loss 2: 0.0007959650829434395
client running:49/59, client loss: 2.100411891937256, loss 1: 1.929442048072815, loss 2: 0.0017096980009227991
client running:50/59, client loss: 2.022456407546997, loss 1: 1.924626350402832, loss 2: 0.0009783008135855198
client running:51/59, client loss: 2.0580484867095947, loss 1: 1.9419714212417603, loss 2: 0.0011607699561864138
client running:52/59, client loss: 2.0230283737182617, loss 1: 1.914671540260315, loss 2: 0.0010835686698555946
client running:53/59, client loss: 2.0778136253356934, loss 1: 1.9717434644699097, loss 2: 0.0010607026051729918
client running:54/59, client loss: 2.014333486557007, loss 1: 1.932059407234192, loss 2: 0.0008227399084717035
client running:55/59, client loss: 2.0490949153900146, loss 1: 1.9219651222229004, loss 2: 0.0012712974566966295
client running:56/59, client loss: 2.0375494956970215, loss 1: 1.9254422187805176, loss 2: 0.00112107302993536
client running:57/59, client loss: 1.9949896335601807, loss 1: 1.9362339973449707, loss 2: 0.000587556860409677
client running:58/59, client loss: 2.0407485961914062, loss 1: 1.9310178756713867, loss 2: 0.0010973080061376095
server loss: tensor([[0.6837, 0.6835, 0.6886, 0.6101, 0.6813, 0.7056, 0.6657, 0.6669],
        [0.6152, 0.9312, 0.7179, 0.6793, 0.6653, 0.7450, 0.6125, 0.6614],
        [0.6060, 0.7353, 0.9595, 0.6698, 0.6580, 0.7241, 0.5896, 0.6837],
        [0.6138, 0.7781, 0.6894, 0.8343, 0.6433, 0.7120, 0.6213, 0.6581],
        [0.6524, 0.6886, 0.6838, 0.6315, 0.9472, 0.7325, 0.6223, 0.6709],
        [0.6697, 0.7167, 0.6688, 0.6334, 0.6813, 0.9444, 0.5794, 0.6517],
        [0.7035, 0.6889, 0.6235, 0.6175, 0.6298, 0.6725, 0.8434, 0.6170],
        [0.6626, 0.7244, 0.7240, 0.6703, 0.6730, 0.7336, 0.6433, 0.8468]],
       device='cuda:0')
server average tensor
client running:0/59, client loss: 2.038419723510742, loss 1: 1.9220249652862549, loss 2: 0.0011639483273029327
client running:1/59, client loss: 2.1156327724456787, loss 1: 1.9278804063796997, loss 2: 0.001877523842267692
client running:2/59, client loss: 2.045799732208252, loss 1: 1.9066792726516724, loss 2: 0.0013912057038396597
client running:3/59, client loss: 2.049373149871826, loss 1: 1.894006609916687, loss 2: 0.001553666079416871
client running:4/59, client loss: 2.0829479694366455, loss 1: 1.9256141185760498, loss 2: 0.0015733393374830484
client running:5/59, client loss: 2.072779417037964, loss 1: 1.8961223363876343, loss 2: 0.0017665702616795897
client running:6/59, client loss: 2.0169949531555176, loss 1: 1.9267871379852295, loss 2: 0.0009020778234116733
client running:7/59, client loss: 2.047358512878418, loss 1: 1.9343396425247192, loss 2: 0.001130189630202949
client running:8/59, client loss: 2.1275315284729004, loss 1: 1.9366432428359985, loss 2: 0.001908882288262248
client running:9/59, client loss: 2.132988452911377, loss 1: 1.9123013019561768, loss 2: 0.0022068708203732967
client running:10/59, client loss: 2.039888620376587, loss 1: 1.92598557472229, loss 2: 0.001139031257480383
client running:11/59, client loss: 2.051942825317383, loss 1: 1.9390019178390503, loss 2: 0.0011294102296233177
client running:12/59, client loss: 2.113330841064453, loss 1: 1.9331064224243164, loss 2: 0.0018022451549768448
client running:13/59, client loss: 2.1195108890533447, loss 1: 1.9723682403564453, loss 2: 0.0014714265707880259
client running:14/59, client loss: 2.0445003509521484, loss 1: 1.9283901453018188, loss 2: 0.001161102787591517
client running:15/59, client loss: 2.008549690246582, loss 1: 1.931359052658081, loss 2: 0.0007719066925346851
client running:16/59, client loss: 2.0794360637664795, loss 1: 1.9264495372772217, loss 2: 0.0015298649668693542
client running:17/59, client loss: 2.026254653930664, loss 1: 1.9160315990447998, loss 2: 0.0011022299295291305
client running:18/59, client loss: 2.027904748916626, loss 1: 1.9336687326431274, loss 2: 0.0009423594456166029
client running:19/59, client loss: 2.0628507137298584, loss 1: 1.9118801355361938, loss 2: 0.0015097067225724459
client running:20/59, client loss: 2.055598020553589, loss 1: 1.9067211151123047, loss 2: 0.001488768495619297
client running:21/59, client loss: 2.097902536392212, loss 1: 1.9216259717941284, loss 2: 0.001762766158208251
client running:22/59, client loss: 2.0735626220703125, loss 1: 1.9104294776916504, loss 2: 0.0016313305823132396
client running:23/59, client loss: 2.037079095840454, loss 1: 1.928620457649231, loss 2: 0.001084586139768362
client running:24/59, client loss: 2.1463868618011475, loss 1: 1.9289278984069824, loss 2: 0.0021745902486145496
client running:25/59, client loss: 2.1412978172302246, loss 1: 1.9299309253692627, loss 2: 0.0021136687137186527
client running:26/59, client loss: 2.020721197128296, loss 1: 1.9210971593856812, loss 2: 0.0009962395997717977
client running:27/59, client loss: 2.122283697128296, loss 1: 1.9003710746765137, loss 2: 0.002219126094132662
client running:28/59, client loss: 2.034212589263916, loss 1: 1.9302186965942383, loss 2: 0.0010399395832791924
client running:29/59, client loss: 2.041935682296753, loss 1: 1.9083335399627686, loss 2: 0.0013360220473259687
client running:30/59, client loss: 2.065617322921753, loss 1: 1.9167888164520264, loss 2: 0.0014882860705256462
client running:31/59, client loss: 2.001363754272461, loss 1: 1.9256664514541626, loss 2: 0.0007569725858047605
client running:32/59, client loss: 2.030921220779419, loss 1: 1.9253864288330078, loss 2: 0.0010553468018770218
client running:33/59, client loss: 2.040405511856079, loss 1: 1.8970961570739746, loss 2: 0.00143309379927814
client running:34/59, client loss: 2.0440855026245117, loss 1: 1.9303079843521118, loss 2: 0.0011377757182344794
client running:35/59, client loss: 2.0256218910217285, loss 1: 1.913158893585205, loss 2: 0.001124630682170391
client running:36/59, client loss: 2.0664541721343994, loss 1: 1.9451560974121094, loss 2: 0.0012129801325500011
client running:37/59, client loss: 2.0529513359069824, loss 1: 1.9283456802368164, loss 2: 0.0012460572179406881
client running:38/59, client loss: 2.0535638332366943, loss 1: 1.8998124599456787, loss 2: 0.001537512755021453
client running:39/59, client loss: 2.0233874320983887, loss 1: 1.9287261962890625, loss 2: 0.0009466115152463317
client running:40/59, client loss: 2.03867244720459, loss 1: 1.930253267288208, loss 2: 0.0010841924231499434
client running:41/59, client loss: 2.051325559616089, loss 1: 1.9417046308517456, loss 2: 0.0010962090454995632
client running:42/59, client loss: 2.0515599250793457, loss 1: 1.9272565841674805, loss 2: 0.0012430342612788081
client running:43/59, client loss: 2.053084135055542, loss 1: 1.9075672626495361, loss 2: 0.001455169403925538
client running:44/59, client loss: 2.031485080718994, loss 1: 1.9096099138259888, loss 2: 0.0012187528191134334
client running:45/59, client loss: 2.054114580154419, loss 1: 1.9165858030319214, loss 2: 0.0013752867234870791
client running:46/59, client loss: 2.0544872283935547, loss 1: 1.9024425745010376, loss 2: 0.0015204459195956588
client running:47/59, client loss: 1.9932700395584106, loss 1: 1.918989896774292, loss 2: 0.0007428016979247332
client running:48/59, client loss: 2.0588817596435547, loss 1: 1.919558048248291, loss 2: 0.001393236219882965
client running:49/59, client loss: 2.1227290630340576, loss 1: 1.9402307271957397, loss 2: 0.0018249829299747944
client running:50/59, client loss: 2.0329296588897705, loss 1: 1.909547209739685, loss 2: 0.001233823481015861
client running:51/59, client loss: 2.0405452251434326, loss 1: 1.9111337661743164, loss 2: 0.0012941136956214905
client running:52/59, client loss: 2.0531134605407715, loss 1: 1.929643154144287, loss 2: 0.0012347034644335508
client running:53/59, client loss: 2.021394968032837, loss 1: 1.9266538619995117, loss 2: 0.0009474106482230127
client running:54/59, client loss: 2.032350540161133, loss 1: 1.9210307598114014, loss 2: 0.0011131968349218369
client running:55/59, client loss: 2.010833978652954, loss 1: 1.8943893909454346, loss 2: 0.0011644467012956738
client running:56/59, client loss: 2.009805202484131, loss 1: 1.9177361726760864, loss 2: 0.0009206905378960073
client running:57/59, client loss: 2.0535879135131836, loss 1: 1.9275976419448853, loss 2: 0.0012599017936736345
client running:58/59, client loss: 2.0273544788360596, loss 1: 1.8877050876617432, loss 2: 0.0013964935205876827
server loss: tensor([[0.9331, 0.6793, 0.7381, 0.5963, 0.6413, 0.6584, 0.6125, 0.7291],
        [0.6666, 0.9374, 0.7120, 0.6147, 0.6105, 0.5951, 0.5692, 0.6957],
        [0.6932, 0.6788, 0.8738, 0.5967, 0.6390, 0.6678, 0.6071, 0.6938],
        [0.6588, 0.6625, 0.7182, 0.8636, 0.6386, 0.6174, 0.5764, 0.6922],
        [0.6264, 0.6107, 0.6104, 0.6219, 0.9771, 0.5955, 0.5997, 0.6586],
        [0.6593, 0.5919, 0.6590, 0.5637, 0.5786, 0.8727, 0.5284, 0.6305],
        [0.6328, 0.6115, 0.6740, 0.6362, 0.6407, 0.6181, 0.8371, 0.7214],
        [0.6995, 0.6446, 0.6747, 0.6007, 0.6426, 0.6234, 0.6386, 0.9387]],
       device='cuda:0')
client running:0/59, client loss: 2.122316837310791, loss 1: 1.923914909362793, loss 2: 0.0019840183667838573
client running:1/59, client loss: 2.1063551902770996, loss 1: 1.9333317279815674, loss 2: 0.0017302343621850014
client running:2/59, client loss: 2.0575149059295654, loss 1: 1.9233161211013794, loss 2: 0.0013419878669083118
client running:3/59, client loss: 2.1273036003112793, loss 1: 1.925287127494812, loss 2: 0.002020164392888546
client running:4/59, client loss: 2.0870673656463623, loss 1: 1.9466663599014282, loss 2: 0.0014040101086720824
client running:5/59, client loss: 2.036979913711548, loss 1: 1.9280507564544678, loss 2: 0.0010892912978306413
client running:6/59, client loss: 2.149364948272705, loss 1: 1.9310020208358765, loss 2: 0.0021836282685399055
client running:7/59, client loss: 2.0056655406951904, loss 1: 1.92560875415802, loss 2: 0.0008005675626918674
client running:8/59, client loss: 1.9951337575912476, loss 1: 1.903710126876831, loss 2: 0.0009142364142462611
client running:9/59, client loss: 2.073850154876709, loss 1: 1.9247708320617676, loss 2: 0.0014907930744811893
client running:10/59, client loss: 2.066537380218506, loss 1: 1.9113624095916748, loss 2: 0.001551748951897025
client running:11/59, client loss: 2.081643581390381, loss 1: 1.9336127042770386, loss 2: 0.001480307662859559
client running:12/59, client loss: 2.0117640495300293, loss 1: 1.9361391067504883, loss 2: 0.0007562483660876751
client running:13/59, client loss: 2.027819871902466, loss 1: 1.911797046661377, loss 2: 0.0011602279264479876
client running:14/59, client loss: 2.088773727416992, loss 1: 1.9179844856262207, loss 2: 0.001707891933619976
client running:15/59, client loss: 2.0816314220428467, loss 1: 1.909807562828064, loss 2: 0.0017182384617626667
client running:16/59, client loss: 2.0276896953582764, loss 1: 1.9254072904586792, loss 2: 0.0010228232713416219
client running:17/59, client loss: 2.081045627593994, loss 1: 1.925978183746338, loss 2: 0.0015506744384765625
client running:18/59, client loss: 2.033457040786743, loss 1: 1.9195445775985718, loss 2: 0.001139125321060419
client running:19/59, client loss: 2.0420291423797607, loss 1: 1.9297560453414917, loss 2: 0.0011227315990254283
client running:20/59, client loss: 2.1268928050994873, loss 1: 1.918635368347168, loss 2: 0.0020825748797506094
client running:21/59, client loss: 2.0348317623138428, loss 1: 1.9185106754302979, loss 2: 0.0011632110690698028
client running:22/59, client loss: 2.048672676086426, loss 1: 1.9415444135665894, loss 2: 0.0010712817311286926
client running:23/59, client loss: 2.0856099128723145, loss 1: 1.9205832481384277, loss 2: 0.0016502675134688616
client running:24/59, client loss: 2.0434694290161133, loss 1: 1.9288636445999146, loss 2: 0.0011460583191365004
client running:25/59, client loss: 2.0849149227142334, loss 1: 1.9271637201309204, loss 2: 0.0015775123611092567
client running:26/59, client loss: 2.0841493606567383, loss 1: 1.9274067878723145, loss 2: 0.0015674247406423092
client running:27/59, client loss: 2.0596635341644287, loss 1: 1.9320685863494873, loss 2: 0.0012759483652189374
client running:28/59, client loss: 2.0256471633911133, loss 1: 1.914646029472351, loss 2: 0.0011100124102085829
client running:29/59, client loss: 2.1539835929870605, loss 1: 1.9557117223739624, loss 2: 0.001982718240469694
client running:30/59, client loss: 2.0399651527404785, loss 1: 1.9283695220947266, loss 2: 0.0011159575078636408
client running:31/59, client loss: 2.0716028213500977, loss 1: 1.9261044263839722, loss 2: 0.0014549830229952931
client running:32/59, client loss: 2.089503765106201, loss 1: 1.9411425590515137, loss 2: 0.0014836122281849384
client running:33/59, client loss: 2.0362679958343506, loss 1: 1.912347435951233, loss 2: 0.0012392059434205294
client running:34/59, client loss: 2.0144166946411133, loss 1: 1.9104814529418945, loss 2: 0.0010393514530733228
client running:35/59, client loss: 1.9988988637924194, loss 1: 1.895333170890808, loss 2: 0.001035657012835145
client running:36/59, client loss: 2.008148670196533, loss 1: 1.9240620136260986, loss 2: 0.0008408674038946629
client running:37/59, client loss: 2.0733609199523926, loss 1: 1.9254283905029297, loss 2: 0.0014793244190514088
client running:38/59, client loss: 1.9978278875350952, loss 1: 1.9327113628387451, loss 2: 0.0006511647952720523
client running:39/59, client loss: 2.0694162845611572, loss 1: 1.9167383909225464, loss 2: 0.0015267799608409405
client running:40/59, client loss: 2.0382533073425293, loss 1: 1.9048439264297485, loss 2: 0.0013340925797820091
client running:41/59, client loss: 2.0433671474456787, loss 1: 1.93125319480896, loss 2: 0.0011211391538381577
client running:42/59, client loss: 2.054767608642578, loss 1: 1.9330670833587646, loss 2: 0.0012170049594715238
client running:43/59, client loss: 2.0138988494873047, loss 1: 1.889021635055542, loss 2: 0.0012487720232456923
client running:44/59, client loss: 2.069385528564453, loss 1: 1.903356671333313, loss 2: 0.0016602880787104368
client running:45/59, client loss: 2.0778510570526123, loss 1: 1.9116017818450928, loss 2: 0.0016624925192445517
client running:46/59, client loss: 2.0230767726898193, loss 1: 1.9166113138198853, loss 2: 0.0010646556038409472
client running:47/59, client loss: 2.0242414474487305, loss 1: 1.9029369354248047, loss 2: 0.0012130449758842587
client running:48/59, client loss: 2.017328977584839, loss 1: 1.921189785003662, loss 2: 0.0009613930596970022
client running:49/59, client loss: 2.0529072284698486, loss 1: 1.9383249282836914, loss 2: 0.001145823858678341
client running:50/59, client loss: 2.019731283187866, loss 1: 1.9318418502807617, loss 2: 0.0008788942359387875
client running:51/59, client loss: 2.006546974182129, loss 1: 1.9329854249954224, loss 2: 0.0007356144487857819
client running:52/59, client loss: 2.0307371616363525, loss 1: 1.9595646858215332, loss 2: 0.0007117255590856075
client running:53/59, client loss: 2.0283548831939697, loss 1: 1.9277002811431885, loss 2: 0.0010065457317978144
client running:54/59, client loss: 2.029029607772827, loss 1: 1.9373350143432617, loss 2: 0.0009169462136924267
client running:55/59, client loss: 2.0456671714782715, loss 1: 1.9486161470413208, loss 2: 0.0009705090196803212
client running:56/59, client loss: 2.0290074348449707, loss 1: 1.917547345161438, loss 2: 0.0011146017350256443
client running:57/59, client loss: 2.0369417667388916, loss 1: 1.9013283252716064, loss 2: 0.0013561341911554337
client running:58/59, client loss: 2.0229687690734863, loss 1: 1.939950942993164, loss 2: 0.000830178614705801
server loss: tensor([[0.9241, 0.6981, 0.6086, 0.7894, 0.6987, 0.8152, 0.7038, 0.7234],
        [0.7169, 0.9069, 0.6154, 0.6825, 0.6525, 0.7030, 0.6547, 0.6914],
        [0.6885, 0.6196, 0.7605, 0.6833, 0.6732, 0.6888, 0.6270, 0.6327],
        [0.7759, 0.6446, 0.5874, 0.8911, 0.7022, 0.7719, 0.6388, 0.6450],
        [0.7371, 0.6430, 0.6085, 0.7392, 0.9742, 0.7464, 0.6285, 0.6168],
        [0.7588, 0.6794, 0.6429, 0.7221, 0.6961, 0.8854, 0.6781, 0.6539],
        [0.7463, 0.6995, 0.6723, 0.7265, 0.6829, 0.7578, 0.8593, 0.6922],
        [0.7347, 0.6587, 0.6734, 0.7399, 0.6811, 0.8009, 0.6523, 0.8388]],
       device='cuda:0')
client running:0/59, client loss: 2.032578468322754, loss 1: 1.9261298179626465, loss 2: 0.0010644870344549417
client running:1/59, client loss: 2.0841763019561768, loss 1: 1.9597241878509521, loss 2: 0.0012445211177691817
client running:2/59, client loss: 2.072897434234619, loss 1: 1.9181177616119385, loss 2: 0.0015477960696443915
client running:3/59, client loss: 2.0723884105682373, loss 1: 1.9181879758834839, loss 2: 0.0015420052222907543
client running:4/59, client loss: 2.093381643295288, loss 1: 1.9168033599853516, loss 2: 0.0017657828284427524
client running:5/59, client loss: 2.08160400390625, loss 1: 1.9056049585342407, loss 2: 0.0017599912825971842
client running:6/59, client loss: 2.098158121109009, loss 1: 1.8969910144805908, loss 2: 0.002011670498177409
client running:7/59, client loss: 2.1179161071777344, loss 1: 1.9244002103805542, loss 2: 0.0019351588562130928
client running:8/59, client loss: 2.0625150203704834, loss 1: 1.9522297382354736, loss 2: 0.0011028520530089736
client running:9/59, client loss: 2.078746795654297, loss 1: 1.9260368347167969, loss 2: 0.0015270992880687118
client running:10/59, client loss: 2.0914623737335205, loss 1: 1.9271048307418823, loss 2: 0.0016435750294476748
client running:11/59, client loss: 2.0780584812164307, loss 1: 1.932113528251648, loss 2: 0.0014594505773857236
client running:12/59, client loss: 2.1194698810577393, loss 1: 1.9349910020828247, loss 2: 0.0018447897164151073
client running:13/59, client loss: 2.048809051513672, loss 1: 1.9162771701812744, loss 2: 0.0013253185898065567
client running:14/59, client loss: 2.0932981967926025, loss 1: 1.9214202165603638, loss 2: 0.0017187806079164147
client running:15/59, client loss: 2.0643317699432373, loss 1: 1.9169868230819702, loss 2: 0.0014734489377588034
client running:16/59, client loss: 2.083354949951172, loss 1: 1.920964002609253, loss 2: 0.0016239085234701633
client running:17/59, client loss: 2.0545308589935303, loss 1: 1.9232882261276245, loss 2: 0.001312426757067442
client running:18/59, client loss: 2.061840295791626, loss 1: 1.9133572578430176, loss 2: 0.0014848302816972136
client running:19/59, client loss: 2.1182971000671387, loss 1: 1.9440187215805054, loss 2: 0.0017427830025553703
client running:20/59, client loss: 2.1205966472625732, loss 1: 1.9198955297470093, loss 2: 0.0020070106256753206
client running:21/59, client loss: 2.1055634021759033, loss 1: 1.9059638977050781, loss 2: 0.001995994243770838
client running:22/59, client loss: 2.089284896850586, loss 1: 1.9203473329544067, loss 2: 0.001689376775175333
client running:23/59, client loss: 2.0487608909606934, loss 1: 1.9198706150054932, loss 2: 0.0012889024801552296
client running:24/59, client loss: 2.0682144165039062, loss 1: 1.9030181169509888, loss 2: 0.00165196240413934
client running:25/59, client loss: 2.060662031173706, loss 1: 1.934848666191101, loss 2: 0.0012581344926729798
client running:26/59, client loss: 2.0324995517730713, loss 1: 1.922175645828247, loss 2: 0.0011032391339540482
client running:27/59, client loss: 2.0678508281707764, loss 1: 1.9514579772949219, loss 2: 0.0011639292351901531
client running:28/59, client loss: 2.0932891368865967, loss 1: 1.8994990587234497, loss 2: 0.00193790125194937
client running:29/59, client loss: 2.0735487937927246, loss 1: 1.9171428680419922, loss 2: 0.001564058824442327
client running:30/59, client loss: 2.03572416305542, loss 1: 1.94669771194458, loss 2: 0.0008902647532522678
client running:31/59, client loss: 2.0567100048065186, loss 1: 1.9178566932678223, loss 2: 0.001388533040881157
client running:32/59, client loss: 2.02133846282959, loss 1: 1.9040148258209229, loss 2: 0.0011732358252629638
client running:33/59, client loss: 2.1007285118103027, loss 1: 1.9294545650482178, loss 2: 0.0017127397004514933
client running:34/59, client loss: 2.0900533199310303, loss 1: 1.9348647594451904, loss 2: 0.0015518848085775971
client running:35/59, client loss: 2.1047868728637695, loss 1: 1.9341328144073486, loss 2: 0.0017065396532416344
client running:36/59, client loss: 2.1269543170928955, loss 1: 1.9202156066894531, loss 2: 0.0020673880353569984
client running:37/59, client loss: 2.0599076747894287, loss 1: 1.9349483251571655, loss 2: 0.0012495939154177904
client running:38/59, client loss: 2.081279993057251, loss 1: 1.91530442237854, loss 2: 0.0016597562935203314
client running:39/59, client loss: 2.060936450958252, loss 1: 1.9300451278686523, loss 2: 0.001308913342654705
client running:40/59, client loss: 2.0136945247650146, loss 1: 1.9176849126815796, loss 2: 0.0009600963676348329
client running:41/59, client loss: 2.126866579055786, loss 1: 1.9325131177902222, loss 2: 0.0019435349386185408
client running:42/59, client loss: 2.0862863063812256, loss 1: 1.9276461601257324, loss 2: 0.0015864011365920305
client running:43/59, client loss: 2.03607177734375, loss 1: 1.9184248447418213, loss 2: 0.0011764701921492815
client running:44/59, client loss: 2.036121129989624, loss 1: 1.9284335374832153, loss 2: 0.0010768764186650515
client running:45/59, client loss: 2.076665163040161, loss 1: 1.9236540794372559, loss 2: 0.0015301108360290527
client running:46/59, client loss: 2.0765633583068848, loss 1: 1.9195289611816406, loss 2: 0.001570343622006476
client running:47/59, client loss: 2.051353931427002, loss 1: 1.9059350490570068, loss 2: 0.0014541886048391461
client running:48/59, client loss: 2.002612352371216, loss 1: 1.9199286699295044, loss 2: 0.000826837494969368
client running:49/59, client loss: 2.072033405303955, loss 1: 1.9302417039871216, loss 2: 0.0014179162681102753
client running:50/59, client loss: 2.0727157592773438, loss 1: 1.9570462703704834, loss 2: 0.001156696118414402
client running:51/59, client loss: 2.0565614700317383, loss 1: 1.9334003925323486, loss 2: 0.0012316110078245401
client running:52/59, client loss: 2.0228021144866943, loss 1: 1.9137295484542847, loss 2: 0.0010907258838415146
client running:53/59, client loss: 2.065934658050537, loss 1: 1.9012227058410645, loss 2: 0.001647119875997305
client running:54/59, client loss: 2.040144443511963, loss 1: 1.9337289333343506, loss 2: 0.001064155250787735
client running:55/59, client loss: 2.0692131519317627, loss 1: 1.9155347347259521, loss 2: 0.0015367839951068163
client running:56/59, client loss: 2.0676403045654297, loss 1: 1.9567925930023193, loss 2: 0.0011084764264523983
client running:57/59, client loss: 2.010636806488037, loss 1: 1.92536461353302, loss 2: 0.0008527226164005697
client running:58/59, client loss: 2.060960292816162, loss 1: 1.9410470724105835, loss 2: 0.001199132762849331
server loss: tensor([[0.8880, 0.6295, 0.6733, 0.6787, 0.6982, 0.6686, 0.6815, 0.7051],
        [0.6258, 0.7614, 0.7061, 0.6477, 0.7131, 0.5908, 0.6621, 0.6556],
        [0.6437, 0.6773, 0.9206, 0.6849, 0.7150, 0.5987, 0.6796, 0.6571],
        [0.6944, 0.6501, 0.7216, 0.9107, 0.7012, 0.5907, 0.6894, 0.6982],
        [0.6613, 0.6616, 0.7052, 0.6337, 0.8775, 0.6117, 0.6897, 0.7339],
        [0.6898, 0.6576, 0.7041, 0.6615, 0.7419, 0.7584, 0.7204, 0.6844],
        [0.6611, 0.6271, 0.6877, 0.6600, 0.7352, 0.6422, 0.9545, 0.6960],
        [0.7009, 0.6604, 0.6839, 0.6746, 0.7145, 0.6696, 0.6665, 0.8031]],
       device='cuda:0')
client running:0/59, client loss: 2.1106631755828857, loss 1: 1.940264344215393, loss 2: 0.0017039880622178316
client running:1/59, client loss: 2.037358045578003, loss 1: 1.9145243167877197, loss 2: 0.0012283364776521921
client running:2/59, client loss: 2.0788745880126953, loss 1: 1.9644206762313843, loss 2: 0.0011445397976785898
client running:3/59, client loss: 2.1235146522521973, loss 1: 1.9361461400985718, loss 2: 0.001873684348538518
client running:4/59, client loss: 2.097503662109375, loss 1: 1.953141212463379, loss 2: 0.001443625194951892
client running:5/59, client loss: 2.0425102710723877, loss 1: 1.9165356159210205, loss 2: 0.0012597471941262484
client running:6/59, client loss: 2.0671327114105225, loss 1: 1.9115303754806519, loss 2: 0.0015560243045911193
client running:7/59, client loss: 2.087674617767334, loss 1: 1.9098628759384155, loss 2: 0.0017781173810362816
client running:8/59, client loss: 2.0847179889678955, loss 1: 1.933969497680664, loss 2: 0.0015074838884174824
client running:9/59, client loss: 2.087587356567383, loss 1: 1.926120638847351, loss 2: 0.001614667009562254
client running:10/59, client loss: 2.007002353668213, loss 1: 1.8877580165863037, loss 2: 0.0011924437712877989
client running:11/59, client loss: 2.0250840187072754, loss 1: 1.929945707321167, loss 2: 0.0009513824479654431
client running:12/59, client loss: 2.0405218601226807, loss 1: 1.921303153038025, loss 2: 0.0011921862605959177
client running:13/59, client loss: 2.055051326751709, loss 1: 1.927086353302002, loss 2: 0.0012796490918844938
client running:14/59, client loss: 2.0640993118286133, loss 1: 1.923074722290039, loss 2: 0.0014102463610470295
client running:15/59, client loss: 2.067286491394043, loss 1: 1.9360580444335938, loss 2: 0.0013122832169756293
client running:16/59, client loss: 2.0707597732543945, loss 1: 1.9294252395629883, loss 2: 0.0014133454533293843
client running:17/59, client loss: 2.1246511936187744, loss 1: 1.9546922445297241, loss 2: 0.0016995903570204973
client running:18/59, client loss: 2.008513927459717, loss 1: 1.9121019840240479, loss 2: 0.0009641192154958844
client running:19/59, client loss: 2.03269100189209, loss 1: 1.9220331907272339, loss 2: 0.0011065786238759756
client running:20/59, client loss: 2.0443708896636963, loss 1: 1.9247329235076904, loss 2: 0.0011963800061494112
client running:21/59, client loss: 2.0685977935791016, loss 1: 1.93501615524292, loss 2: 0.001335815293714404
client running:22/59, client loss: 2.0200958251953125, loss 1: 1.9354920387268066, loss 2: 0.0008460379904136062
client running:23/59, client loss: 2.012526512145996, loss 1: 1.9189906120300293, loss 2: 0.0009353598579764366
client running:24/59, client loss: 2.0355753898620605, loss 1: 1.9211540222167969, loss 2: 0.0011442138347774744
client running:25/59, client loss: 2.1005916595458984, loss 1: 1.9249953031539917, loss 2: 0.001755964825861156
client running:26/59, client loss: 2.105742931365967, loss 1: 1.921318531036377, loss 2: 0.0018442452419549227
client running:27/59, client loss: 2.0451788902282715, loss 1: 1.928859829902649, loss 2: 0.001163189997896552
client running:28/59, client loss: 2.021190881729126, loss 1: 1.9174153804779053, loss 2: 0.0010377560975030065
client running:29/59, client loss: 2.1030967235565186, loss 1: 1.943347692489624, loss 2: 0.0015974907437339425
client running:30/59, client loss: 2.0975098609924316, loss 1: 1.930626392364502, loss 2: 0.0016688357573002577
client running:31/59, client loss: 2.0449111461639404, loss 1: 1.8989131450653076, loss 2: 0.0014599801506847143
client running:32/59, client loss: 2.040494680404663, loss 1: 1.9243780374526978, loss 2: 0.0011611657682806253
client running:33/59, client loss: 2.0358529090881348, loss 1: 1.9232358932495117, loss 2: 0.001126171089708805
client running:34/59, client loss: 2.0916292667388916, loss 1: 1.930939793586731, loss 2: 0.0016068946570158005
client running:35/59, client loss: 2.0356202125549316, loss 1: 1.9230995178222656, loss 2: 0.0011252060066908598
client running:36/59, client loss: 2.054090976715088, loss 1: 1.9426950216293335, loss 2: 0.0011139591224491596
client running:37/59, client loss: 2.0139355659484863, loss 1: 1.9345276355743408, loss 2: 0.0007940797368064523
client running:38/59, client loss: 2.0273666381835938, loss 1: 1.92192542552948, loss 2: 0.0010544119868427515
client running:39/59, client loss: 2.039233922958374, loss 1: 1.9061380624771118, loss 2: 0.001330959377810359
client running:40/59, client loss: 2.0589144229888916, loss 1: 1.9265550374984741, loss 2: 0.0013235931983217597
client running:41/59, client loss: 2.0306200981140137, loss 1: 1.9087350368499756, loss 2: 0.0012188496766611934
client running:42/59, client loss: 2.04596209526062, loss 1: 1.9300997257232666, loss 2: 0.0011586247710511088
client running:43/59, client loss: 2.0500664710998535, loss 1: 1.8853189945220947, loss 2: 0.0016474737785756588
client running:44/59, client loss: 2.053673028945923, loss 1: 1.919461727142334, loss 2: 0.0013421138282865286
client running:45/59, client loss: 2.0327093601226807, loss 1: 1.9217073917388916, loss 2: 0.0011100193951278925
client running:46/59, client loss: 1.9865580797195435, loss 1: 1.9149731397628784, loss 2: 0.0007158498046919703
client running:47/59, client loss: 2.072572946548462, loss 1: 1.9278064966201782, loss 2: 0.00144766375888139
client running:48/59, client loss: 2.0863161087036133, loss 1: 1.9174749851226807, loss 2: 0.0016884116921573877
client running:49/59, client loss: 2.0427591800689697, loss 1: 1.932131052017212, loss 2: 0.001106282346881926
client running:50/59, client loss: 2.092067241668701, loss 1: 1.9051105976104736, loss 2: 0.0018695661565288901
client running:51/59, client loss: 2.0031492710113525, loss 1: 1.9150038957595825, loss 2: 0.0008814531611278653
client running:52/59, client loss: 2.0515294075012207, loss 1: 1.9231340885162354, loss 2: 0.0012839536648243666
client running:53/59, client loss: 2.062143325805664, loss 1: 1.955626130104065, loss 2: 0.0010651728371158242
client running:54/59, client loss: 2.0502891540527344, loss 1: 1.93214750289917, loss 2: 0.0011814165627583861
client running:55/59, client loss: 2.036243438720703, loss 1: 1.9286738634109497, loss 2: 0.0010756957344710827
client running:56/59, client loss: 2.0219638347625732, loss 1: 1.9188295602798462, loss 2: 0.0010313426610082388
client running:57/59, client loss: 2.0327744483947754, loss 1: 1.9458763599395752, loss 2: 0.0008689817041158676
client running:58/59, client loss: 2.048536539077759, loss 1: 1.9541945457458496, loss 2: 0.0009434201056137681
server loss: tensor([[0.8375, 0.6574, 0.6930, 0.7183, 0.7569, 0.6844, 0.6662, 0.6887],
        [0.6710, 0.8917, 0.7046, 0.7024, 0.6821, 0.6833, 0.6470, 0.6560],
        [0.7026, 0.7302, 0.8970, 0.7317, 0.6998, 0.7035, 0.6610, 0.6703],
        [0.6802, 0.6682, 0.6762, 0.9143, 0.7197, 0.7096, 0.6536, 0.6718],
        [0.7024, 0.6440, 0.6380, 0.6876, 0.8693, 0.6957, 0.6761, 0.7007],
        [0.6334, 0.6406, 0.6456, 0.7189, 0.6957, 0.7819, 0.6071, 0.6588],
        [0.7092, 0.6410, 0.6530, 0.6830, 0.7153, 0.6790, 0.8001, 0.6958],
        [0.7010, 0.6789, 0.7064, 0.7163, 0.7287, 0.7058, 0.6785, 0.8727]],
       device='cuda:0')
client running:0/59, client loss: 2.0963778495788574, loss 1: 1.920406699180603, loss 2: 0.0017597113037481904
client running:1/59, client loss: 2.132843017578125, loss 1: 1.9186348915100098, loss 2: 0.0021420824341475964
client running:2/59, client loss: 2.0951807498931885, loss 1: 1.9470967054367065, loss 2: 0.0014808396808803082
client running:3/59, client loss: 2.0436739921569824, loss 1: 1.9206234216690063, loss 2: 0.0012305050622671843
client running:4/59, client loss: 2.0712409019470215, loss 1: 1.9239823818206787, loss 2: 0.0014725852524861693
client running:5/59, client loss: 2.071969985961914, loss 1: 1.9156169891357422, loss 2: 0.0015635304152965546
client running:6/59, client loss: 2.0728533267974854, loss 1: 1.9173157215118408, loss 2: 0.0015553750563412905
client running:7/59, client loss: 2.184749126434326, loss 1: 1.9347561597824097, loss 2: 0.002499928465113044
client running:8/59, client loss: 2.055353879928589, loss 1: 1.925168514251709, loss 2: 0.001301853684708476
client running:9/59, client loss: 2.0601768493652344, loss 1: 1.953488826751709, loss 2: 0.0010668797185644507
client running:10/59, client loss: 2.0606815814971924, loss 1: 1.909859538078308, loss 2: 0.001508219400420785
client running:11/59, client loss: 2.0432181358337402, loss 1: 1.9181666374206543, loss 2: 0.0012505142949521542
client running:12/59, client loss: 2.1160731315612793, loss 1: 1.9163113832473755, loss 2: 0.001997618703171611
client running:13/59, client loss: 2.0908803939819336, loss 1: 1.930340051651001, loss 2: 0.001605403027497232
client running:14/59, client loss: 2.0534133911132812, loss 1: 1.9409749507904053, loss 2: 0.0011243834160268307
client running:15/59, client loss: 2.007131814956665, loss 1: 1.9127882719039917, loss 2: 0.0009434362291358411
client running:16/59, client loss: 2.0136358737945557, loss 1: 1.9291505813598633, loss 2: 0.0008448533480986953
client running:17/59, client loss: 2.0802948474884033, loss 1: 1.9300116300582886, loss 2: 0.0015028321649879217
client running:18/59, client loss: 2.129594326019287, loss 1: 1.939310073852539, loss 2: 0.001902843127027154
client running:19/59, client loss: 2.0427424907684326, loss 1: 1.945456862449646, loss 2: 0.0009728573495522141
client running:20/59, client loss: 2.0748074054718018, loss 1: 1.9215823411941528, loss 2: 0.0015322505496442318
client running:21/59, client loss: 2.160586357116699, loss 1: 1.940183162689209, loss 2: 0.002204030752182007
client running:22/59, client loss: 2.0816502571105957, loss 1: 1.9192938804626465, loss 2: 0.001623563002794981
client running:23/59, client loss: 2.1429646015167236, loss 1: 1.9182007312774658, loss 2: 0.0022476380690932274
client running:24/59, client loss: 2.0975759029388428, loss 1: 1.9316439628601074, loss 2: 0.0016593197360634804
client running:25/59, client loss: 2.023993968963623, loss 1: 1.9287760257720947, loss 2: 0.0009521791944280267
client running:26/59, client loss: 2.021686315536499, loss 1: 1.9266396760940552, loss 2: 0.0009504653280600905
client running:27/59, client loss: 2.079439163208008, loss 1: 1.9358826875686646, loss 2: 0.001435564598068595
client running:28/59, client loss: 2.063699722290039, loss 1: 1.9214818477630615, loss 2: 0.001422179862856865
client running:29/59, client loss: 2.0995969772338867, loss 1: 1.9126256704330444, loss 2: 0.001869712257757783
client running:30/59, client loss: 2.044191837310791, loss 1: 1.9153575897216797, loss 2: 0.0012883415911346674
client running:31/59, client loss: 2.0459442138671875, loss 1: 1.928837537765503, loss 2: 0.0011710667749866843
client running:32/59, client loss: 2.0075745582580566, loss 1: 1.9230856895446777, loss 2: 0.0008448886219412088
client running:33/59, client loss: 2.073678493499756, loss 1: 1.949088454246521, loss 2: 0.0012458999408409
client running:34/59, client loss: 2.0341103076934814, loss 1: 1.9346144199371338, loss 2: 0.000994957983493805
client running:35/59, client loss: 2.0072803497314453, loss 1: 1.916606068611145, loss 2: 0.000906742992810905
client running:36/59, client loss: 2.083462953567505, loss 1: 1.9054605960845947, loss 2: 0.001780024147592485
client running:37/59, client loss: 2.0766823291778564, loss 1: 1.956053376197815, loss 2: 0.0012062886962667108
client running:38/59, client loss: 2.0592615604400635, loss 1: 1.9262268543243408, loss 2: 0.001330347266048193
client running:39/59, client loss: 1.9986926317214966, loss 1: 1.9268841743469238, loss 2: 0.0007180846878327429
client running:40/59, client loss: 2.038785696029663, loss 1: 1.9077517986297607, loss 2: 0.0013103389646857977
client running:41/59, client loss: 2.0234127044677734, loss 1: 1.9144434928894043, loss 2: 0.0010896925814449787
client running:42/59, client loss: 2.0269174575805664, loss 1: 1.9451899528503418, loss 2: 0.0008172751986421645
client running:43/59, client loss: 2.0356931686401367, loss 1: 1.9284915924072266, loss 2: 0.001072016777470708
client running:44/59, client loss: 2.089761257171631, loss 1: 1.9465175867080688, loss 2: 0.0014324358198791742
client running:45/59, client loss: 2.0615804195404053, loss 1: 1.9336802959442139, loss 2: 0.0012790007749572396
client running:46/59, client loss: 2.0262081623077393, loss 1: 1.9236758947372437, loss 2: 0.0010253234067931771
client running:47/59, client loss: 2.017383337020874, loss 1: 1.9535726308822632, loss 2: 0.0006381078856065869
client running:48/59, client loss: 2.0444462299346924, loss 1: 1.952344536781311, loss 2: 0.0009210177813656628
client running:49/59, client loss: 2.041368246078491, loss 1: 1.9178621768951416, loss 2: 0.001235059928148985
client running:50/59, client loss: 2.0075252056121826, loss 1: 1.914327621459961, loss 2: 0.000931974733248353
client running:51/59, client loss: 2.057720899581909, loss 1: 1.919787049293518, loss 2: 0.001379339024424553
client running:52/59, client loss: 2.1085853576660156, loss 1: 1.9499671459197998, loss 2: 0.001586182159371674
client running:53/59, client loss: 1.9949889183044434, loss 1: 1.9089319705963135, loss 2: 0.0008605693001300097
client running:54/59, client loss: 2.0216176509857178, loss 1: 1.929551124572754, loss 2: 0.0009206654503941536
client running:55/59, client loss: 2.0267817974090576, loss 1: 1.950548768043518, loss 2: 0.0007623304263688624
client running:56/59, client loss: 2.0636706352233887, loss 1: 1.9345085620880127, loss 2: 0.0012916196137666702
client running:57/59, client loss: 2.0265328884124756, loss 1: 1.924001932144165, loss 2: 0.0010253088548779488
client running:58/59, client loss: 2.0507988929748535, loss 1: 1.91351318359375, loss 2: 0.0013728580670431256
server loss: tensor([[0.8300, 0.5984, 0.6885, 0.6790, 0.5799, 0.6525, 0.6702, 0.6001],
        [0.6500, 0.7924, 0.6734, 0.6939, 0.5809, 0.6993, 0.6192, 0.7093],
        [0.6390, 0.6154, 0.9065, 0.7582, 0.6112, 0.7139, 0.7320, 0.6018],
        [0.5971, 0.5534, 0.7525, 0.9357, 0.5774, 0.7076, 0.7076, 0.6203],
        [0.5977, 0.5588, 0.6430, 0.6235, 0.8672, 0.6488, 0.6873, 0.6273],
        [0.5745, 0.5804, 0.6449, 0.6743, 0.5900, 0.7763, 0.6354, 0.6598],
        [0.6089, 0.5240, 0.7314, 0.7213, 0.6181, 0.7060, 0.9446, 0.6405],
        [0.5784, 0.5713, 0.6315, 0.6938, 0.6045, 0.6702, 0.6337, 0.8565]],
       device='cuda:0')
server average tensor
client running:0/59, client loss: 2.053654193878174, loss 1: 1.900782585144043, loss 2: 0.0015287158312276006
client running:1/59, client loss: 2.0373644828796387, loss 1: 1.9190165996551514, loss 2: 0.0011834800243377686
client running:2/59, client loss: 2.0887160301208496, loss 1: 1.9595609903335571, loss 2: 0.0012915494153276086
client running:3/59, client loss: 2.090386390686035, loss 1: 1.9089155197143555, loss 2: 0.0018147076480090618
client running:4/59, client loss: 2.0621705055236816, loss 1: 1.9410488605499268, loss 2: 0.0012112162075936794
client running:5/59, client loss: 2.0591626167297363, loss 1: 1.9189764261245728, loss 2: 0.0014018629444763064
client running:6/59, client loss: 2.084087371826172, loss 1: 1.9117882251739502, loss 2: 0.001722992630675435
client running:7/59, client loss: 2.070496082305908, loss 1: 1.9321502447128296, loss 2: 0.0013834575656801462
client running:8/59, client loss: 2.0480833053588867, loss 1: 1.915702223777771, loss 2: 0.001323810312896967
client running:9/59, client loss: 2.080416679382324, loss 1: 1.9198012351989746, loss 2: 0.0016061540227383375
client running:10/59, client loss: 2.084089517593384, loss 1: 1.910995364189148, loss 2: 0.0017309406539425254
client running:11/59, client loss: 2.0949316024780273, loss 1: 1.8969172239303589, loss 2: 0.001980144064873457
client running:12/59, client loss: 2.073150396347046, loss 1: 1.930890679359436, loss 2: 0.0014225967461243272
client running:13/59, client loss: 2.1018404960632324, loss 1: 1.9272916316986084, loss 2: 0.001745489425957203
client running:14/59, client loss: 2.038764476776123, loss 1: 1.9201085567474365, loss 2: 0.0011865594424307346
client running:15/59, client loss: 2.1228153705596924, loss 1: 1.9165538549423218, loss 2: 0.0020626159384846687
client running:16/59, client loss: 2.0957398414611816, loss 1: 1.919276237487793, loss 2: 0.0017646350897848606
client running:17/59, client loss: 2.0529885292053223, loss 1: 1.9063888788223267, loss 2: 0.001465996727347374
client running:18/59, client loss: 2.021376609802246, loss 1: 1.9210796356201172, loss 2: 0.0010029703844338655
client running:19/59, client loss: 2.026897668838501, loss 1: 1.903249979019165, loss 2: 0.0012364762369543314
client running:20/59, client loss: 2.054370880126953, loss 1: 1.9053890705108643, loss 2: 0.0014898176304996014
client running:21/59, client loss: 2.063032388687134, loss 1: 1.9119446277618408, loss 2: 0.0015108773950487375
client running:22/59, client loss: 2.1466665267944336, loss 1: 1.9255009889602661, loss 2: 0.0022116543259471655
client running:23/59, client loss: 2.0548603534698486, loss 1: 1.9213294982910156, loss 2: 0.0013353086542338133
client running:24/59, client loss: 2.1090848445892334, loss 1: 1.8866938352584839, loss 2: 0.002223910531029105
client running:25/59, client loss: 2.011068344116211, loss 1: 1.917761206626892, loss 2: 0.00093307183124125
client running:26/59, client loss: 2.022721767425537, loss 1: 1.8986790180206299, loss 2: 0.001240426441654563
client running:27/59, client loss: 2.075673818588257, loss 1: 1.9228132963180542, loss 2: 0.001528604538179934
client running:28/59, client loss: 2.0314459800720215, loss 1: 1.9134351015090942, loss 2: 0.0011801079381257296
client running:29/59, client loss: 2.034489393234253, loss 1: 1.8983286619186401, loss 2: 0.0013616076903417706
client running:30/59, client loss: 2.057748556137085, loss 1: 1.9072034358978271, loss 2: 0.0015054522082209587
client running:31/59, client loss: 2.056063413619995, loss 1: 1.9387346506118774, loss 2: 0.001173287397250533
client running:32/59, client loss: 2.07806134223938, loss 1: 1.921217918395996, loss 2: 0.001568433828651905
client running:33/59, client loss: 2.0043997764587402, loss 1: 1.9093546867370605, loss 2: 0.0009504506597295403
client running:34/59, client loss: 2.0272467136383057, loss 1: 1.9058878421783447, loss 2: 0.0012135885190218687
client running:35/59, client loss: 2.1120693683624268, loss 1: 1.9168426990509033, loss 2: 0.0019522669026628137
client running:36/59, client loss: 2.001444101333618, loss 1: 1.8983010053634644, loss 2: 0.0010314307874068618
client running:37/59, client loss: 2.0509655475616455, loss 1: 1.9190577268600464, loss 2: 0.0013190775644034147
client running:38/59, client loss: 2.036280632019043, loss 1: 1.9050542116165161, loss 2: 0.0013122636592015624
client running:39/59, client loss: 2.0686702728271484, loss 1: 1.964106559753418, loss 2: 0.0010456377640366554
client running:40/59, client loss: 2.0513858795166016, loss 1: 1.922716498374939, loss 2: 0.0012866930337622762
client running:41/59, client loss: 2.0648066997528076, loss 1: 1.9428826570510864, loss 2: 0.0012192411813884974
client running:42/59, client loss: 2.0247247219085693, loss 1: 1.9258110523223877, loss 2: 0.0009891367517411709
client running:43/59, client loss: 2.080108404159546, loss 1: 1.9120478630065918, loss 2: 0.00168060592841357
client running:44/59, client loss: 2.1208157539367676, loss 1: 1.9366018772125244, loss 2: 0.001842139521613717
client running:45/59, client loss: 2.0367937088012695, loss 1: 1.9299662113189697, loss 2: 0.001068274723365903
client running:46/59, client loss: 2.0449254512786865, loss 1: 1.9120473861694336, loss 2: 0.0013287815963849425
client running:47/59, client loss: 2.002046585083008, loss 1: 1.9079967737197876, loss 2: 0.000940498081035912
client running:48/59, client loss: 2.0258750915527344, loss 1: 1.9210788011550903, loss 2: 0.0010479631600901484
client running:49/59, client loss: 1.9861410856246948, loss 1: 1.9024240970611572, loss 2: 0.0008371697040274739
client running:50/59, client loss: 2.0046801567077637, loss 1: 1.9049475193023682, loss 2: 0.000997326453216374
client running:51/59, client loss: 2.1443586349487305, loss 1: 1.9319692850112915, loss 2: 0.002123892307281494
client running:52/59, client loss: 2.056852340698242, loss 1: 1.923638939857483, loss 2: 0.0013321328442543745
client running:53/59, client loss: 2.004425287246704, loss 1: 1.920634388923645, loss 2: 0.000837908242829144
client running:54/59, client loss: 2.128661870956421, loss 1: 1.934037446975708, loss 2: 0.0019462440395727754
client running:55/59, client loss: 2.0529255867004395, loss 1: 1.9365066289901733, loss 2: 0.0011641890741884708
client running:56/59, client loss: 2.0166125297546387, loss 1: 1.913365125656128, loss 2: 0.0010324734030291438
client running:57/59, client loss: 1.990025281906128, loss 1: 1.917486548423767, loss 2: 0.0007253878284245729
client running:58/59, client loss: 2.058260679244995, loss 1: 1.9225236177444458, loss 2: 0.0013573700562119484
server loss: tensor([[0.9132, 0.6855, 0.6228, 0.6947, 0.6827, 0.6849, 0.6263, 0.5376],
        [0.6879, 0.8753, 0.5854, 0.7141, 0.7233, 0.6943, 0.6577, 0.5908],
        [0.6877, 0.6662, 0.8386, 0.6782, 0.6586, 0.6477, 0.6799, 0.6264],
        [0.7250, 0.6838, 0.6012, 0.9522, 0.7257, 0.7040, 0.6768, 0.6244],
        [0.6836, 0.6925, 0.6302, 0.7294, 0.8055, 0.6879, 0.7043, 0.6393],
        [0.6593, 0.6874, 0.5745, 0.7155, 0.6604, 0.9283, 0.6825, 0.5886],
        [0.6078, 0.6457, 0.6334, 0.7192, 0.7028, 0.6647, 0.8744, 0.6617],
        [0.6257, 0.6725, 0.6238, 0.7102, 0.6945, 0.6544, 0.6612, 0.8265]],
       device='cuda:0')
client running:0/59, client loss: 2.082979679107666, loss 1: 1.9291530847549438, loss 2: 0.0015382659621536732
client running:1/59, client loss: 2.046975612640381, loss 1: 1.9494421482086182, loss 2: 0.0009753343765623868
client running:2/59, client loss: 2.0644822120666504, loss 1: 1.9196093082427979, loss 2: 0.0014487290754914284
client running:3/59, client loss: 2.095176935195923, loss 1: 1.9237943887710571, loss 2: 0.0017138251569122076
client running:4/59, client loss: 2.056358575820923, loss 1: 1.9168059825897217, loss 2: 0.0013955249451100826
client running:5/59, client loss: 2.0342071056365967, loss 1: 1.9260838031768799, loss 2: 0.0010812337277457118
client running:6/59, client loss: 2.064182758331299, loss 1: 1.8968337774276733, loss 2: 0.001673489110544324
client running:7/59, client loss: 2.0881597995758057, loss 1: 1.9416743516921997, loss 2: 0.0014648542273789644
client running:8/59, client loss: 2.09250807762146, loss 1: 1.9283812046051025, loss 2: 0.0016412695404142141
client running:9/59, client loss: 2.102308511734009, loss 1: 1.9197032451629639, loss 2: 0.0018260525539517403
client running:10/59, client loss: 2.0188076496124268, loss 1: 1.9073182344436646, loss 2: 0.001114893821068108
client running:11/59, client loss: 2.08548641204834, loss 1: 1.916595220565796, loss 2: 0.0016889125108718872
client running:12/59, client loss: 2.1040749549865723, loss 1: 1.9360424280166626, loss 2: 0.001680324086919427
client running:13/59, client loss: 2.064223527908325, loss 1: 1.923579216003418, loss 2: 0.0014064435381442308
client running:14/59, client loss: 2.0986580848693848, loss 1: 1.936631441116333, loss 2: 0.0016202664701268077
client running:15/59, client loss: 2.031897783279419, loss 1: 1.927464246749878, loss 2: 0.0010443360079079866
client running:16/59, client loss: 2.1961355209350586, loss 1: 1.9313654899597168, loss 2: 0.002647700719535351
client running:17/59, client loss: 2.1000611782073975, loss 1: 1.9093058109283447, loss 2: 0.0019075545715168118
client running:18/59, client loss: 2.0912466049194336, loss 1: 1.9152159690856934, loss 2: 0.0017603072337806225
client running:19/59, client loss: 2.0932319164276123, loss 1: 1.9323991537094116, loss 2: 0.00160832772962749
client running:20/59, client loss: 2.035088300704956, loss 1: 1.9086123704910278, loss 2: 0.0012647593393921852
client running:21/59, client loss: 2.009969711303711, loss 1: 1.9073967933654785, loss 2: 0.0010257301619276404
client running:22/59, client loss: 2.0293803215026855, loss 1: 1.9211297035217285, loss 2: 0.0010825073113664985
client running:23/59, client loss: 2.1078097820281982, loss 1: 1.9180972576141357, loss 2: 0.0018971257377415895
client running:24/59, client loss: 2.04813814163208, loss 1: 1.922080636024475, loss 2: 0.0012605757219716907
client running:25/59, client loss: 2.106020212173462, loss 1: 1.9480082988739014, loss 2: 0.0015801191329956055
client running:26/59, client loss: 2.057555913925171, loss 1: 1.9196252822875977, loss 2: 0.0013793061953037977
client running:27/59, client loss: 2.112708568572998, loss 1: 1.9220635890960693, loss 2: 0.001906448625959456
client running:28/59, client loss: 1.9933518171310425, loss 1: 1.9221965074539185, loss 2: 0.0007115534390322864
client running:29/59, client loss: 2.048966407775879, loss 1: 1.9097901582717896, loss 2: 0.001391762401908636
client running:30/59, client loss: 2.0522146224975586, loss 1: 1.898436188697815, loss 2: 0.0015377835370600224
client running:31/59, client loss: 2.0607359409332275, loss 1: 1.9284158945083618, loss 2: 0.0013232009951025248
client running:32/59, client loss: 2.008986473083496, loss 1: 1.9083138704299927, loss 2: 0.0010067265247926116
client running:33/59, client loss: 2.0287442207336426, loss 1: 1.9227322340011597, loss 2: 0.0010601188987493515
client running:34/59, client loss: 2.1026225090026855, loss 1: 1.9361991882324219, loss 2: 0.001664234441705048
client running:35/59, client loss: 2.0419962406158447, loss 1: 1.952818751335144, loss 2: 0.0008917739614844322
client running:36/59, client loss: 2.0578665733337402, loss 1: 1.8943372964859009, loss 2: 0.0016352924285456538
client running:37/59, client loss: 2.0530481338500977, loss 1: 1.9328538179397583, loss 2: 0.0012019439600408077
client running:38/59, client loss: 2.094886302947998, loss 1: 1.91457998752594, loss 2: 0.0018030626233667135
client running:39/59, client loss: 2.029005527496338, loss 1: 1.9215890169143677, loss 2: 0.0010741651058197021
client running:40/59, client loss: 2.065232515335083, loss 1: 1.9399813413619995, loss 2: 0.0012525120982900262
client running:41/59, client loss: 2.0788638591766357, loss 1: 1.9374206066131592, loss 2: 0.0014144328888505697
client running:42/59, client loss: 2.031568765640259, loss 1: 1.9187620878219604, loss 2: 0.0011280663311481476
client running:43/59, client loss: 2.037440538406372, loss 1: 1.9200987815856934, loss 2: 0.001173418597318232
client running:44/59, client loss: 1.9989709854125977, loss 1: 1.930936336517334, loss 2: 0.0006803467404097319
client running:45/59, client loss: 2.1372625827789307, loss 1: 1.897078037261963, loss 2: 0.0024018462281674147
client running:46/59, client loss: 2.0300076007843018, loss 1: 1.9114710092544556, loss 2: 0.0011853653704747558
client running:47/59, client loss: 2.105117082595825, loss 1: 1.9362006187438965, loss 2: 0.001689164200797677
client running:48/59, client loss: 2.0169246196746826, loss 1: 1.8794682025909424, loss 2: 0.0013745634350925684
client running:49/59, client loss: 2.0552234649658203, loss 1: 1.9285904169082642, loss 2: 0.0012663300149142742
client running:50/59, client loss: 2.0669028759002686, loss 1: 1.914868712425232, loss 2: 0.00152034149505198
client running:51/59, client loss: 2.0460500717163086, loss 1: 1.9371265172958374, loss 2: 0.0010892348363995552
client running:52/59, client loss: 2.0482163429260254, loss 1: 1.9236090183258057, loss 2: 0.0012460744474083185
client running:53/59, client loss: 2.0482184886932373, loss 1: 1.9220975637435913, loss 2: 0.0012612092541530728
client running:54/59, client loss: 2.0569427013397217, loss 1: 1.9178119897842407, loss 2: 0.0013913080329075456
client running:55/59, client loss: 2.04716157913208, loss 1: 1.9162555932998657, loss 2: 0.001309059327468276
client running:56/59, client loss: 2.0137903690338135, loss 1: 1.9171984195709229, loss 2: 0.000965919520240277
client running:57/59, client loss: 2.002089500427246, loss 1: 1.8935045003890991, loss 2: 0.0010858505265787244
client running:58/59, client loss: 2.043640613555908, loss 1: 1.9300172328948975, loss 2: 0.0011362341465428472
server loss: tensor([[0.9049, 0.6514, 0.5713, 0.7323, 0.7077, 0.7375, 0.7604, 0.7203],
        [0.7179, 0.9102, 0.5777, 0.7311, 0.7369, 0.7103, 0.7074, 0.7091],
        [0.6571, 0.6244, 0.8360, 0.6983, 0.7029, 0.6513, 0.6913, 0.6819],
        [0.6847, 0.6972, 0.5785, 0.9296, 0.7697, 0.7036, 0.7462, 0.6923],
        [0.6969, 0.6982, 0.5941, 0.7813, 0.9444, 0.7250, 0.7602, 0.7456],
        [0.7170, 0.6798, 0.5669, 0.7168, 0.7079, 0.9185, 0.7538, 0.7001],
        [0.7278, 0.6661, 0.6039, 0.7415, 0.7193, 0.7320, 0.9349, 0.7428],
        [0.6874, 0.6982, 0.6141, 0.7028, 0.7516, 0.7180, 0.7302, 0.9327]],
       device='cuda:0')
client running:0/59, client loss: 2.125128746032715, loss 1: 1.901685357093811, loss 2: 0.0022344328463077545
client running:1/59, client loss: 2.107227087020874, loss 1: 1.9177939891815186, loss 2: 0.0018943299073725939
client running:2/59, client loss: 2.0380897521972656, loss 1: 1.932492733001709, loss 2: 0.0010559691581875086
client running:3/59, client loss: 2.075455904006958, loss 1: 1.9326324462890625, loss 2: 0.0014282339252531528
client running:4/59, client loss: 2.1673130989074707, loss 1: 1.9398049116134644, loss 2: 0.002275081817060709
client running:5/59, client loss: 2.0613255500793457, loss 1: 1.9206024408340454, loss 2: 0.0014072313206270337
client running:6/59, client loss: 2.0717861652374268, loss 1: 1.9318562746047974, loss 2: 0.0013992984313517809
client running:7/59, client loss: 2.0179738998413086, loss 1: 1.9223403930664062, loss 2: 0.0009563342318870127
client running:8/59, client loss: 2.040391445159912, loss 1: 1.9096455574035645, loss 2: 0.001307459082454443
client running:9/59, client loss: 2.097088098526001, loss 1: 1.9207158088684082, loss 2: 0.0017637234413996339
client running:10/59, client loss: 2.070770263671875, loss 1: 1.9125093221664429, loss 2: 0.0015826085582375526
client running:11/59, client loss: 2.072394609451294, loss 1: 1.9306273460388184, loss 2: 0.0014176724944263697
client running:12/59, client loss: 2.072125196456909, loss 1: 1.9272104501724243, loss 2: 0.0014491467736661434
client running:13/59, client loss: 2.1007754802703857, loss 1: 1.9065349102020264, loss 2: 0.0019424047786742449
client running:14/59, client loss: 2.052398681640625, loss 1: 1.916197419166565, loss 2: 0.001362011767923832
client running:15/59, client loss: 2.050419330596924, loss 1: 1.9270379543304443, loss 2: 0.0012338126543909311
client running:16/59, client loss: 2.028580665588379, loss 1: 1.929182529449463, loss 2: 0.0009939803276211023
client running:17/59, client loss: 2.015754461288452, loss 1: 1.9038704633712769, loss 2: 0.001118839136324823
client running:18/59, client loss: 2.062364101409912, loss 1: 1.898550033569336, loss 2: 0.001638140412978828
client running:19/59, client loss: 2.0275931358337402, loss 1: 1.9152017831802368, loss 2: 0.0011239144951105118
client running:20/59, client loss: 2.121896505355835, loss 1: 1.9169641733169556, loss 2: 0.0020493236370384693
client running:21/59, client loss: 2.1687910556793213, loss 1: 1.9603662490844727, loss 2: 0.0020842477679252625
client running:22/59, client loss: 2.0420546531677246, loss 1: 1.922881841659546, loss 2: 0.0011917292140424252
client running:23/59, client loss: 2.010889768600464, loss 1: 1.9243242740631104, loss 2: 0.0008656558929942548
client running:24/59, client loss: 2.0243005752563477, loss 1: 1.9139989614486694, loss 2: 0.0011030160821974277
client running:25/59, client loss: 2.0271689891815186, loss 1: 1.8979562520980835, loss 2: 0.0012921264860779047
client running:26/59, client loss: 2.0907793045043945, loss 1: 1.9309697151184082, loss 2: 0.001598095172084868
client running:27/59, client loss: 2.0675508975982666, loss 1: 1.8972458839416504, loss 2: 0.0017030502203851938
client running:28/59, client loss: 2.0437328815460205, loss 1: 1.9368999004364014, loss 2: 0.0010683302534744143
client running:29/59, client loss: 2.074568271636963, loss 1: 1.9307202100753784, loss 2: 0.0014384806854650378
client running:30/59, client loss: 2.0594964027404785, loss 1: 1.8956745862960815, loss 2: 0.0016382172470912337
client running:31/59, client loss: 2.0684187412261963, loss 1: 1.9603532552719116, loss 2: 0.0010806554928421974
client running:32/59, client loss: 2.0932135581970215, loss 1: 1.9210686683654785, loss 2: 0.00172144896350801
client running:33/59, client loss: 2.1008870601654053, loss 1: 1.8786753416061401, loss 2: 0.0022221175022423267
client running:34/59, client loss: 2.023188352584839, loss 1: 1.9186043739318848, loss 2: 0.001045839162543416
client running:35/59, client loss: 2.040938377380371, loss 1: 1.9200698137283325, loss 2: 0.0012086849892511964
client running:36/59, client loss: 2.1543240547180176, loss 1: 1.9238920211791992, loss 2: 0.0023043204564601183
client running:37/59, client loss: 2.0344669818878174, loss 1: 1.9163233041763306, loss 2: 0.0011814369354397058
client running:38/59, client loss: 2.0536842346191406, loss 1: 1.9315571784973145, loss 2: 0.0012212704168632627
client running:39/59, client loss: 2.057502508163452, loss 1: 1.941179633140564, loss 2: 0.001163228414952755
client running:40/59, client loss: 2.0177152156829834, loss 1: 1.9383714199066162, loss 2: 0.0007934379391372204
client running:41/59, client loss: 2.18852162361145, loss 1: 1.9215211868286133, loss 2: 0.002670004963874817
client running:42/59, client loss: 2.0744009017944336, loss 1: 1.9089288711547852, loss 2: 0.0016547210980206728
client running:43/59, client loss: 2.023130178451538, loss 1: 1.9271578788757324, loss 2: 0.0009597218595445156
client running:44/59, client loss: 2.0393505096435547, loss 1: 1.9252995252609253, loss 2: 0.0011405099648982286
client running:45/59, client loss: 2.04487943649292, loss 1: 1.9227784872055054, loss 2: 0.001221010461449623
client running:46/59, client loss: 2.0886611938476562, loss 1: 1.93115234375, loss 2: 0.0015750877792015672
client running:47/59, client loss: 2.016578197479248, loss 1: 1.8936153650283813, loss 2: 0.0012296278728172183
client running:48/59, client loss: 2.023540735244751, loss 1: 1.9086110591888428, loss 2: 0.001149296178482473
client running:49/59, client loss: 2.0660560131073, loss 1: 1.9145817756652832, loss 2: 0.00151474226731807
client running:50/59, client loss: 2.050042152404785, loss 1: 1.9242644309997559, loss 2: 0.0012577763991430402
client running:51/59, client loss: 2.077540636062622, loss 1: 1.933480978012085, loss 2: 0.0014405971160158515
client running:52/59, client loss: 2.068431854248047, loss 1: 1.945699691772461, loss 2: 0.0012273206375539303
client running:53/59, client loss: 2.0363011360168457, loss 1: 1.9135483503341675, loss 2: 0.0012275280896574259
client running:54/59, client loss: 2.03849458694458, loss 1: 1.9136992692947388, loss 2: 0.0012479524593800306
client running:55/59, client loss: 2.0577991008758545, loss 1: 1.9145593643188477, loss 2: 0.0014323974028229713
client running:56/59, client loss: 2.0289981365203857, loss 1: 1.9017744064331055, loss 2: 0.0012722371611744165
client running:57/59, client loss: 2.0212037563323975, loss 1: 1.9308216571807861, loss 2: 0.0009038217831403017
client running:58/59, client loss: 2.0299432277679443, loss 1: 1.9152356386184692, loss 2: 0.001147075672633946
server loss: tensor([[0.9235, 0.6524, 0.6174, 0.6737, 0.6711, 0.6425, 0.7038, 0.6709],
        [0.7200, 0.8189, 0.6245, 0.6655, 0.6156, 0.6144, 0.7057, 0.6384],
        [0.6902, 0.6593, 0.8629, 0.6774, 0.7337, 0.6030, 0.6784, 0.6714],
        [0.6667, 0.6042, 0.6343, 0.8549, 0.6465, 0.6800, 0.6393, 0.6119],
        [0.6474, 0.6360, 0.6529, 0.6351, 0.8739, 0.5371, 0.7375, 0.6703],
        [0.6586, 0.5826, 0.5652, 0.6423, 0.5557, 0.8202, 0.6276, 0.5584],
        [0.6664, 0.6383, 0.5739, 0.6546, 0.6864, 0.5862, 0.9660, 0.6471],
        [0.7261, 0.6613, 0.6315, 0.6770, 0.7038, 0.5926, 0.7422, 0.8526]],
       device='cuda:0')
client running:0/59, client loss: 2.139116048812866, loss 1: 1.9263218641281128, loss 2: 0.002127942629158497
client running:1/59, client loss: 2.049718141555786, loss 1: 1.9015763998031616, loss 2: 0.0014814171008765697
client running:2/59, client loss: 2.1428332328796387, loss 1: 1.9346855878829956, loss 2: 0.0020814763847738504
client running:3/59, client loss: 2.1280999183654785, loss 1: 1.9203307628631592, loss 2: 0.002077690791338682
client running:4/59, client loss: 2.068243980407715, loss 1: 1.937766194343567, loss 2: 0.0013047787360846996
client running:5/59, client loss: 2.0900704860687256, loss 1: 1.9466114044189453, loss 2: 0.001434590551070869
client running:6/59, client loss: 2.071247100830078, loss 1: 1.9274928569793701, loss 2: 0.0014375433092936873
client running:7/59, client loss: 2.1663296222686768, loss 1: 1.9189389944076538, loss 2: 0.0024739066138863564
client running:8/59, client loss: 2.0691256523132324, loss 1: 1.9257299900054932, loss 2: 0.001433957484550774
client running:9/59, client loss: 2.102637767791748, loss 1: 1.9427506923675537, loss 2: 0.0015988695668056607
client running:10/59, client loss: 2.0607144832611084, loss 1: 1.9111055135726929, loss 2: 0.0014960900880396366
client running:11/59, client loss: 2.043992519378662, loss 1: 1.8978872299194336, loss 2: 0.0014610516373068094
client running:12/59, client loss: 2.005378007888794, loss 1: 1.9242875576019287, loss 2: 0.0008109055343084037
client running:13/59, client loss: 2.021698474884033, loss 1: 1.9120241403579712, loss 2: 0.0010967426933348179
client running:14/59, client loss: 2.107445001602173, loss 1: 1.9463214874267578, loss 2: 0.0016112347366288304
client running:15/59, client loss: 2.090576171875, loss 1: 1.9198476076126099, loss 2: 0.001707284478470683
client running:16/59, client loss: 2.109273910522461, loss 1: 1.92393159866333, loss 2: 0.0018534240080043674
client running:17/59, client loss: 2.089475393295288, loss 1: 1.9368829727172852, loss 2: 0.0015259247738867998
client running:18/59, client loss: 2.0731399059295654, loss 1: 1.9546360969543457, loss 2: 0.001185038941912353
client running:19/59, client loss: 2.076925277709961, loss 1: 1.9198580980300903, loss 2: 0.0015706713311374187
client running:20/59, client loss: 2.0675721168518066, loss 1: 1.9435447454452515, loss 2: 0.0012402739375829697
client running:21/59, client loss: 2.0335352420806885, loss 1: 1.9108561277389526, loss 2: 0.0012267917627468705
client running:22/59, client loss: 2.033087730407715, loss 1: 1.9132689237594604, loss 2: 0.0011981884017586708
client running:23/59, client loss: 2.0707719326019287, loss 1: 1.9143539667129517, loss 2: 0.001564180594868958
client running:24/59, client loss: 2.0102288722991943, loss 1: 1.9126819372177124, loss 2: 0.0009754691855050623
client running:25/59, client loss: 2.0151734352111816, loss 1: 1.9137427806854248, loss 2: 0.0010143064428120852
client running:26/59, client loss: 2.0592896938323975, loss 1: 1.9226497411727905, loss 2: 0.0013663993449881673
client running:27/59, client loss: 2.0014588832855225, loss 1: 1.9140706062316895, loss 2: 0.0008738816832192242
client running:28/59, client loss: 2.0547361373901367, loss 1: 1.9212514162063599, loss 2: 0.0013348464854061604
client running:29/59, client loss: 2.0688509941101074, loss 1: 1.9299812316894531, loss 2: 0.0013886978849768639
client running:30/59, client loss: 2.057943344116211, loss 1: 1.9259562492370605, loss 2: 0.0013198710512369871
client running:31/59, client loss: 2.0574917793273926, loss 1: 1.9004015922546387, loss 2: 0.0015709006693214178
client running:32/59, client loss: 2.0387978553771973, loss 1: 1.9047236442565918, loss 2: 0.00134074327070266
client running:33/59, client loss: 2.085871934890747, loss 1: 1.9219169616699219, loss 2: 0.0016395486891269684
client running:34/59, client loss: 2.094926118850708, loss 1: 1.939802646636963, loss 2: 0.0015512355603277683
client running:35/59, client loss: 2.1114611625671387, loss 1: 1.9312866926193237, loss 2: 0.0018017459660768509
client running:36/59, client loss: 2.0165295600891113, loss 1: 1.9149963855743408, loss 2: 0.0010153325274586678
client running:37/59, client loss: 2.060206174850464, loss 1: 1.9216939210891724, loss 2: 0.0013851227704435587
client running:38/59, client loss: 2.02262806892395, loss 1: 1.9343409538269043, loss 2: 0.0008828705176711082
client running:39/59, client loss: 2.0723819732666016, loss 1: 1.9237216711044312, loss 2: 0.0014866036362946033
client running:40/59, client loss: 2.0847387313842773, loss 1: 1.9088058471679688, loss 2: 0.0017593284137547016
client running:41/59, client loss: 2.0719542503356934, loss 1: 1.9201388359069824, loss 2: 0.0015181528870016336
client running:42/59, client loss: 1.9752060174942017, loss 1: 1.9037885665893555, loss 2: 0.0007141742971725762
client running:43/59, client loss: 2.0783402919769287, loss 1: 1.9308074712753296, loss 2: 0.0014753286959603429
client running:44/59, client loss: 2.042736530303955, loss 1: 1.9177026748657227, loss 2: 0.0012503373436629772
client running:45/59, client loss: 2.063654899597168, loss 1: 1.9256768226623535, loss 2: 0.0013797817518934608
client running:46/59, client loss: 2.0725204944610596, loss 1: 1.9119294881820679, loss 2: 0.0016059104818850756
client running:47/59, client loss: 2.032327651977539, loss 1: 1.9362521171569824, loss 2: 0.0009607563260942698
client running:48/59, client loss: 2.0829455852508545, loss 1: 1.920512318611145, loss 2: 0.0016243335558101535
client running:49/59, client loss: 2.1036670207977295, loss 1: 1.9298548698425293, loss 2: 0.0017381205689162016
client running:50/59, client loss: 2.045651912689209, loss 1: 1.9195412397384644, loss 2: 0.0012611077399924397
client running:51/59, client loss: 2.0235352516174316, loss 1: 1.9256662130355835, loss 2: 0.0009786906884983182
client running:52/59, client loss: 2.05948543548584, loss 1: 1.9162126779556274, loss 2: 0.0014327267417684197
client running:53/59, client loss: 2.044285297393799, loss 1: 1.9437994956970215, loss 2: 0.0010048579424619675
client running:54/59, client loss: 1.9984039068222046, loss 1: 1.9086294174194336, loss 2: 0.0008977453107945621
client running:55/59, client loss: 2.0371880531311035, loss 1: 1.9076088666915894, loss 2: 0.0012957911239936948
client running:56/59, client loss: 2.0416460037231445, loss 1: 1.9338809251785278, loss 2: 0.0010776508133858442
client running:57/59, client loss: 2.0007359981536865, loss 1: 1.9058287143707275, loss 2: 0.0009490720694884658
client running:58/59, client loss: 2.014700412750244, loss 1: 1.9418689012527466, loss 2: 0.0007283157319761813
server loss: tensor([[0.8695, 0.6976, 0.6113, 0.6848, 0.6508, 0.6480, 0.6740, 0.6845],
        [0.6903, 0.7762, 0.6359, 0.7207, 0.6827, 0.6828, 0.6861, 0.7002],
        [0.6829, 0.6496, 0.8458, 0.6541, 0.7014, 0.6910, 0.6255, 0.6523],
        [0.7377, 0.7120, 0.6708, 0.9527, 0.7648, 0.7344, 0.6936, 0.7522],
        [0.6592, 0.6624, 0.6645, 0.7399, 0.9276, 0.7514, 0.6540, 0.7025],
        [0.6904, 0.6420, 0.6937, 0.7336, 0.7879, 0.9353, 0.6540, 0.7273],
        [0.6903, 0.7129, 0.6477, 0.6711, 0.6750, 0.6469, 0.8167, 0.6441],
        [0.7298, 0.7000, 0.6503, 0.7633, 0.7255, 0.7240, 0.6573, 0.9296]],
       device='cuda:0')
client running:0/59, client loss: 2.0594558715820312, loss 1: 1.9092206954956055, loss 2: 0.0015023520682007074
client running:1/59, client loss: 2.133106231689453, loss 1: 1.9327491521835327, loss 2: 0.0020035705529153347
client running:2/59, client loss: 2.090946912765503, loss 1: 1.9186415672302246, loss 2: 0.0017230533994734287
client running:3/59, client loss: 2.117337226867676, loss 1: 1.9189730882644653, loss 2: 0.001983642578125
client running:4/59, client loss: 2.0468645095825195, loss 1: 1.9155478477478027, loss 2: 0.0013131676241755486
client running:5/59, client loss: 2.160557508468628, loss 1: 1.9303512573242188, loss 2: 0.0023020615335553885
client running:6/59, client loss: 2.0855071544647217, loss 1: 1.9039921760559082, loss 2: 0.0018151503754779696
client running:7/59, client loss: 2.222524404525757, loss 1: 1.9451340436935425, loss 2: 0.0027739040087908506
client running:8/59, client loss: 2.092900514602661, loss 1: 1.9342589378356934, loss 2: 0.0015864160377532244
client running:9/59, client loss: 2.1184332370758057, loss 1: 1.9094383716583252, loss 2: 0.002089948393404484
client running:10/59, client loss: 2.0720882415771484, loss 1: 1.9514646530151367, loss 2: 0.0012062364257872105
client running:11/59, client loss: 2.0916528701782227, loss 1: 1.915551781654358, loss 2: 0.0017610108479857445
client running:12/59, client loss: 2.135816812515259, loss 1: 1.93328857421875, loss 2: 0.0020252824760973454
client running:13/59, client loss: 2.0314948558807373, loss 1: 1.9198901653289795, loss 2: 0.0011160465655848384
client running:14/59, client loss: 2.0479977130889893, loss 1: 1.9432425498962402, loss 2: 0.0010475509334355593
client running:15/59, client loss: 2.0484137535095215, loss 1: 1.9411593675613403, loss 2: 0.0010725449537858367
client running:16/59, client loss: 2.090026378631592, loss 1: 1.8997911214828491, loss 2: 0.0019023523200303316
client running:17/59, client loss: 2.065613031387329, loss 1: 1.931574821472168, loss 2: 0.0013403829652816057
client running:18/59, client loss: 2.029999256134033, loss 1: 1.8998831510543823, loss 2: 0.0013011617120355368
client running:19/59, client loss: 2.0318713188171387, loss 1: 1.8974089622497559, loss 2: 0.001344623975455761
client running:20/59, client loss: 2.0562708377838135, loss 1: 1.9512449502944946, loss 2: 0.0010502594523131847
client running:21/59, client loss: 2.0454914569854736, loss 1: 1.9329050779342651, loss 2: 0.0011258641025051475
client running:22/59, client loss: 2.116691827774048, loss 1: 1.905067801475525, loss 2: 0.0021162410266697407
client running:23/59, client loss: 2.034255027770996, loss 1: 1.9362432956695557, loss 2: 0.000980116194114089
client running:24/59, client loss: 2.081178665161133, loss 1: 1.9239839315414429, loss 2: 0.0015719467774033546
client running:25/59, client loss: 2.0218734741210938, loss 1: 1.9153668880462646, loss 2: 0.0010650658514350653
client running:26/59, client loss: 2.0235202312469482, loss 1: 1.9190934896469116, loss 2: 0.0010442674392834306
client running:27/59, client loss: 2.0322160720825195, loss 1: 1.923393726348877, loss 2: 0.001088224584236741
client running:28/59, client loss: 2.074420928955078, loss 1: 1.918108582496643, loss 2: 0.0015631229616701603
client running:29/59, client loss: 2.021110773086548, loss 1: 1.9300916194915771, loss 2: 0.0009101911564357579
client running:30/59, client loss: 2.09897518157959, loss 1: 1.905826210975647, loss 2: 0.0019314903765916824
client running:31/59, client loss: 2.0067765712738037, loss 1: 1.9299182891845703, loss 2: 0.0007685839664191008
client running:32/59, client loss: 2.068115472793579, loss 1: 1.9167640209197998, loss 2: 0.0015135135035961866
client running:33/59, client loss: 2.0423173904418945, loss 1: 1.9572815895080566, loss 2: 0.0008503569988533854
client running:34/59, client loss: 2.130617380142212, loss 1: 1.9257256984710693, loss 2: 0.0020489157177507877
client running:35/59, client loss: 2.122044324874878, loss 1: 1.936941385269165, loss 2: 0.0018510298104956746
client running:36/59, client loss: 2.066148281097412, loss 1: 1.9303319454193115, loss 2: 0.0013581621460616589
client running:37/59, client loss: 2.036712884902954, loss 1: 1.9298797845840454, loss 2: 0.0010683299042284489
client running:38/59, client loss: 2.01603364944458, loss 1: 1.891169786453247, loss 2: 0.001248639076948166
client running:39/59, client loss: 2.063988208770752, loss 1: 1.956482172012329, loss 2: 0.0010750602232292295
client running:40/59, client loss: 2.0528454780578613, loss 1: 1.9430053234100342, loss 2: 0.001098402077332139
client running:41/59, client loss: 2.1289563179016113, loss 1: 1.944525957107544, loss 2: 0.001844304846599698
client running:42/59, client loss: 2.015566349029541, loss 1: 1.9332612752914429, loss 2: 0.0008230515522882342
client running:43/59, client loss: 2.0264124870300293, loss 1: 1.900986909866333, loss 2: 0.0012542558833956718
client running:44/59, client loss: 2.0760514736175537, loss 1: 1.9149572849273682, loss 2: 0.001610941020771861
client running:45/59, client loss: 2.0875980854034424, loss 1: 1.949875831604004, loss 2: 0.0013772222446277738
client running:46/59, client loss: 2.0067477226257324, loss 1: 1.932526707649231, loss 2: 0.0007422103080898523
client running:47/59, client loss: 2.025761127471924, loss 1: 1.9063385725021362, loss 2: 0.001194226322695613
client running:48/59, client loss: 2.03533935546875, loss 1: 1.9266575574874878, loss 2: 0.0010868189856410027
client running:49/59, client loss: 2.079151153564453, loss 1: 1.9116640090942383, loss 2: 0.001674871426075697
client running:50/59, client loss: 2.0045504570007324, loss 1: 1.9132568836212158, loss 2: 0.0009129359386861324
client running:51/59, client loss: 1.9878448247909546, loss 1: 1.900355339050293, loss 2: 0.0008748945547267795
client running:52/59, client loss: 2.076594352722168, loss 1: 1.9624353647232056, loss 2: 0.0011415890185162425
client running:53/59, client loss: 2.007965326309204, loss 1: 1.922415018081665, loss 2: 0.0008555040694773197
client running:54/59, client loss: 2.0441248416900635, loss 1: 1.9286351203918457, loss 2: 0.0011548978509381413
client running:55/59, client loss: 2.063830614089966, loss 1: 1.914833664894104, loss 2: 0.0014899701345711946
client running:56/59, client loss: 2.083634376525879, loss 1: 1.9118361473083496, loss 2: 0.0017179816495627165
client running:57/59, client loss: 2.024968385696411, loss 1: 1.9054210186004639, loss 2: 0.0011954742949455976
client running:58/59, client loss: 2.0099940299987793, loss 1: 1.9182592630386353, loss 2: 0.0009173481375910342
server loss: tensor([[0.9227, 0.6234, 0.7460, 0.6719, 0.6215, 0.7332, 0.7584, 0.7662],
        [0.5709, 0.8402, 0.6636, 0.6037, 0.5919, 0.5994, 0.6500, 0.6600],
        [0.6890, 0.6331, 0.9266, 0.6744, 0.6511, 0.7079, 0.7303, 0.7466],
        [0.6624, 0.6474, 0.6960, 0.8845, 0.6169, 0.6981, 0.7143, 0.7119],
        [0.6330, 0.6490, 0.6961, 0.6810, 0.8313, 0.6593, 0.7182, 0.6854],
        [0.6861, 0.6238, 0.6880, 0.6545, 0.6180, 0.8964, 0.7221, 0.7272],
        [0.7201, 0.6634, 0.7232, 0.6818, 0.6614, 0.7189, 0.9318, 0.7945],
        [0.6879, 0.6366, 0.6947, 0.6809, 0.6065, 0.6959, 0.7224, 0.9071]],
       device='cuda:0')
server average tensor
client running:0/59, client loss: 2.076775550842285, loss 1: 1.919985294342041, loss 2: 0.0015679014613851905
client running:1/59, client loss: 2.139672040939331, loss 1: 1.9214231967926025, loss 2: 0.002182487864047289
client running:2/59, client loss: 2.0821642875671387, loss 1: 1.9252400398254395, loss 2: 0.001569243147969246
client running:3/59, client loss: 2.0333847999572754, loss 1: 1.8920435905456543, loss 2: 0.0014134118100628257
client running:4/59, client loss: 2.036642074584961, loss 1: 1.9227510690689087, loss 2: 0.0011389104183763266
client running:5/59, client loss: 2.114466667175293, loss 1: 1.936675786972046, loss 2: 0.001777908531948924
client running:6/59, client loss: 2.100451707839966, loss 1: 1.9274338483810425, loss 2: 0.0017301777843385935
client running:7/59, client loss: 2.051354169845581, loss 1: 1.9251869916915894, loss 2: 0.0012616716558113694
client running:8/59, client loss: 2.014192581176758, loss 1: 1.8829948902130127, loss 2: 0.001311978092417121
client running:9/59, client loss: 2.047192096710205, loss 1: 1.918547511100769, loss 2: 0.0012864455347880721
client running:10/59, client loss: 2.0369997024536133, loss 1: 1.8942687511444092, loss 2: 0.0014273084234446287
client running:11/59, client loss: 2.2211341857910156, loss 1: 1.9308366775512695, loss 2: 0.00290297600440681
client running:12/59, client loss: 2.0092580318450928, loss 1: 1.9041229486465454, loss 2: 0.001051349681802094
client running:13/59, client loss: 2.089646100997925, loss 1: 1.8893041610717773, loss 2: 0.0020034187473356724
client running:14/59, client loss: 2.1046276092529297, loss 1: 1.9156874418258667, loss 2: 0.0018894015811383724
client running:15/59, client loss: 2.0416157245635986, loss 1: 1.9206725358963013, loss 2: 0.0012094320263713598
client running:16/59, client loss: 2.0491490364074707, loss 1: 1.918034553527832, loss 2: 0.0013111457228660583
client running:17/59, client loss: 2.0712387561798096, loss 1: 1.9366652965545654, loss 2: 0.00134573457762599
client running:18/59, client loss: 2.0441174507141113, loss 1: 1.8931097984313965, loss 2: 0.0015100764576345682
client running:19/59, client loss: 2.0616860389709473, loss 1: 1.9018006324768066, loss 2: 0.0015988546656444669
client running:20/59, client loss: 2.025779962539673, loss 1: 1.9235385656356812, loss 2: 0.0010224150028079748
client running:21/59, client loss: 2.028571605682373, loss 1: 1.913245439529419, loss 2: 0.0011532610515132546
client running:22/59, client loss: 2.075284242630005, loss 1: 1.9233677387237549, loss 2: 0.0015191653510555625
client running:23/59, client loss: 2.048612117767334, loss 1: 1.906816005706787, loss 2: 0.0014179606223478913
client running:24/59, client loss: 2.0292186737060547, loss 1: 1.9188424348831177, loss 2: 0.001103762537240982
client running:25/59, client loss: 2.074197769165039, loss 1: 1.9169840812683105, loss 2: 0.0015721357194706798
client running:26/59, client loss: 2.057046890258789, loss 1: 1.9172543287277222, loss 2: 0.0013979250798001885
client running:27/59, client loss: 2.0778651237487793, loss 1: 1.930474877357483, loss 2: 0.0014739028410986066
client running:28/59, client loss: 2.000800132751465, loss 1: 1.8978431224822998, loss 2: 0.0010295708198100328
client running:29/59, client loss: 2.0380265712738037, loss 1: 1.9128016233444214, loss 2: 0.0012522496981546283
client running:30/59, client loss: 2.0975582599639893, loss 1: 1.9137306213378906, loss 2: 0.001838275813497603
client running:31/59, client loss: 2.0398876667022705, loss 1: 1.9221514463424683, loss 2: 0.0011773626320064068
client running:32/59, client loss: 2.0703155994415283, loss 1: 1.920072078704834, loss 2: 0.0015024347230792046
client running:33/59, client loss: 2.0035717487335205, loss 1: 1.9148398637771606, loss 2: 0.0008873197948560119
client running:34/59, client loss: 2.100834369659424, loss 1: 1.9251787662506104, loss 2: 0.0017565558664500713
client running:35/59, client loss: 2.0272278785705566, loss 1: 1.9140355587005615, loss 2: 0.0011319228215143085
client running:36/59, client loss: 2.0537374019622803, loss 1: 1.9116861820220947, loss 2: 0.0014205130282789469
client running:37/59, client loss: 2.125621795654297, loss 1: 1.927423119544983, loss 2: 0.0019819876179099083
client running:38/59, client loss: 2.107757568359375, loss 1: 1.9097033739089966, loss 2: 0.001980541506782174
client running:39/59, client loss: 2.145141363143921, loss 1: 1.9244242906570435, loss 2: 0.002207170706242323
client running:40/59, client loss: 2.0789990425109863, loss 1: 1.9329160451889038, loss 2: 0.0014608309138566256
client running:41/59, client loss: 2.153059959411621, loss 1: 1.9101357460021973, loss 2: 0.002429243177175522
client running:42/59, client loss: 2.0410945415496826, loss 1: 1.9250545501708984, loss 2: 0.001160399173386395
client running:43/59, client loss: 2.025398015975952, loss 1: 1.8935539722442627, loss 2: 0.0013184414710849524
client running:44/59, client loss: 2.0468621253967285, loss 1: 1.9377868175506592, loss 2: 0.0010907541727647185
client running:45/59, client loss: 2.011669397354126, loss 1: 1.9179540872573853, loss 2: 0.0009371525375172496
client running:46/59, client loss: 1.9984219074249268, loss 1: 1.9062602519989014, loss 2: 0.0009216160397045314
client running:47/59, client loss: 2.018641948699951, loss 1: 1.9075064659118652, loss 2: 0.0011113542132079601
client running:48/59, client loss: 2.061263084411621, loss 1: 1.8920328617095947, loss 2: 0.001692301593720913
client running:49/59, client loss: 2.039616823196411, loss 1: 1.9037761688232422, loss 2: 0.0013584054540842772
client running:50/59, client loss: 2.0494346618652344, loss 1: 1.9333206415176392, loss 2: 0.0011611394584178925
client running:51/59, client loss: 2.0230650901794434, loss 1: 1.9238457679748535, loss 2: 0.0009921938180923462
client running:52/59, client loss: 2.113676071166992, loss 1: 1.929467797279358, loss 2: 0.0018420836422592402
client running:53/59, client loss: 2.020458459854126, loss 1: 1.8834691047668457, loss 2: 0.001369893434457481
client running:54/59, client loss: 1.9975043535232544, loss 1: 1.891167163848877, loss 2: 0.001063372241333127
client running:55/59, client loss: 2.004082679748535, loss 1: 1.930359125137329, loss 2: 0.0007372357649728656
client running:56/59, client loss: 2.0492990016937256, loss 1: 1.9198002815246582, loss 2: 0.0012949869269505143
client running:57/59, client loss: 2.040877342224121, loss 1: 1.9065046310424805, loss 2: 0.0013437262969091535
client running:58/59, client loss: 2.0107548236846924, loss 1: 1.928208827972412, loss 2: 0.0008254593703895807
server loss: tensor([[0.9019, 0.6746, 0.6563, 0.6675, 0.7023, 0.7124, 0.6076, 0.6872],
        [0.6113, 0.9087, 0.7133, 0.6289, 0.7272, 0.7266, 0.6151, 0.7331],
        [0.6110, 0.7655, 0.9495, 0.6584, 0.7650, 0.7772, 0.6171, 0.7365],
        [0.6647, 0.7528, 0.7191, 0.8026, 0.7808, 0.7355, 0.6336, 0.7177],
        [0.5868, 0.6941, 0.7113, 0.6246, 0.8613, 0.6995, 0.5917, 0.7037],
        [0.6590, 0.7276, 0.6995, 0.6289, 0.7297, 0.9170, 0.6282, 0.7704],
        [0.6151, 0.6768, 0.6591, 0.6089, 0.6852, 0.7428, 0.8695, 0.7336],
        [0.6593, 0.7615, 0.7186, 0.6419, 0.7552, 0.7722, 0.6558, 0.9482]],
       device='cuda:0')
client running:0/59, client loss: 2.1530487537384033, loss 1: 1.9238959550857544, loss 2: 0.002291527111083269
client running:1/59, client loss: 2.0971486568450928, loss 1: 1.9380745887756348, loss 2: 0.0015907399356365204
client running:2/59, client loss: 2.0690371990203857, loss 1: 1.9406635761260986, loss 2: 0.0012837362010031939
client running:3/59, client loss: 2.1058309078216553, loss 1: 1.8994264602661133, loss 2: 0.0020640443544834852
client running:4/59, client loss: 2.0807912349700928, loss 1: 1.9395438432693481, loss 2: 0.001412473153322935
client running:5/59, client loss: 2.1094319820404053, loss 1: 1.9239673614501953, loss 2: 0.0018546454375609756
client running:6/59, client loss: 2.1274681091308594, loss 1: 1.9205026626586914, loss 2: 0.002069653244689107
client running:7/59, client loss: 2.1051928997039795, loss 1: 1.9463927745819092, loss 2: 0.0015880002174526453
client running:8/59, client loss: 2.0604822635650635, loss 1: 1.8847850561141968, loss 2: 0.0017569728661328554
client running:9/59, client loss: 2.1041576862335205, loss 1: 1.9102873802185059, loss 2: 0.0019387020729482174
client running:10/59, client loss: 2.056140422821045, loss 1: 1.9239859580993652, loss 2: 0.0013215455692261457
client running:11/59, client loss: 2.0297012329101562, loss 1: 1.8971953392028809, loss 2: 0.0013250578194856644
client running:12/59, client loss: 2.0434839725494385, loss 1: 1.9107855558395386, loss 2: 0.0013269837945699692
client running:13/59, client loss: 2.1276206970214844, loss 1: 1.943265438079834, loss 2: 0.0018435516394674778
client running:14/59, client loss: 2.0997440814971924, loss 1: 1.9200658798217773, loss 2: 0.0017967810854315758
client running:15/59, client loss: 2.079878330230713, loss 1: 1.913548231124878, loss 2: 0.0016632997430860996
client running:16/59, client loss: 2.0652756690979004, loss 1: 1.9061559438705444, loss 2: 0.0015911977970972657
client running:17/59, client loss: 2.0778989791870117, loss 1: 1.9287492036819458, loss 2: 0.001491496805101633
client running:18/59, client loss: 2.052328109741211, loss 1: 1.9178345203399658, loss 2: 0.0013449355028569698
client running:19/59, client loss: 2.0389654636383057, loss 1: 1.9237580299377441, loss 2: 0.0011520739644765854
client running:20/59, client loss: 2.108181953430176, loss 1: 1.9282026290893555, loss 2: 0.001799794496037066
client running:21/59, client loss: 2.097292184829712, loss 1: 1.9360406398773193, loss 2: 0.001612514490261674
client running:22/59, client loss: 2.0528268814086914, loss 1: 1.9168418645858765, loss 2: 0.0013598507503047585
client running:23/59, client loss: 2.028566598892212, loss 1: 1.919541358947754, loss 2: 0.0010902523063123226
client running:24/59, client loss: 2.066678524017334, loss 1: 1.9217818975448608, loss 2: 0.0014489655150100589
client running:25/59, client loss: 2.060338258743286, loss 1: 1.921682596206665, loss 2: 0.0013865556102246046
client running:26/59, client loss: 2.0554468631744385, loss 1: 1.9121119976043701, loss 2: 0.001433348166756332
client running:27/59, client loss: 2.0467610359191895, loss 1: 1.903271198272705, loss 2: 0.0014348971890285611
client running:28/59, client loss: 2.0510356426239014, loss 1: 1.9417669773101807, loss 2: 0.0010926865506917238
client running:29/59, client loss: 2.010770797729492, loss 1: 1.9329886436462402, loss 2: 0.0007778210565447807
client running:30/59, client loss: 2.0924088954925537, loss 1: 1.903647541999817, loss 2: 0.001887613907456398
client running:31/59, client loss: 2.041245937347412, loss 1: 1.9326962232589722, loss 2: 0.0010854965075850487
client running:32/59, client loss: 2.064330816268921, loss 1: 1.9260296821594238, loss 2: 0.0013830121606588364
client running:33/59, client loss: 2.005458354949951, loss 1: 1.912230134010315, loss 2: 0.0009322820114903152
client running:34/59, client loss: 2.0723397731781006, loss 1: 1.9159015417099, loss 2: 0.0015643832739442587
client running:35/59, client loss: 2.0867223739624023, loss 1: 1.9110403060913086, loss 2: 0.0017568195471540093
client running:36/59, client loss: 2.070072650909424, loss 1: 1.9160150289535522, loss 2: 0.0015405761078000069
client running:37/59, client loss: 2.0160796642303467, loss 1: 1.9296060800552368, loss 2: 0.0008647359791211784
client running:38/59, client loss: 2.1323530673980713, loss 1: 1.9258017539978027, loss 2: 0.0020655132830142975
client running:39/59, client loss: 2.0641777515411377, loss 1: 1.9241589307785034, loss 2: 0.001400188310071826
client running:40/59, client loss: 2.0328357219696045, loss 1: 1.940447211265564, loss 2: 0.0009238849161192775
client running:41/59, client loss: 2.0687177181243896, loss 1: 1.9439723491668701, loss 2: 0.0012474539689719677
client running:42/59, client loss: 2.0365123748779297, loss 1: 1.8902039527893066, loss 2: 0.0014630843652412295
client running:43/59, client loss: 2.0575833320617676, loss 1: 1.9273440837860107, loss 2: 0.0013023921055719256
client running:44/59, client loss: 2.0215296745300293, loss 1: 1.9152849912643433, loss 2: 0.0010624476708471775
client running:45/59, client loss: 1.9750354290008545, loss 1: 1.8977192640304565, loss 2: 0.0007731616497039795
client running:46/59, client loss: 2.0208821296691895, loss 1: 1.896227478981018, loss 2: 0.001246545696631074
client running:47/59, client loss: 2.0579397678375244, loss 1: 1.9187917709350586, loss 2: 0.001391480676829815
client running:48/59, client loss: 2.0319550037384033, loss 1: 1.9148733615875244, loss 2: 0.001170817413367331
client running:49/59, client loss: 2.137982130050659, loss 1: 1.9193758964538574, loss 2: 0.0021860613487660885
client running:50/59, client loss: 2.0883712768554688, loss 1: 1.8961867094039917, loss 2: 0.001921845250762999
client running:51/59, client loss: 1.9969524145126343, loss 1: 1.9115383625030518, loss 2: 0.000854140380397439
client running:52/59, client loss: 2.005800247192383, loss 1: 1.92241632938385, loss 2: 0.0008338396437466145
client running:53/59, client loss: 2.004265308380127, loss 1: 1.910814642906189, loss 2: 0.0009345055441372097
client running:54/59, client loss: 2.058549404144287, loss 1: 1.9132295846939087, loss 2: 0.0014531988417729735
client running:55/59, client loss: 2.016596794128418, loss 1: 1.9109818935394287, loss 2: 0.0010561489034444094
client running:56/59, client loss: 2.009977340698242, loss 1: 1.9520795345306396, loss 2: 0.000578978331759572
client running:57/59, client loss: 2.0521814823150635, loss 1: 1.9029006958007812, loss 2: 0.0014928074087947607
client running:58/59, client loss: 2.0611073970794678, loss 1: 1.8988630771636963, loss 2: 0.0016224433202296495
server loss: tensor([[0.8583, 0.6950, 0.6169, 0.5628, 0.6078, 0.6628, 0.7102, 0.5644],
        [0.6592, 0.9417, 0.5593, 0.5519, 0.5996, 0.6882, 0.6630, 0.5637],
        [0.6177, 0.6446, 0.8728, 0.6154, 0.6169, 0.6419, 0.6545, 0.6155],
        [0.6064, 0.6451, 0.6296, 0.8437, 0.6552, 0.6742, 0.6994, 0.5842],
        [0.5757, 0.6353, 0.5871, 0.6632, 0.8346, 0.6127, 0.6573, 0.6209],
        [0.6116, 0.7270, 0.5626, 0.5943, 0.6055, 0.9131, 0.7501, 0.6083],
        [0.6220, 0.6940, 0.5803, 0.6157, 0.6067, 0.7183, 0.9027, 0.5846],
        [0.5766, 0.6379, 0.6100, 0.6057, 0.6389, 0.6599, 0.6265, 0.8203]],
       device='cuda:0')
client running:0/59, client loss: 2.0962657928466797, loss 1: 1.9269654750823975, loss 2: 0.001693002413958311
client running:1/59, client loss: 2.0702812671661377, loss 1: 1.9095224142074585, loss 2: 0.0016075880266726017
client running:2/59, client loss: 2.0968337059020996, loss 1: 1.9191977977752686, loss 2: 0.0017763578798621893
client running:3/59, client loss: 2.059478521347046, loss 1: 1.9058871269226074, loss 2: 0.0015359142562374473
client running:4/59, client loss: 2.139634132385254, loss 1: 1.9199620485305786, loss 2: 0.00219672080129385
client running:5/59, client loss: 2.055054187774658, loss 1: 1.910744309425354, loss 2: 0.0014430988812819123
client running:6/59, client loss: 2.070613145828247, loss 1: 1.9104928970336914, loss 2: 0.001601203577592969
client running:7/59, client loss: 2.042046070098877, loss 1: 1.9273109436035156, loss 2: 0.0011473523918539286
client running:8/59, client loss: 2.0421416759490967, loss 1: 1.9211012125015259, loss 2: 0.0012104035122320056
client running:9/59, client loss: 2.0965492725372314, loss 1: 1.9301725625991821, loss 2: 0.0016637661028653383
client running:10/59, client loss: 2.1434407234191895, loss 1: 1.9153424501419067, loss 2: 0.0022809819784015417
client running:11/59, client loss: 2.0383477210998535, loss 1: 1.9294013977050781, loss 2: 0.0010894635925069451
client running:12/59, client loss: 2.0712502002716064, loss 1: 1.9234545230865479, loss 2: 0.0014779565390199423
client running:13/59, client loss: 2.0340967178344727, loss 1: 1.9122686386108398, loss 2: 0.0012182805221527815
client running:14/59, client loss: 2.0893707275390625, loss 1: 1.9262069463729858, loss 2: 0.00163163710385561
client running:15/59, client loss: 2.119445562362671, loss 1: 1.9077284336090088, loss 2: 0.0021171709522604942
client running:16/59, client loss: 2.058762550354004, loss 1: 1.9126051664352417, loss 2: 0.0014615748077630997
client running:17/59, client loss: 2.0829317569732666, loss 1: 1.9216201305389404, loss 2: 0.0016131168231368065
client running:18/59, client loss: 2.0675036907196045, loss 1: 1.9145084619522095, loss 2: 0.001529951929114759
client running:19/59, client loss: 2.0552356243133545, loss 1: 1.9083271026611328, loss 2: 0.0014690853422507644
client running:20/59, client loss: 2.0973005294799805, loss 1: 1.9034080505371094, loss 2: 0.0019389239605516195
client running:21/59, client loss: 2.0749664306640625, loss 1: 1.9127178192138672, loss 2: 0.0016224866267293692
client running:22/59, client loss: 2.0087947845458984, loss 1: 1.8966798782348633, loss 2: 0.0011211480014026165
client running:23/59, client loss: 2.086369514465332, loss 1: 1.9376219511032104, loss 2: 0.0014874751213937998
client running:24/59, client loss: 2.0614004135131836, loss 1: 1.9210662841796875, loss 2: 0.0014033413026481867
client running:25/59, client loss: 2.0609958171844482, loss 1: 1.9217392206192017, loss 2: 0.001392564969137311
client running:26/59, client loss: 2.118626356124878, loss 1: 1.9346930980682373, loss 2: 0.001839333213865757
client running:27/59, client loss: 2.0079333782196045, loss 1: 1.9050213098526, loss 2: 0.0010291212238371372
client running:28/59, client loss: 2.0953025817871094, loss 1: 1.9219670295715332, loss 2: 0.0017333547584712505
client running:29/59, client loss: 2.039625883102417, loss 1: 1.920762300491333, loss 2: 0.0011886355932801962
client running:30/59, client loss: 2.066838264465332, loss 1: 1.882892370223999, loss 2: 0.0018394585931673646
client running:31/59, client loss: 2.0882208347320557, loss 1: 1.9204926490783691, loss 2: 0.0016772819217294455
client running:32/59, client loss: 2.0570216178894043, loss 1: 1.9129561185836792, loss 2: 0.0014406555565074086
client running:33/59, client loss: 2.0849390029907227, loss 1: 1.9427077770233154, loss 2: 0.0014223114121705294
client running:34/59, client loss: 2.0391883850097656, loss 1: 1.893916368484497, loss 2: 0.0014527200255542994
client running:35/59, client loss: 2.067688226699829, loss 1: 1.9159144163131714, loss 2: 0.0015177372843027115
client running:36/59, client loss: 2.0679969787597656, loss 1: 1.8912400007247925, loss 2: 0.0017675701528787613
client running:37/59, client loss: 2.0620577335357666, loss 1: 1.9166874885559082, loss 2: 0.0014537032693624496
client running:38/59, client loss: 2.0558223724365234, loss 1: 1.9509371519088745, loss 2: 0.001048851991072297
client running:39/59, client loss: 2.055298089981079, loss 1: 1.9253979921340942, loss 2: 0.0012990019749850035
client running:40/59, client loss: 2.0407116413116455, loss 1: 1.9064357280731201, loss 2: 0.001342759351246059
client running:41/59, client loss: 2.0739779472351074, loss 1: 1.921317219734192, loss 2: 0.0015266082482412457
client running:42/59, client loss: 2.035048246383667, loss 1: 1.9374630451202393, loss 2: 0.0009758509695529938
client running:43/59, client loss: 2.1096315383911133, loss 1: 1.9307880401611328, loss 2: 0.001788433757610619
client running:44/59, client loss: 2.0282225608825684, loss 1: 1.9251593351364136, loss 2: 0.0010306319454684854
client running:45/59, client loss: 2.0686697959899902, loss 1: 1.9188072681427002, loss 2: 0.001498625846579671
client running:46/59, client loss: 2.1163792610168457, loss 1: 1.949008584022522, loss 2: 0.0016737071564421058
client running:47/59, client loss: 2.020725727081299, loss 1: 1.9220749139785767, loss 2: 0.0009865089086815715
client running:48/59, client loss: 1.9916621446609497, loss 1: 1.9130427837371826, loss 2: 0.0007861935300752521
client running:49/59, client loss: 2.0330467224121094, loss 1: 1.932586669921875, loss 2: 0.001004601246677339
client running:50/59, client loss: 2.1003024578094482, loss 1: 1.9148589372634888, loss 2: 0.0018544341437518597
client running:51/59, client loss: 2.078221559524536, loss 1: 1.9090001583099365, loss 2: 0.0016922142822295427
client running:52/59, client loss: 2.0535593032836914, loss 1: 1.9481720924377441, loss 2: 0.0010538722854107618
client running:53/59, client loss: 2.0363123416900635, loss 1: 1.9281039237976074, loss 2: 0.0010820846073329449
client running:54/59, client loss: 2.0191893577575684, loss 1: 1.9120709896087646, loss 2: 0.0010711848735809326
client running:55/59, client loss: 2.0629982948303223, loss 1: 1.8926689624786377, loss 2: 0.001703294226899743
client running:56/59, client loss: 2.0089895725250244, loss 1: 1.9131202697753906, loss 2: 0.0009586920496076345
client running:57/59, client loss: 2.077275276184082, loss 1: 1.9480938911437988, loss 2: 0.0012918126303702593
client running:58/59, client loss: 2.036811590194702, loss 1: 1.9055638313293457, loss 2: 0.0013124786783009768
server loss: tensor([[0.8577, 0.6301, 0.5948, 0.6503, 0.6038, 0.7337, 0.6014, 0.6809],
        [0.6457, 0.9248, 0.6731, 0.6732, 0.7019, 0.7208, 0.6029, 0.7280],
        [0.6268, 0.6680, 0.7514, 0.7344, 0.6356, 0.6975, 0.6091, 0.7037],
        [0.6888, 0.6617, 0.6951, 0.9468, 0.6656, 0.7502, 0.6060, 0.7225],
        [0.6607, 0.6949, 0.6482, 0.6765, 0.9225, 0.6868, 0.5754, 0.7255],
        [0.7134, 0.6677, 0.6264, 0.6876, 0.6274, 0.9525, 0.6212, 0.6697],
        [0.6312, 0.6194, 0.6507, 0.6448, 0.5695, 0.6764, 0.8609, 0.6126],
        [0.6858, 0.6565, 0.6189, 0.6537, 0.6417, 0.7094, 0.5554, 0.9548]],
       device='cuda:0')
client running:0/59, client loss: 2.1171905994415283, loss 1: 1.924119234085083, loss 2: 0.0019307138863950968
client running:1/59, client loss: 2.0696709156036377, loss 1: 1.8916757106781006, loss 2: 0.0017799513880163431
client running:2/59, client loss: 2.169057607650757, loss 1: 1.9430954456329346, loss 2: 0.0022596220951527357
client running:3/59, client loss: 2.0371668338775635, loss 1: 1.9252665042877197, loss 2: 0.0011190040968358517
client running:4/59, client loss: 2.0704784393310547, loss 1: 1.9026238918304443, loss 2: 0.0016785445623099804
client running:5/59, client loss: 2.0175929069519043, loss 1: 1.9118900299072266, loss 2: 0.001057029701769352
client running:6/59, client loss: 2.11747145652771, loss 1: 1.913922905921936, loss 2: 0.0020354846492409706
client running:7/59, client loss: 2.0681028366088867, loss 1: 1.8936495780944824, loss 2: 0.0017445320263504982
client running:8/59, client loss: 2.1244750022888184, loss 1: 1.9316511154174805, loss 2: 0.0019282386638224125
client running:9/59, client loss: 2.077608585357666, loss 1: 1.908818244934082, loss 2: 0.0016879035392776132
client running:10/59, client loss: 2.0785369873046875, loss 1: 1.9312434196472168, loss 2: 0.0014729349641129375
client running:11/59, client loss: 2.0992939472198486, loss 1: 1.9422756433486938, loss 2: 0.0015701822703704238
client running:12/59, client loss: 2.088594436645508, loss 1: 1.936785101890564, loss 2: 0.0015180939808487892
client running:13/59, client loss: 2.0768582820892334, loss 1: 1.9361836910247803, loss 2: 0.00140674680005759
client running:14/59, client loss: 2.0829432010650635, loss 1: 1.9275885820388794, loss 2: 0.0015535453567281365
client running:15/59, client loss: 2.027269124984741, loss 1: 1.9135499000549316, loss 2: 0.0011371915461495519
client running:16/59, client loss: 2.0980730056762695, loss 1: 1.8933229446411133, loss 2: 0.002047501038759947
client running:17/59, client loss: 2.01491379737854, loss 1: 1.9221651554107666, loss 2: 0.0009274872718378901
client running:18/59, client loss: 2.1546168327331543, loss 1: 1.9266642332077026, loss 2: 0.0022795265540480614
client running:19/59, client loss: 2.045870304107666, loss 1: 1.9061158895492554, loss 2: 0.0013975435867905617
client running:20/59, client loss: 2.079284906387329, loss 1: 1.9432148933410645, loss 2: 0.0013607009314000607
client running:21/59, client loss: 2.0520713329315186, loss 1: 1.8924686908721924, loss 2: 0.0015960265882313251
client running:22/59, client loss: 2.093169689178467, loss 1: 1.910200834274292, loss 2: 0.001829688437283039
client running:23/59, client loss: 2.0153799057006836, loss 1: 1.9159942865371704, loss 2: 0.0009938559960573912
client running:24/59, client loss: 2.14228892326355, loss 1: 1.913206696510315, loss 2: 0.002290822332724929
client running:25/59, client loss: 2.0413613319396973, loss 1: 1.8936474323272705, loss 2: 0.0014771397691220045
client running:26/59, client loss: 2.0459492206573486, loss 1: 1.9109649658203125, loss 2: 0.001349843107163906
client running:27/59, client loss: 2.0673000812530518, loss 1: 1.929299235343933, loss 2: 0.0013800079468637705
client running:28/59, client loss: 2.0437231063842773, loss 1: 1.9374042749404907, loss 2: 0.0010631883051246405
client running:29/59, client loss: 2.0783345699310303, loss 1: 1.9375193119049072, loss 2: 0.0014081525150686502
client running:30/59, client loss: 2.1055989265441895, loss 1: 1.9205546379089355, loss 2: 0.001850442262366414
client running:31/59, client loss: 2.040372610092163, loss 1: 1.9238471984863281, loss 2: 0.0011652546236291528
client running:32/59, client loss: 2.042865037918091, loss 1: 1.8857018947601318, loss 2: 0.0015716315247118473
client running:33/59, client loss: 2.0601487159729004, loss 1: 1.9336585998535156, loss 2: 0.0012649018317461014
client running:34/59, client loss: 2.056060552597046, loss 1: 1.9025564193725586, loss 2: 0.001535041374154389
client running:35/59, client loss: 2.0424044132232666, loss 1: 1.9314299821853638, loss 2: 0.0011097450042143464
client running:36/59, client loss: 2.051687002182007, loss 1: 1.9255688190460205, loss 2: 0.0012611821293830872
client running:37/59, client loss: 2.0495402812957764, loss 1: 1.9402716159820557, loss 2: 0.0010926860850304365
client running:38/59, client loss: 2.0575034618377686, loss 1: 1.9086217880249023, loss 2: 0.0014888159930706024
client running:39/59, client loss: 2.0665695667266846, loss 1: 1.8941730260849, loss 2: 0.0017239648150280118
client running:40/59, client loss: 2.062879800796509, loss 1: 1.9146093130111694, loss 2: 0.0014827039558440447
client running:41/59, client loss: 2.060962438583374, loss 1: 1.9316895008087158, loss 2: 0.0012927295174449682
client running:42/59, client loss: 2.0315327644348145, loss 1: 1.8975709676742554, loss 2: 0.0013396167196333408
client running:43/59, client loss: 2.0259718894958496, loss 1: 1.8930917978286743, loss 2: 0.001328801503404975
client running:44/59, client loss: 2.0598831176757812, loss 1: 1.922368049621582, loss 2: 0.0013751517981290817
client running:45/59, client loss: 2.096926689147949, loss 1: 1.918418049812317, loss 2: 0.0017850854201242328
client running:46/59, client loss: 1.9997528791427612, loss 1: 1.9130051136016846, loss 2: 0.00086747802561149
client running:47/59, client loss: 2.0619044303894043, loss 1: 1.9316970109939575, loss 2: 0.0013020732440054417
client running:48/59, client loss: 2.094015121459961, loss 1: 1.9134479761123657, loss 2: 0.0018056710250675678
client running:49/59, client loss: 2.020883321762085, loss 1: 1.923572063446045, loss 2: 0.0009731132886372507
client running:50/59, client loss: 2.0635178089141846, loss 1: 1.9320707321166992, loss 2: 0.0013144698459655046
client running:51/59, client loss: 2.08601713180542, loss 1: 1.9209964275360107, loss 2: 0.001650206744670868
client running:52/59, client loss: 2.012294054031372, loss 1: 1.9100409746170044, loss 2: 0.0010225307196378708
client running:53/59, client loss: 2.0242514610290527, loss 1: 1.9195998907089233, loss 2: 0.0010465166997164488
client running:54/59, client loss: 2.03147554397583, loss 1: 1.9304924011230469, loss 2: 0.001009832019917667
client running:55/59, client loss: 1.9952433109283447, loss 1: 1.9195003509521484, loss 2: 0.0007574292831122875
client running:56/59, client loss: 2.03265380859375, loss 1: 1.9131546020507812, loss 2: 0.0011949932668358088
client running:57/59, client loss: 2.0571823120117188, loss 1: 1.9407721757888794, loss 2: 0.0011641003657132387
client running:58/59, client loss: 2.025308847427368, loss 1: 1.9169254302978516, loss 2: 0.0010838346788659692
server loss: tensor([[0.9055, 0.5567, 0.5976, 0.6228, 0.7365, 0.6178, 0.6201, 0.7139],
        [0.5819, 0.8184, 0.6215, 0.6009, 0.6676, 0.6454, 0.6379, 0.5992],
        [0.5905, 0.6171, 0.8609, 0.6421, 0.6518, 0.6100, 0.6098, 0.6500],
        [0.6138, 0.6410, 0.6080, 0.8017, 0.7331, 0.6551, 0.6744, 0.6508],
        [0.6441, 0.6003, 0.5863, 0.6266, 0.9287, 0.6512, 0.7370, 0.6875],
        [0.6215, 0.6216, 0.5639, 0.6091, 0.7709, 0.7667, 0.6313, 0.6745],
        [0.6312, 0.6022, 0.6058, 0.6204, 0.7675, 0.6565, 0.8856, 0.6647],
        [0.6251, 0.5506, 0.5830, 0.6097, 0.7281, 0.5990, 0.6249, 0.9246]],
       device='cuda:0')
client running:0/59, client loss: 2.020446538925171, loss 1: 1.9093613624572754, loss 2: 0.0011108512990176678
client running:1/59, client loss: 1.9952908754348755, loss 1: 1.893872857093811, loss 2: 0.0010141802486032248
client running:2/59, client loss: 2.0608937740325928, loss 1: 1.9284729957580566, loss 2: 0.0013242070563137531
client running:3/59, client loss: 2.1223244667053223, loss 1: 1.9387791156768799, loss 2: 0.0018354542553424835
client running:4/59, client loss: 2.1223974227905273, loss 1: 1.9362215995788574, loss 2: 0.0018617571331560612
client running:5/59, client loss: 2.134286880493164, loss 1: 1.897279143333435, loss 2: 0.0023700781166553497
client running:6/59, client loss: 2.0669703483581543, loss 1: 1.9285461902618408, loss 2: 0.0013842409243807197
client running:7/59, client loss: 2.1004326343536377, loss 1: 1.935842514038086, loss 2: 0.0016459014732390642
client running:8/59, client loss: 2.0668976306915283, loss 1: 1.9273353815078735, loss 2: 0.0013956227339804173
client running:9/59, client loss: 2.0322680473327637, loss 1: 1.9053504467010498, loss 2: 0.0012691766023635864
client running:10/59, client loss: 2.0395448207855225, loss 1: 1.9225112199783325, loss 2: 0.0011703361524268985
client running:11/59, client loss: 2.046072483062744, loss 1: 1.9026174545288086, loss 2: 0.001434550853446126
client running:12/59, client loss: 2.0556535720825195, loss 1: 1.892569661140442, loss 2: 0.0016308395424857736
client running:13/59, client loss: 2.031951665878296, loss 1: 1.9238327741622925, loss 2: 0.0010811884421855211
client running:14/59, client loss: 2.099398612976074, loss 1: 1.9343147277832031, loss 2: 0.001650838297791779
client running:15/59, client loss: 2.088803768157959, loss 1: 1.9277616739273071, loss 2: 0.0016104208771139383
client running:16/59, client loss: 2.184668779373169, loss 1: 1.910527229309082, loss 2: 0.002741415984928608
client running:17/59, client loss: 2.019435405731201, loss 1: 1.951150894165039, loss 2: 0.0006828459445387125
client running:18/59, client loss: 2.049586057662964, loss 1: 1.928195595741272, loss 2: 0.001213903771713376
client running:19/59, client loss: 2.0161948204040527, loss 1: 1.917352557182312, loss 2: 0.0009884232422336936
client running:20/59, client loss: 2.0564253330230713, loss 1: 1.925328254699707, loss 2: 0.001310969702899456
client running:21/59, client loss: 2.057969093322754, loss 1: 1.9405596256256104, loss 2: 0.0011740943882614374
client running:22/59, client loss: 2.085341453552246, loss 1: 1.9152984619140625, loss 2: 0.001700428780168295
client running:23/59, client loss: 2.07417631149292, loss 1: 1.9121646881103516, loss 2: 0.0016201157122850418
client running:24/59, client loss: 2.0695981979370117, loss 1: 1.932632327079773, loss 2: 0.0013696582755073905
client running:25/59, client loss: 2.1397860050201416, loss 1: 1.910083293914795, loss 2: 0.00229702633805573
client running:26/59, client loss: 2.0776045322418213, loss 1: 1.934689998626709, loss 2: 0.0014291458064690232
client running:27/59, client loss: 2.085679054260254, loss 1: 1.9316376447677612, loss 2: 0.0015404140576720238
client running:28/59, client loss: 2.0076029300689697, loss 1: 1.9353047609329224, loss 2: 0.0007229826878756285
client running:29/59, client loss: 2.1188392639160156, loss 1: 1.9353313446044922, loss 2: 0.00183507998008281
client running:30/59, client loss: 2.127715826034546, loss 1: 1.9209600687026978, loss 2: 0.002067557070404291
client running:31/59, client loss: 2.060485363006592, loss 1: 1.9285117387771606, loss 2: 0.0013197371736168861
client running:32/59, client loss: 2.0324320793151855, loss 1: 1.920771598815918, loss 2: 0.0011166045442223549
client running:33/59, client loss: 2.0254502296447754, loss 1: 1.892606496810913, loss 2: 0.0013284374726936221
client running:34/59, client loss: 2.1249186992645264, loss 1: 1.9182360172271729, loss 2: 0.002066825982183218
client running:35/59, client loss: 2.0715479850769043, loss 1: 1.9211571216583252, loss 2: 0.0015039092395454645
client running:36/59, client loss: 2.0593273639678955, loss 1: 1.917818307876587, loss 2: 0.0014150907518342137
client running:37/59, client loss: 2.0047378540039062, loss 1: 1.9147980213165283, loss 2: 0.0008993973024189472
client running:38/59, client loss: 2.083374261856079, loss 1: 1.9376713037490845, loss 2: 0.0014570301864296198
client running:39/59, client loss: 2.0197978019714355, loss 1: 1.9224623441696167, loss 2: 0.0009733543265610933
client running:40/59, client loss: 2.0443832874298096, loss 1: 1.9329196214675903, loss 2: 0.001114637590944767
client running:41/59, client loss: 2.037043333053589, loss 1: 1.928558588027954, loss 2: 0.0010848469100892544
client running:42/59, client loss: 2.0270533561706543, loss 1: 1.9221090078353882, loss 2: 0.001049443380907178
client running:43/59, client loss: 2.0429999828338623, loss 1: 1.9344124794006348, loss 2: 0.001085874391719699
client running:44/59, client loss: 2.055797576904297, loss 1: 1.916599988937378, loss 2: 0.0013919767225161195
client running:45/59, client loss: 2.0205671787261963, loss 1: 1.917579174041748, loss 2: 0.0010298809502273798
client running:46/59, client loss: 2.045511245727539, loss 1: 1.941564917564392, loss 2: 0.001039462978951633
client running:47/59, client loss: 2.1116726398468018, loss 1: 1.9195917844772339, loss 2: 0.0019208092708140612
client running:48/59, client loss: 2.045267105102539, loss 1: 1.9341799020767212, loss 2: 0.0011108731850981712
client running:49/59, client loss: 2.024055004119873, loss 1: 1.9149563312530518, loss 2: 0.0010909857228398323
client running:50/59, client loss: 2.0912859439849854, loss 1: 1.9138281345367432, loss 2: 0.0017745771910995245
client running:51/59, client loss: 1.9928921461105347, loss 1: 1.902709722518921, loss 2: 0.0009018242708407342
client running:52/59, client loss: 2.027099132537842, loss 1: 1.9106247425079346, loss 2: 0.001164743211120367
client running:53/59, client loss: 2.0852270126342773, loss 1: 1.9293935298919678, loss 2: 0.0015583354979753494
client running:54/59, client loss: 2.0167245864868164, loss 1: 1.9004552364349365, loss 2: 0.0011626924388110638
client running:55/59, client loss: 2.0522732734680176, loss 1: 1.9014034271240234, loss 2: 0.00150869763456285
client running:56/59, client loss: 2.0758559703826904, loss 1: 1.9158070087432861, loss 2: 0.0016004893695935607
client running:57/59, client loss: 2.05722713470459, loss 1: 1.9224128723144531, loss 2: 0.0013481430942192674
client running:58/59, client loss: 2.0567445755004883, loss 1: 1.9317710399627686, loss 2: 0.0012497343122959137
server loss: tensor([[0.8098, 0.7044, 0.5791, 0.6635, 0.7129, 0.6235, 0.5636, 0.6306],
        [0.6900, 0.9296, 0.5846, 0.6353, 0.7298, 0.6052, 0.6046, 0.6687],
        [0.6972, 0.7079, 0.7875, 0.7022, 0.7749, 0.6201, 0.6065, 0.6015],
        [0.6805, 0.6811, 0.6294, 0.8572, 0.7821, 0.5749, 0.6059, 0.5736],
        [0.6957, 0.7455, 0.6473, 0.6957, 0.9213, 0.6279, 0.6180, 0.6128],
        [0.7186, 0.6181, 0.6181, 0.6312, 0.6614, 0.7931, 0.5958, 0.5714],
        [0.6136, 0.6321, 0.6431, 0.6240, 0.6449, 0.5520, 0.8617, 0.5453],
        [0.7086, 0.7343, 0.6057, 0.6600, 0.7135, 0.6092, 0.5682, 0.8153]],
       device='cuda:0')
server average tensor
client running:0/59, client loss: 2.08408522605896, loss 1: 1.907055377960205, loss 2: 0.0017702984623610973
client running:1/59, client loss: 2.0756125450134277, loss 1: 1.926213264465332, loss 2: 0.0014939919346943498
client running:2/59, client loss: 2.0539329051971436, loss 1: 1.9038512706756592, loss 2: 0.0015008165501058102
client running:3/59, client loss: 2.101419448852539, loss 1: 1.8997429609298706, loss 2: 0.0020167650654911995
client running:4/59, client loss: 2.1115288734436035, loss 1: 1.914551019668579, loss 2: 0.0019697772804647684
client running:5/59, client loss: 2.0806808471679688, loss 1: 1.9350464344024658, loss 2: 0.0014563438016921282
client running:6/59, client loss: 2.1061248779296875, loss 1: 1.925019383430481, loss 2: 0.0018110538367182016
client running:7/59, client loss: 2.0555412769317627, loss 1: 1.8832005262374878, loss 2: 0.0017234080005437136
client running:8/59, client loss: 2.0298125743865967, loss 1: 1.8964227437973022, loss 2: 0.001333898981101811
client running:9/59, client loss: 2.0683250427246094, loss 1: 1.9056504964828491, loss 2: 0.001626746729016304
client running:10/59, client loss: 2.0558271408081055, loss 1: 1.9367457628250122, loss 2: 0.0011908138403669
client running:11/59, client loss: 2.0874345302581787, loss 1: 1.896065592765808, loss 2: 0.0019136895425617695
client running:12/59, client loss: 2.0467898845672607, loss 1: 1.927659273147583, loss 2: 0.0011913054622709751
client running:13/59, client loss: 2.0811574459075928, loss 1: 1.932299017906189, loss 2: 0.0014885850250720978
client running:14/59, client loss: 2.132723808288574, loss 1: 1.90529465675354, loss 2: 0.0022742904257029295
client running:15/59, client loss: 2.049086332321167, loss 1: 1.911816120147705, loss 2: 0.001372703118249774
client running:16/59, client loss: 2.1755130290985107, loss 1: 1.9096571207046509, loss 2: 0.0026585585437715054
client running:17/59, client loss: 2.0374107360839844, loss 1: 1.9035612344741821, loss 2: 0.0013384950580075383
client running:18/59, client loss: 2.0524725914001465, loss 1: 1.9047887325286865, loss 2: 0.0014768377877771854
client running:19/59, client loss: 2.227668046951294, loss 1: 1.929733157157898, loss 2: 0.002979348413646221
client running:20/59, client loss: 2.0863070487976074, loss 1: 1.9047942161560059, loss 2: 0.0018151281401515007
client running:21/59, client loss: 2.0312514305114746, loss 1: 1.9158419370651245, loss 2: 0.0011540945852175355
client running:22/59, client loss: 2.03910493850708, loss 1: 1.9142693281173706, loss 2: 0.0012483568862080574
client running:23/59, client loss: 2.0628433227539062, loss 1: 1.8959755897521973, loss 2: 0.0016686785966157913
client running:24/59, client loss: 2.0426621437072754, loss 1: 1.9182296991348267, loss 2: 0.0012443249579519033
client running:25/59, client loss: 2.1612069606781006, loss 1: 1.9140067100524902, loss 2: 0.002472002524882555
client running:26/59, client loss: 2.0643045902252197, loss 1: 1.887038230895996, loss 2: 0.001772663788869977
client running:27/59, client loss: 2.031963586807251, loss 1: 1.9125075340270996, loss 2: 0.0011945597361773252
client running:28/59, client loss: 2.0244226455688477, loss 1: 1.9180736541748047, loss 2: 0.0010634907521307468
client running:29/59, client loss: 2.059148073196411, loss 1: 1.9191758632659912, loss 2: 0.0013997217174619436
client running:30/59, client loss: 2.1412744522094727, loss 1: 1.9426761865615845, loss 2: 0.0019859818276017904
client running:31/59, client loss: 2.034465789794922, loss 1: 1.9034587144851685, loss 2: 0.0013100707437843084
client running:32/59, client loss: 2.1046371459960938, loss 1: 1.94913649559021, loss 2: 0.0015550064854323864
client running:33/59, client loss: 1.999216079711914, loss 1: 1.9081172943115234, loss 2: 0.0009109878446906805
client running:34/59, client loss: 2.0416951179504395, loss 1: 1.894951581954956, loss 2: 0.0014674343401566148
client running:35/59, client loss: 2.0871691703796387, loss 1: 1.927712321281433, loss 2: 0.0015945677878335118
client running:36/59, client loss: 1.9956562519073486, loss 1: 1.8986321687698364, loss 2: 0.0009702404495328665
client running:37/59, client loss: 2.0792438983917236, loss 1: 1.941684603691101, loss 2: 0.0013755932450294495
client running:38/59, client loss: 2.0422966480255127, loss 1: 1.9226783514022827, loss 2: 0.0011961839627474546
client running:39/59, client loss: 2.0622949600219727, loss 1: 1.915604591369629, loss 2: 0.0014669036027044058
client running:40/59, client loss: 2.0648534297943115, loss 1: 1.9321447610855103, loss 2: 0.0013270870549604297
client running:41/59, client loss: 2.0279040336608887, loss 1: 1.9221861362457275, loss 2: 0.001057179062627256
client running:42/59, client loss: 2.004030466079712, loss 1: 1.898261308670044, loss 2: 0.0010576924541965127
client running:43/59, client loss: 2.067012071609497, loss 1: 1.9001166820526123, loss 2: 0.0016689533367753029
client running:44/59, client loss: 2.014883279800415, loss 1: 1.905525803565979, loss 2: 0.001093573635444045
client running:45/59, client loss: 2.0639851093292236, loss 1: 1.9198198318481445, loss 2: 0.0014416537014767528
client running:46/59, client loss: 2.087045907974243, loss 1: 1.8976247310638428, loss 2: 0.0018942123278975487
client running:47/59, client loss: 2.027097463607788, loss 1: 1.9107872247695923, loss 2: 0.0011631031520664692
client running:48/59, client loss: 2.0696966648101807, loss 1: 1.8903460502624512, loss 2: 0.0017935065552592278
client running:49/59, client loss: 2.02321457862854, loss 1: 1.8879985809326172, loss 2: 0.0013521594228222966
client running:50/59, client loss: 2.0203514099121094, loss 1: 1.922257423400879, loss 2: 0.0009809407638385892
client running:51/59, client loss: 2.094637632369995, loss 1: 1.9213260412216187, loss 2: 0.001733116921968758
client running:52/59, client loss: 2.0265562534332275, loss 1: 1.8968734741210938, loss 2: 0.001296828268095851
client running:53/59, client loss: 1.9789574146270752, loss 1: 1.8957747220993042, loss 2: 0.0008318274631164968
client running:54/59, client loss: 2.08076810836792, loss 1: 1.9134339094161987, loss 2: 0.0016733412630856037
client running:55/59, client loss: 2.022383213043213, loss 1: 1.8779826164245605, loss 2: 0.0014440054073929787
client running:56/59, client loss: 2.001840353012085, loss 1: 1.8914945125579834, loss 2: 0.00110345846042037
client running:57/59, client loss: 2.0131912231445312, loss 1: 1.8935372829437256, loss 2: 0.0011965397279709578
client running:58/59, client loss: 2.0186076164245605, loss 1: 1.8938217163085938, loss 2: 0.00124785874504596
server loss: tensor([[0.9347, 0.6238, 0.6139, 0.6467, 0.6579, 0.6757, 0.6603, 0.5268],
        [0.7025, 0.9335, 0.6768, 0.5924, 0.6203, 0.6403, 0.6025, 0.5396],
        [0.6252, 0.5840, 0.8292, 0.5622, 0.5837, 0.6110, 0.6156, 0.5568],
        [0.7523, 0.5767, 0.6052, 0.8292, 0.6127, 0.6871, 0.6399, 0.5947],
        [0.6538, 0.5792, 0.5762, 0.5131, 0.9016, 0.5571, 0.5796, 0.4736],
        [0.7486, 0.5855, 0.6246, 0.6440, 0.6351, 0.9020, 0.6579, 0.5843],
        [0.6845, 0.5471, 0.6170, 0.6406, 0.5963, 0.6889, 0.8327, 0.5763],
        [0.6748, 0.5721, 0.6568, 0.6680, 0.5801, 0.6806, 0.7092, 0.7759]],
       device='cuda:0')
client running:0/59, client loss: 2.209594488143921, loss 1: 1.8988040685653687, loss 2: 0.0031079049222171307
client running:1/59, client loss: 2.180551052093506, loss 1: 1.895582675933838, loss 2: 0.0028496840968728065
client running:2/59, client loss: 2.0925698280334473, loss 1: 1.9270967245101929, loss 2: 0.0016547306440770626
client running:3/59, client loss: 2.133697748184204, loss 1: 1.9197187423706055, loss 2: 0.002139790216460824
client running:4/59, client loss: 2.008104085922241, loss 1: 1.8963432312011719, loss 2: 0.001117609441280365
client running:5/59, client loss: 2.132990598678589, loss 1: 1.9471549987792969, loss 2: 0.001858356175944209
client running:6/59, client loss: 2.1041791439056396, loss 1: 1.9188041687011719, loss 2: 0.0018537495052441955
client running:7/59, client loss: 2.097273826599121, loss 1: 1.9253853559494019, loss 2: 0.0017188838683068752
client running:8/59, client loss: 2.10957670211792, loss 1: 1.9175148010253906, loss 2: 0.0019206199795007706
client running:9/59, client loss: 2.095590353012085, loss 1: 1.9155452251434326, loss 2: 0.0018004507292062044
client running:10/59, client loss: 2.0431766510009766, loss 1: 1.8926782608032227, loss 2: 0.0015049848007038236
client running:11/59, client loss: 2.117978811264038, loss 1: 1.9267637729644775, loss 2: 0.0019121502991765738
client running:12/59, client loss: 2.070042371749878, loss 1: 1.9301505088806152, loss 2: 0.001398918917402625
client running:13/59, client loss: 2.043497085571289, loss 1: 1.8984719514846802, loss 2: 0.001450250158086419
client running:14/59, client loss: 2.0418238639831543, loss 1: 1.89277184009552, loss 2: 0.0014905203133821487
client running:15/59, client loss: 2.0348763465881348, loss 1: 1.907065987586975, loss 2: 0.0012781035620719194
client running:16/59, client loss: 2.041414737701416, loss 1: 1.9495432376861572, loss 2: 0.0009187138639390469
client running:17/59, client loss: 2.0528204441070557, loss 1: 1.9231314659118652, loss 2: 0.0012968899682164192
client running:18/59, client loss: 2.0136117935180664, loss 1: 1.9059697389602661, loss 2: 0.0010764196049422026
client running:19/59, client loss: 2.0739660263061523, loss 1: 1.89592707157135, loss 2: 0.001780390040948987
client running:20/59, client loss: 2.0403029918670654, loss 1: 1.899646520614624, loss 2: 0.00140656519215554
client running:21/59, client loss: 2.0623393058776855, loss 1: 1.920452356338501, loss 2: 0.0014188704080879688
client running:22/59, client loss: 2.0528242588043213, loss 1: 1.9077246189117432, loss 2: 0.001450996147468686
client running:23/59, client loss: 2.033539056777954, loss 1: 1.910701036453247, loss 2: 0.0012283800169825554
client running:24/59, client loss: 2.072669506072998, loss 1: 1.9239836931228638, loss 2: 0.001486858120188117
client running:25/59, client loss: 2.0641067028045654, loss 1: 1.9004701375961304, loss 2: 0.0016363649629056454
client running:26/59, client loss: 2.0632588863372803, loss 1: 1.922541856765747, loss 2: 0.0014071709010750055
client running:27/59, client loss: 2.1000802516937256, loss 1: 1.9098961353302002, loss 2: 0.0019018405582755804
client running:28/59, client loss: 2.1633036136627197, loss 1: 1.9234044551849365, loss 2: 0.002398992422968149
client running:29/59, client loss: 2.1071159839630127, loss 1: 1.9277544021606445, loss 2: 0.001793616102077067
client running:30/59, client loss: 2.0562775135040283, loss 1: 1.9239375591278076, loss 2: 0.0013233993668109179
client running:31/59, client loss: 2.0384702682495117, loss 1: 1.9131501913070679, loss 2: 0.001253199763596058
client running:32/59, client loss: 2.0379316806793213, loss 1: 1.9073970317840576, loss 2: 0.0013053470756858587
client running:33/59, client loss: 2.004218101501465, loss 1: 1.913184642791748, loss 2: 0.0009103333577513695
client running:34/59, client loss: 2.007500648498535, loss 1: 1.895019769668579, loss 2: 0.0011248092632740736
client running:35/59, client loss: 2.0261380672454834, loss 1: 1.9225897789001465, loss 2: 0.0010354830883443356
client running:36/59, client loss: 2.037828207015991, loss 1: 1.9426082372665405, loss 2: 0.0009522006730549037
client running:37/59, client loss: 2.0571324825286865, loss 1: 1.9201292991638184, loss 2: 0.001370031968690455
client running:38/59, client loss: 2.041283369064331, loss 1: 1.926756739616394, loss 2: 0.0011452652979642153
client running:39/59, client loss: 2.062610387802124, loss 1: 1.9015308618545532, loss 2: 0.0016107945702970028
client running:40/59, client loss: 2.053607225418091, loss 1: 1.924031376838684, loss 2: 0.001295758644118905
client running:41/59, client loss: 2.029245138168335, loss 1: 1.920089602470398, loss 2: 0.0010915554594248533
client running:42/59, client loss: 2.0230865478515625, loss 1: 1.9088436365127563, loss 2: 0.0011424287222325802
client running:43/59, client loss: 2.0422396659851074, loss 1: 1.9296660423278809, loss 2: 0.0011257353471592069
client running:44/59, client loss: 2.042020320892334, loss 1: 1.9353148937225342, loss 2: 0.0010670536430552602
client running:45/59, client loss: 2.070030689239502, loss 1: 1.892258644104004, loss 2: 0.0017777199391275644
client running:46/59, client loss: 2.041079044342041, loss 1: 1.9260709285736084, loss 2: 0.0011500808177515864
client running:47/59, client loss: 2.0822694301605225, loss 1: 1.9175689220428467, loss 2: 0.0016470060218125582
client running:48/59, client loss: 2.065951347351074, loss 1: 1.9042478799819946, loss 2: 0.0016170344315469265
client running:49/59, client loss: 2.0473365783691406, loss 1: 1.9093859195709229, loss 2: 0.0013795061968266964
client running:50/59, client loss: 2.0002026557922363, loss 1: 1.8979005813598633, loss 2: 0.001023019663989544
client running:51/59, client loss: 2.0212132930755615, loss 1: 1.9130535125732422, loss 2: 0.0010815977584570646
client running:52/59, client loss: 2.025970697402954, loss 1: 1.8992466926574707, loss 2: 0.0012672401499003172
client running:53/59, client loss: 2.0735924243927, loss 1: 1.9220805168151855, loss 2: 0.0015151194529607892
client running:54/59, client loss: 2.086771249771118, loss 1: 1.926428198814392, loss 2: 0.0016034297877922654
client running:55/59, client loss: 2.0568277835845947, loss 1: 1.9249038696289062, loss 2: 0.0013192398473620415
client running:56/59, client loss: 2.0301225185394287, loss 1: 1.9175969362258911, loss 2: 0.0011252547847107053
client running:57/59, client loss: 2.028724431991577, loss 1: 1.9073601961135864, loss 2: 0.001213642070069909
client running:58/59, client loss: 2.0398848056793213, loss 1: 1.9048495292663574, loss 2: 0.0013503520749509335
server loss: tensor([[0.8785, 0.6422, 0.7540, 0.5959, 0.6913, 0.5924, 0.5644, 0.6450],
        [0.7010, 0.9362, 0.6873, 0.5867, 0.6543, 0.5723, 0.6027, 0.6965],
        [0.7282, 0.5977, 0.8407, 0.5910, 0.6882, 0.6234, 0.6035, 0.6443],
        [0.6473, 0.6495, 0.6700, 0.8472, 0.6961, 0.5596, 0.6190, 0.6303],
        [0.7201, 0.6622, 0.7163, 0.6306, 0.9433, 0.5534, 0.6131, 0.6428],
        [0.7450, 0.6556, 0.7487, 0.5682, 0.6490, 0.8104, 0.6179, 0.6628],
        [0.6735, 0.6850, 0.6422, 0.5522, 0.6396, 0.5784, 0.8613, 0.7041],
        [0.7165, 0.7176, 0.7039, 0.5828, 0.6692, 0.5815, 0.6324, 0.9476]],
       device='cuda:0')
client running:0/59, client loss: 2.0736052989959717, loss 1: 1.912690281867981, loss 2: 0.0016091493889689445
client running:1/59, client loss: 2.068734645843506, loss 1: 1.927810788154602, loss 2: 0.0014092389028519392
client running:2/59, client loss: 2.103750705718994, loss 1: 1.9115266799926758, loss 2: 0.0019222409464418888
client running:3/59, client loss: 2.123885154724121, loss 1: 1.911301851272583, loss 2: 0.0021258327178657055
client running:4/59, client loss: 2.0815024375915527, loss 1: 1.929282546043396, loss 2: 0.0015221992507576942
client running:5/59, client loss: 2.090219259262085, loss 1: 1.9157167673110962, loss 2: 0.0017450243467465043
client running:6/59, client loss: 2.0517921447753906, loss 1: 1.9029150009155273, loss 2: 0.0014887719880789518
client running:7/59, client loss: 2.0915417671203613, loss 1: 1.931496262550354, loss 2: 0.0016004543285816908
client running:8/59, client loss: 2.044574499130249, loss 1: 1.921242117881775, loss 2: 0.0012333242921158671
client running:9/59, client loss: 2.072181224822998, loss 1: 1.9112359285354614, loss 2: 0.0016094520688056946
client running:10/59, client loss: 2.1562631130218506, loss 1: 1.9392045736312866, loss 2: 0.0021705850958824158
client running:11/59, client loss: 2.0543813705444336, loss 1: 1.9165332317352295, loss 2: 0.001378481974825263
client running:12/59, client loss: 2.09883975982666, loss 1: 1.8925820589065552, loss 2: 0.0020625770557671785
client running:13/59, client loss: 2.0516395568847656, loss 1: 1.91138756275177, loss 2: 0.001402519061230123
client running:14/59, client loss: 2.1410293579101562, loss 1: 1.9098166227340698, loss 2: 0.0023121261037886143
client running:15/59, client loss: 2.146751642227173, loss 1: 1.927473783493042, loss 2: 0.002192777581512928
client running:16/59, client loss: 2.029788017272949, loss 1: 1.8932597637176514, loss 2: 0.001365283620543778
client running:17/59, client loss: 2.049194574356079, loss 1: 1.9141254425048828, loss 2: 0.0013506913091987371
client running:18/59, client loss: 2.04972505569458, loss 1: 1.9089593887329102, loss 2: 0.0014076561201363802
client running:19/59, client loss: 2.0557520389556885, loss 1: 1.9120419025421143, loss 2: 0.0014371003489941359
client running:20/59, client loss: 2.119584083557129, loss 1: 1.9156131744384766, loss 2: 0.0020397095941007137
client running:21/59, client loss: 2.0841004848480225, loss 1: 1.9037258625030518, loss 2: 0.0018037452828139067
client running:22/59, client loss: 2.078831434249878, loss 1: 1.9301600456237793, loss 2: 0.001486714230850339
client running:23/59, client loss: 2.0987231731414795, loss 1: 1.9142721891403198, loss 2: 0.0018445099703967571
client running:24/59, client loss: 2.1115949153900146, loss 1: 1.9276485443115234, loss 2: 0.001839463016949594
client running:25/59, client loss: 2.0373411178588867, loss 1: 1.896198034286499, loss 2: 0.0014114300720393658
client running:26/59, client loss: 2.0429821014404297, loss 1: 1.9247057437896729, loss 2: 0.001182764070108533
client running:27/59, client loss: 2.0718352794647217, loss 1: 1.880102276802063, loss 2: 0.0019173289183527231
client running:28/59, client loss: 2.1240663528442383, loss 1: 1.9634604454040527, loss 2: 0.0016060583293437958
client running:29/59, client loss: 2.0427846908569336, loss 1: 1.9108312129974365, loss 2: 0.0013195336796343327
client running:30/59, client loss: 2.057137966156006, loss 1: 1.9320333003997803, loss 2: 0.0012510474771261215
client running:31/59, client loss: 2.0651981830596924, loss 1: 1.9102146625518799, loss 2: 0.0015498355496674776
client running:32/59, client loss: 2.127530574798584, loss 1: 1.9289799928665161, loss 2: 0.001985506620258093
client running:33/59, client loss: 2.0479753017425537, loss 1: 1.944065809249878, loss 2: 0.001039094990119338
client running:34/59, client loss: 2.0289323329925537, loss 1: 1.9347381591796875, loss 2: 0.0009419418056495488
client running:35/59, client loss: 2.0235371589660645, loss 1: 1.9021193981170654, loss 2: 0.001214177580550313
client running:36/59, client loss: 2.004422426223755, loss 1: 1.89535391330719, loss 2: 0.0010906858369708061
client running:37/59, client loss: 2.072711706161499, loss 1: 1.9043500423431396, loss 2: 0.0016836172435432673
client running:38/59, client loss: 2.1026737689971924, loss 1: 1.9162836074829102, loss 2: 0.0018639025511220098
client running:39/59, client loss: 2.055607557296753, loss 1: 1.874815583229065, loss 2: 0.0018079194705933332
client running:40/59, client loss: 2.0299570560455322, loss 1: 1.9258861541748047, loss 2: 0.0010407089721411467
client running:41/59, client loss: 2.0434436798095703, loss 1: 1.897323727607727, loss 2: 0.0014612004160881042
client running:42/59, client loss: 2.0567121505737305, loss 1: 1.898450255393982, loss 2: 0.0015826199669390917
client running:43/59, client loss: 2.086111068725586, loss 1: 1.890487551689148, loss 2: 0.0019562356173992157
client running:44/59, client loss: 2.050015449523926, loss 1: 1.9056106805801392, loss 2: 0.00144404754973948
client running:45/59, client loss: 2.0036282539367676, loss 1: 1.9049638509750366, loss 2: 0.0009866442997008562
client running:46/59, client loss: 2.0543501377105713, loss 1: 1.9217171669006348, loss 2: 0.0013263293076306581
client running:47/59, client loss: 2.064622640609741, loss 1: 1.9319324493408203, loss 2: 0.0013269019545987248
client running:48/59, client loss: 2.072706460952759, loss 1: 1.9052034616470337, loss 2: 0.0016750304494053125
client running:49/59, client loss: 2.09557843208313, loss 1: 1.9069732427597046, loss 2: 0.0018860514974221587
client running:50/59, client loss: 2.0177276134490967, loss 1: 1.9120166301727295, loss 2: 0.0010571093298494816
client running:51/59, client loss: 2.1521825790405273, loss 1: 1.9272569417953491, loss 2: 0.0022492562420666218
client running:52/59, client loss: 2.0165154933929443, loss 1: 1.9141566753387451, loss 2: 0.0010235885856673121
client running:53/59, client loss: 2.058723211288452, loss 1: 1.9116694927215576, loss 2: 0.001470537157729268
client running:54/59, client loss: 2.0442261695861816, loss 1: 1.9370992183685303, loss 2: 0.0010712702060118318
client running:55/59, client loss: 2.095139503479004, loss 1: 1.925002098083496, loss 2: 0.0017013733740895987
client running:56/59, client loss: 2.0548954010009766, loss 1: 1.9515678882598877, loss 2: 0.0010332753881812096
client running:57/59, client loss: 2.043903350830078, loss 1: 1.9231641292572021, loss 2: 0.0012073914986103773
client running:58/59, client loss: 2.0166499614715576, loss 1: 1.9012024402618408, loss 2: 0.0011544761946424842
server loss: tensor([[0.8007, 0.6202, 0.6050, 0.6558, 0.6472, 0.6759, 0.6592, 0.6297],
        [0.5807, 0.8805, 0.6450, 0.6963, 0.5769, 0.7030, 0.6074, 0.5962],
        [0.6105, 0.6921, 0.9119, 0.6714, 0.6092, 0.7083, 0.6068, 0.6581],
        [0.6246, 0.6783, 0.6186, 0.9145, 0.5554, 0.6727, 0.6230, 0.6379],
        [0.6394, 0.6541, 0.5797, 0.6186, 0.7520, 0.7146, 0.5937, 0.6197],
        [0.6678, 0.6727, 0.6384, 0.6549, 0.6586, 0.9539, 0.6140, 0.6737],
        [0.7461, 0.6176, 0.5735, 0.6294, 0.5682, 0.6715, 0.9126, 0.6285],
        [0.6198, 0.6177, 0.6459, 0.6714, 0.5651, 0.6737, 0.6248, 0.8748]],
       device='cuda:0')
client running:0/59, client loss: 2.109774112701416, loss 1: 1.8885624408721924, loss 2: 0.0022121169604361057
client running:1/59, client loss: 2.1022326946258545, loss 1: 1.9137896299362183, loss 2: 0.0018844306468963623
client running:2/59, client loss: 2.1621956825256348, loss 1: 1.9241870641708374, loss 2: 0.002380085177719593
client running:3/59, client loss: 2.059696674346924, loss 1: 1.91330087184906, loss 2: 0.0014639580622315407
client running:4/59, client loss: 2.058521270751953, loss 1: 1.9159986972808838, loss 2: 0.0014252255205065012
client running:5/59, client loss: 2.10880446434021, loss 1: 1.9105759859085083, loss 2: 0.001982283778488636
client running:6/59, client loss: 2.099754810333252, loss 1: 1.9038779735565186, loss 2: 0.001958769280463457
client running:7/59, client loss: 2.0735936164855957, loss 1: 1.9293932914733887, loss 2: 0.001442003296688199
client running:8/59, client loss: 2.0502521991729736, loss 1: 1.9065766334533691, loss 2: 0.0014367557596415281
client running:9/59, client loss: 2.122683048248291, loss 1: 1.9293781518936157, loss 2: 0.001933049876242876
client running:10/59, client loss: 2.0653018951416016, loss 1: 1.9172903299331665, loss 2: 0.0014801158104091883
client running:11/59, client loss: 2.093956232070923, loss 1: 1.9229297637939453, loss 2: 0.001710264477878809
client running:12/59, client loss: 2.1354308128356934, loss 1: 1.945643663406372, loss 2: 0.001897870795801282
client running:13/59, client loss: 2.082336664199829, loss 1: 1.8938004970550537, loss 2: 0.001885362435132265
client running:14/59, client loss: 2.085322141647339, loss 1: 1.9007937908172607, loss 2: 0.001845283666625619
client running:15/59, client loss: 2.105682134628296, loss 1: 1.936190128326416, loss 2: 0.001694920239970088
client running:16/59, client loss: 2.046093225479126, loss 1: 1.9068443775177002, loss 2: 0.0013924886006861925
client running:17/59, client loss: 2.102710723876953, loss 1: 1.9184690713882446, loss 2: 0.0018424161244183779
client running:18/59, client loss: 2.077477216720581, loss 1: 1.9161345958709717, loss 2: 0.0016134267207235098
client running:19/59, client loss: 2.010087251663208, loss 1: 1.9105184078216553, loss 2: 0.0009956895373761654
client running:20/59, client loss: 2.064835548400879, loss 1: 1.920543909072876, loss 2: 0.0014429171569645405
client running:21/59, client loss: 2.0303473472595215, loss 1: 1.9077109098434448, loss 2: 0.0012263644021004438
client running:22/59, client loss: 2.0612387657165527, loss 1: 1.9241472482681274, loss 2: 0.0013709139311686158
client running:23/59, client loss: 2.1066806316375732, loss 1: 1.9116013050079346, loss 2: 0.0019507927354425192
client running:24/59, client loss: 2.023050308227539, loss 1: 1.9007489681243896, loss 2: 0.00122301303781569
client running:25/59, client loss: 2.0439889430999756, loss 1: 1.915683627128601, loss 2: 0.0012830521445721388
client running:26/59, client loss: 2.0158815383911133, loss 1: 1.9199304580688477, loss 2: 0.0009595105657353997
client running:27/59, client loss: 2.0935137271881104, loss 1: 1.915181040763855, loss 2: 0.0017833276651799679
client running:28/59, client loss: 2.0325472354888916, loss 1: 1.9089747667312622, loss 2: 0.001235723844729364
client running:29/59, client loss: 2.0664572715759277, loss 1: 1.9437707662582397, loss 2: 0.0012268645223230124
client running:30/59, client loss: 2.1365559101104736, loss 1: 1.9324285984039307, loss 2: 0.0020412742160260677
client running:31/59, client loss: 2.0192461013793945, loss 1: 1.9213769435882568, loss 2: 0.0009786924347281456
client running:32/59, client loss: 2.0167808532714844, loss 1: 1.9077011346817017, loss 2: 0.0010907980613410473
client running:33/59, client loss: 2.0638058185577393, loss 1: 1.9132602214813232, loss 2: 0.0015054559335112572
client running:34/59, client loss: 2.039855480194092, loss 1: 1.898322343826294, loss 2: 0.0014153309166431427
client running:35/59, client loss: 2.0717380046844482, loss 1: 1.9126029014587402, loss 2: 0.0015913511160761118
client running:36/59, client loss: 2.0002572536468506, loss 1: 1.9136019945144653, loss 2: 0.000866551767103374
client running:37/59, client loss: 1.9893171787261963, loss 1: 1.9219028949737549, loss 2: 0.0006741429679095745
client running:38/59, client loss: 1.9927241802215576, loss 1: 1.9088047742843628, loss 2: 0.0008391938754357398
client running:39/59, client loss: 2.0930428504943848, loss 1: 1.9238024950027466, loss 2: 0.001692403806373477
client running:40/59, client loss: 2.032848596572876, loss 1: 1.9065568447113037, loss 2: 0.0012629184639081359
client running:41/59, client loss: 2.016915798187256, loss 1: 1.9052144289016724, loss 2: 0.0011170124635100365
client running:42/59, client loss: 2.053739070892334, loss 1: 1.9170711040496826, loss 2: 0.0013666794402524829
client running:43/59, client loss: 2.0343973636627197, loss 1: 1.9112017154693604, loss 2: 0.0012319567613303661
client running:44/59, client loss: 2.028775453567505, loss 1: 1.9322290420532227, loss 2: 0.0009654632303863764
client running:45/59, client loss: 2.0666844844818115, loss 1: 1.9026308059692383, loss 2: 0.00164053775370121
client running:46/59, client loss: 2.023664712905884, loss 1: 1.8944765329360962, loss 2: 0.0012918815482407808
client running:47/59, client loss: 2.0197253227233887, loss 1: 1.9309648275375366, loss 2: 0.0008876039646565914
client running:48/59, client loss: 2.054673671722412, loss 1: 1.9121410846710205, loss 2: 0.0014253250556066632
client running:49/59, client loss: 2.1016359329223633, loss 1: 1.944303274154663, loss 2: 0.0015733276959508657
client running:50/59, client loss: 2.0413355827331543, loss 1: 1.8931300640106201, loss 2: 0.0014820557553321123
client running:51/59, client loss: 2.002856731414795, loss 1: 1.917454481124878, loss 2: 0.0008540221024304628
client running:52/59, client loss: 2.0515928268432617, loss 1: 1.9221723079681396, loss 2: 0.0012942044995725155
client running:53/59, client loss: 2.0693814754486084, loss 1: 1.942684292793274, loss 2: 0.0012669714633375406
client running:54/59, client loss: 2.0840396881103516, loss 1: 1.9266964197158813, loss 2: 0.0015734336338937283
client running:55/59, client loss: 1.9972060918807983, loss 1: 1.8860609531402588, loss 2: 0.0011114515364170074
client running:56/59, client loss: 2.0694305896759033, loss 1: 1.9142285585403442, loss 2: 0.0015520192682743073
client running:57/59, client loss: 2.0183029174804688, loss 1: 1.9376791715621948, loss 2: 0.0008062382694333792
client running:58/59, client loss: 2.085879325866699, loss 1: 1.92988920211792, loss 2: 0.0015599016332998872
server loss: tensor([[0.6972, 0.5805, 0.7190, 0.6018, 0.6423, 0.5994, 0.5652, 0.6577],
        [0.6150, 0.7706, 0.6355, 0.5757, 0.6369, 0.6093, 0.6012, 0.6527],
        [0.5682, 0.5956, 0.9243, 0.6422, 0.6171, 0.6300, 0.6730, 0.6496],
        [0.6103, 0.6257, 0.7061, 0.8144, 0.6477, 0.6239, 0.6398, 0.6771],
        [0.6233, 0.6044, 0.7240, 0.6564, 0.7521, 0.6549, 0.6250, 0.6696],
        [0.6221, 0.6160, 0.6894, 0.6273, 0.6682, 0.8877, 0.6085, 0.5866],
        [0.5110, 0.5800, 0.7411, 0.5805, 0.5793, 0.6056, 0.9229, 0.7007],
        [0.5424, 0.5975, 0.6990, 0.6013, 0.6716, 0.5705, 0.6599, 0.9101]],
       device='cuda:0')
client running:0/59, client loss: 2.0513923168182373, loss 1: 1.8918027877807617, loss 2: 0.0015958957374095917
client running:1/59, client loss: 2.1504502296447754, loss 1: 1.9096871614456177, loss 2: 0.0024076306726783514
client running:2/59, client loss: 2.09536075592041, loss 1: 1.9300665855407715, loss 2: 0.001652942388318479
client running:3/59, client loss: 2.1092193126678467, loss 1: 1.9309464693069458, loss 2: 0.0017827281262725592
client running:4/59, client loss: 2.082836151123047, loss 1: 1.922895073890686, loss 2: 0.0015994100831449032
client running:5/59, client loss: 2.106855630874634, loss 1: 1.911155104637146, loss 2: 0.0019570060539990664
client running:6/59, client loss: 2.046022891998291, loss 1: 1.934126853942871, loss 2: 0.001118960091844201
client running:7/59, client loss: 2.0899174213409424, loss 1: 1.9292726516723633, loss 2: 0.0016064475057646632
client running:8/59, client loss: 2.0786616802215576, loss 1: 1.9254790544509888, loss 2: 0.0015318254008889198
client running:9/59, client loss: 2.0844385623931885, loss 1: 1.8979558944702148, loss 2: 0.0018648265395313501
client running:10/59, client loss: 2.1075599193573, loss 1: 1.9542768001556396, loss 2: 0.0015328321605920792
client running:11/59, client loss: 2.132920742034912, loss 1: 1.924497127532959, loss 2: 0.002084236592054367
client running:12/59, client loss: 2.0739638805389404, loss 1: 1.8992323875427246, loss 2: 0.0017473138868808746
client running:13/59, client loss: 2.0299315452575684, loss 1: 1.912355899810791, loss 2: 0.001175756100565195
client running:14/59, client loss: 2.040480852127075, loss 1: 1.9118328094482422, loss 2: 0.0012864796444773674
client running:15/59, client loss: 2.019273281097412, loss 1: 1.9068241119384766, loss 2: 0.0011244919151067734
client running:16/59, client loss: 2.0819883346557617, loss 1: 1.9285476207733154, loss 2: 0.0015344064449891448
client running:17/59, client loss: 2.028330087661743, loss 1: 1.910500168800354, loss 2: 0.001178300124593079
client running:18/59, client loss: 2.100131034851074, loss 1: 1.9553513526916504, loss 2: 0.0014477979857474566
client running:19/59, client loss: 2.0392088890075684, loss 1: 1.9070740938186646, loss 2: 0.0013213474303483963
client running:20/59, client loss: 2.075974702835083, loss 1: 1.899726390838623, loss 2: 0.0017624842002987862
client running:21/59, client loss: 2.0574324131011963, loss 1: 1.917975664138794, loss 2: 0.0013945680111646652
client running:22/59, client loss: 2.073064088821411, loss 1: 1.9063992500305176, loss 2: 0.0016666476149111986
client running:23/59, client loss: 2.1006386280059814, loss 1: 1.9276245832443237, loss 2: 0.0017301408806815743
client running:24/59, client loss: 2.0493175983428955, loss 1: 1.9107857942581177, loss 2: 0.0013853181153535843
client running:25/59, client loss: 2.0553088188171387, loss 1: 1.926122784614563, loss 2: 0.0012918608263134956
client running:26/59, client loss: 2.0745842456817627, loss 1: 1.9225419759750366, loss 2: 0.0015204232186079025
client running:27/59, client loss: 2.0913326740264893, loss 1: 1.9289027452468872, loss 2: 0.0016242989804595709
client running:28/59, client loss: 2.0648505687713623, loss 1: 1.9258537292480469, loss 2: 0.0013899693731218576
client running:29/59, client loss: 2.0700080394744873, loss 1: 1.9105756282806396, loss 2: 0.001594323432072997
client running:30/59, client loss: 2.057620048522949, loss 1: 1.9278455972671509, loss 2: 0.001297745737247169
client running:31/59, client loss: 2.0582082271575928, loss 1: 1.9246965646743774, loss 2: 0.0013351162197068334
client running:32/59, client loss: 2.0442442893981934, loss 1: 1.9095455408096313, loss 2: 0.001346987672150135
client running:33/59, client loss: 2.051408529281616, loss 1: 1.9108161926269531, loss 2: 0.0014059239765629172
client running:34/59, client loss: 2.008671522140503, loss 1: 1.9180458784103394, loss 2: 0.0009062568424269557
client running:35/59, client loss: 2.066023588180542, loss 1: 1.934196949005127, loss 2: 0.001318266149610281
client running:36/59, client loss: 2.0370707511901855, loss 1: 1.9163310527801514, loss 2: 0.0012073961552232504
client running:37/59, client loss: 2.0647852420806885, loss 1: 1.9246807098388672, loss 2: 0.0014010448940098286
client running:38/59, client loss: 2.040468454360962, loss 1: 1.9322468042373657, loss 2: 0.0010822173207998276
client running:39/59, client loss: 2.0470826625823975, loss 1: 1.9188271760940552, loss 2: 0.0012825538869947195
client running:40/59, client loss: 2.0539331436157227, loss 1: 1.9169788360595703, loss 2: 0.0013695420930162072
client running:41/59, client loss: 2.0080454349517822, loss 1: 1.8982065916061401, loss 2: 0.0010983877582475543
client running:42/59, client loss: 2.0402581691741943, loss 1: 1.9100978374481201, loss 2: 0.0013016022276133299
client running:43/59, client loss: 2.0335395336151123, loss 1: 1.9043145179748535, loss 2: 0.0012922495370730758
client running:44/59, client loss: 2.0384933948516846, loss 1: 1.9298979043960571, loss 2: 0.0010859542526304722
client running:45/59, client loss: 2.0912673473358154, loss 1: 1.940888524055481, loss 2: 0.0015037884004414082
client running:46/59, client loss: 2.1197803020477295, loss 1: 1.9121273756027222, loss 2: 0.0020765294320881367
client running:47/59, client loss: 2.055051326751709, loss 1: 1.916105031967163, loss 2: 0.0013894618023186922
client running:48/59, client loss: 2.047675609588623, loss 1: 1.9027411937713623, loss 2: 0.0014493449125438929
client running:49/59, client loss: 2.0196692943573, loss 1: 1.929347038269043, loss 2: 0.0009032220696099102
client running:50/59, client loss: 2.022660970687866, loss 1: 1.922499418258667, loss 2: 0.0010016158921644092
client running:51/59, client loss: 2.052338123321533, loss 1: 1.9515734910964966, loss 2: 0.001007647137157619
client running:52/59, client loss: 1.9793484210968018, loss 1: 1.8913755416870117, loss 2: 0.0008797288173809648
client running:53/59, client loss: 2.0163955688476562, loss 1: 1.9100520610809326, loss 2: 0.0010634355712682009
client running:54/59, client loss: 2.1131277084350586, loss 1: 1.9374842643737793, loss 2: 0.0017564340960234404
client running:55/59, client loss: 1.975913166999817, loss 1: 1.90374755859375, loss 2: 0.0007216555532068014
client running:56/59, client loss: 2.0240843296051025, loss 1: 1.9196439981460571, loss 2: 0.0010444028303027153
client running:57/59, client loss: 2.0164952278137207, loss 1: 1.9044674634933472, loss 2: 0.0011202788446098566
client running:58/59, client loss: 2.0737826824188232, loss 1: 1.923651099205017, loss 2: 0.0015013148076832294
server loss: tensor([[0.6505, 0.6498, 0.6151, 0.5514, 0.5744, 0.5745, 0.6391, 0.5730],
        [0.5907, 0.9492, 0.7051, 0.6601, 0.7075, 0.6819, 0.6966, 0.6100],
        [0.6072, 0.7380, 0.8869, 0.6805, 0.6631, 0.6531, 0.6123, 0.6000],
        [0.6174, 0.7772, 0.7138, 0.8841, 0.7122, 0.6587, 0.6555, 0.6284],
        [0.5764, 0.7613, 0.7200, 0.6716, 0.8735, 0.6808, 0.6507, 0.6336],
        [0.5940, 0.7252, 0.6604, 0.6256, 0.6726, 0.8626, 0.6597, 0.6172],
        [0.5963, 0.6297, 0.6176, 0.5637, 0.5780, 0.5658, 0.8316, 0.5916],
        [0.5741, 0.6217, 0.5897, 0.5525, 0.5571, 0.5709, 0.6326, 0.8684]],
       device='cuda:0')
server average tensor
client running:0/59, client loss: 2.0804641246795654, loss 1: 1.8975927829742432, loss 2: 0.001828712527640164
client running:1/59, client loss: 2.038112163543701, loss 1: 1.8969438076019287, loss 2: 0.0014116840902715921
client running:2/59, client loss: 2.0781030654907227, loss 1: 1.8942759037017822, loss 2: 0.0018382709240540862
client running:3/59, client loss: 2.1217410564422607, loss 1: 1.924479365348816, loss 2: 0.00197261618450284
client running:4/59, client loss: 2.0716958045959473, loss 1: 1.8984229564666748, loss 2: 0.0017327272798866034
client running:5/59, client loss: 2.118354558944702, loss 1: 1.905512809753418, loss 2: 0.0021284164395183325
client running:6/59, client loss: 2.0598292350769043, loss 1: 1.912006139755249, loss 2: 0.00147822976578027
client running:7/59, client loss: 2.0966503620147705, loss 1: 1.9074984788894653, loss 2: 0.0018915189430117607
client running:8/59, client loss: 2.058072566986084, loss 1: 1.899128794670105, loss 2: 0.0015894388779997826
client running:9/59, client loss: 2.1053850650787354, loss 1: 1.9260841608047485, loss 2: 0.001793009345419705
client running:10/59, client loss: 2.05556058883667, loss 1: 1.8830820322036743, loss 2: 0.0017247854266315699
client running:11/59, client loss: 2.0133564472198486, loss 1: 1.9035993814468384, loss 2: 0.0010975704062730074
client running:12/59, client loss: 2.0605666637420654, loss 1: 1.8992235660552979, loss 2: 0.0016134302131831646
client running:13/59, client loss: 2.071157693862915, loss 1: 1.8792505264282227, loss 2: 0.0019190707243978977
client running:14/59, client loss: 2.0681567192077637, loss 1: 1.9272903203964233, loss 2: 0.001408665208145976
client running:15/59, client loss: 2.128377914428711, loss 1: 1.9036788940429688, loss 2: 0.002246991265565157
client running:16/59, client loss: 2.0677549839019775, loss 1: 1.9157533645629883, loss 2: 0.0015200169291347265
client running:17/59, client loss: 2.0533668994903564, loss 1: 1.8974577188491821, loss 2: 0.0015590921975672245
client running:18/59, client loss: 2.135244131088257, loss 1: 1.9106273651123047, loss 2: 0.002246166579425335
client running:19/59, client loss: 2.1448419094085693, loss 1: 1.9004848003387451, loss 2: 0.0024435720406472683
client running:20/59, client loss: 2.0349509716033936, loss 1: 1.8941086530685425, loss 2: 0.001408423064276576
client running:21/59, client loss: 2.1104416847229004, loss 1: 1.9112296104431152, loss 2: 0.0019921213388442993
client running:22/59, client loss: 2.031216859817505, loss 1: 1.9219714403152466, loss 2: 0.001092454418540001
client running:23/59, client loss: 2.011014699935913, loss 1: 1.906752586364746, loss 2: 0.0010426212102174759
client running:24/59, client loss: 2.000490665435791, loss 1: 1.908971905708313, loss 2: 0.0009151868871413171
client running:25/59, client loss: 2.046356439590454, loss 1: 1.9341095685958862, loss 2: 0.0011224682675674558
client running:26/59, client loss: 2.077993869781494, loss 1: 1.9468028545379639, loss 2: 0.0013119090581312776
client running:27/59, client loss: 2.022519588470459, loss 1: 1.898503303527832, loss 2: 0.0012401621788740158
client running:28/59, client loss: 2.054227828979492, loss 1: 1.8750016689300537, loss 2: 0.0017922616098076105
client running:29/59, client loss: 2.043903350830078, loss 1: 1.9053750038146973, loss 2: 0.0013852829579263926
client running:30/59, client loss: 2.0325522422790527, loss 1: 1.8942701816558838, loss 2: 0.0013828217051923275
client running:31/59, client loss: 2.002307176589966, loss 1: 1.8994032144546509, loss 2: 0.0010290401987731457
client running:32/59, client loss: 2.075937271118164, loss 1: 1.889062523841858, loss 2: 0.0018687463598325849
client running:33/59, client loss: 2.0120673179626465, loss 1: 1.9141108989715576, loss 2: 0.0009795629885047674
client running:34/59, client loss: 2.0416059494018555, loss 1: 1.9041545391082764, loss 2: 0.0013745129108428955
client running:35/59, client loss: 2.0725576877593994, loss 1: 1.9027317762374878, loss 2: 0.0016982587985694408
client running:36/59, client loss: 2.012112855911255, loss 1: 1.903458833694458, loss 2: 0.00108654098585248
client running:37/59, client loss: 2.069504499435425, loss 1: 1.9382655620574951, loss 2: 0.0013123899698257446
client running:38/59, client loss: 2.00716495513916, loss 1: 1.90817391872406, loss 2: 0.0009899099823087454
client running:39/59, client loss: 2.165703773498535, loss 1: 1.900618314743042, loss 2: 0.0026508555747568607
client running:40/59, client loss: 2.087562322616577, loss 1: 1.8999680280685425, loss 2: 0.001875943737104535
client running:41/59, client loss: 2.0209200382232666, loss 1: 1.8926101922988892, loss 2: 0.0012830974301323295
client running:42/59, client loss: 2.043487071990967, loss 1: 1.9403132200241089, loss 2: 0.0010317382402718067
client running:43/59, client loss: 2.043243408203125, loss 1: 1.90929114818573, loss 2: 0.00133952172473073
client running:44/59, client loss: 2.034022569656372, loss 1: 1.8983961343765259, loss 2: 0.0013562638778239489
client running:45/59, client loss: 2.081489086151123, loss 1: 1.9256335496902466, loss 2: 0.0015585562214255333
client running:46/59, client loss: 2.0428621768951416, loss 1: 1.9012680053710938, loss 2: 0.001415942795574665
client running:47/59, client loss: 2.039778709411621, loss 1: 1.9195576906204224, loss 2: 0.0012022111332044005
client running:48/59, client loss: 2.15547513961792, loss 1: 1.902841329574585, loss 2: 0.0025263382121920586
client running:49/59, client loss: 2.1769871711730957, loss 1: 1.899473786354065, loss 2: 0.002775134053081274
client running:50/59, client loss: 2.0676302909851074, loss 1: 1.9063448905944824, loss 2: 0.0016128536080941558
client running:51/59, client loss: 2.149094343185425, loss 1: 1.9322727918624878, loss 2: 0.0021682148799300194
client running:52/59, client loss: 2.0023701190948486, loss 1: 1.8900578022003174, loss 2: 0.0011231231037527323
client running:53/59, client loss: 1.990086555480957, loss 1: 1.909786343574524, loss 2: 0.0008030015742406249
client running:54/59, client loss: 2.0464978218078613, loss 1: 1.9187369346618652, loss 2: 0.0012776079820469022
client running:55/59, client loss: 2.019442558288574, loss 1: 1.911840796470642, loss 2: 0.001076016458682716
client running:56/59, client loss: 2.03676700592041, loss 1: 1.8862049579620361, loss 2: 0.0015056193806231022
client running:57/59, client loss: 2.0690743923187256, loss 1: 1.9215309619903564, loss 2: 0.0014754340518265963
client running:58/59, client loss: 2.009831428527832, loss 1: 1.9111987352371216, loss 2: 0.0009863267187029123
server loss: tensor([[0.9148, 0.6738, 0.6530, 0.6342, 0.5600, 0.7028, 0.7878, 0.7117],
        [0.6974, 0.9148, 0.6215, 0.6376, 0.5411, 0.6810, 0.7125, 0.7083],
        [0.7081, 0.6289, 0.7319, 0.6834, 0.6258, 0.7050, 0.6996, 0.7572],
        [0.6355, 0.5806, 0.6072, 0.9801, 0.5920, 0.6413, 0.6795, 0.6793],
        [0.6243, 0.5882, 0.6889, 0.6907, 0.9041, 0.6347, 0.6501, 0.6734],
        [0.7444, 0.6639, 0.6538, 0.6537, 0.5591, 0.9574, 0.7194, 0.7596],
        [0.7030, 0.6718, 0.6634, 0.6735, 0.5952, 0.6443, 0.8263, 0.7068],
        [0.7087, 0.6607, 0.6886, 0.6722, 0.5933, 0.7402, 0.7124, 0.9451]],
       device='cuda:0')
client running:0/59, client loss: 2.037687063217163, loss 1: 1.9061191082000732, loss 2: 0.0013156796339899302
client running:1/59, client loss: 2.0614757537841797, loss 1: 1.9083775281906128, loss 2: 0.0015309830196201801
client running:2/59, client loss: 2.060316562652588, loss 1: 1.887061595916748, loss 2: 0.0017325496301054955
client running:3/59, client loss: 2.09314227104187, loss 1: 1.914061427116394, loss 2: 0.001790807698853314
client running:4/59, client loss: 2.068427324295044, loss 1: 1.9041743278503418, loss 2: 0.0016425298526883125
client running:5/59, client loss: 2.0385231971740723, loss 1: 1.9045047760009766, loss 2: 0.0013401852920651436
client running:6/59, client loss: 2.0132882595062256, loss 1: 1.9025146961212158, loss 2: 0.0011077348608523607
client running:7/59, client loss: 2.066582679748535, loss 1: 1.915937066078186, loss 2: 0.0015064565232023597
client running:8/59, client loss: 2.072817802429199, loss 1: 1.9138275384902954, loss 2: 0.0015899019781500101
client running:9/59, client loss: 2.126420259475708, loss 1: 1.9272218942642212, loss 2: 0.0019919839687645435
client running:10/59, client loss: 2.0875635147094727, loss 1: 1.9017750024795532, loss 2: 0.0018578841118142009
client running:11/59, client loss: 2.0726687908172607, loss 1: 1.8989087343215942, loss 2: 0.0017376011237502098
client running:12/59, client loss: 2.131176471710205, loss 1: 1.9282853603363037, loss 2: 0.00202891044318676
client running:13/59, client loss: 2.0477542877197266, loss 1: 1.8867273330688477, loss 2: 0.001610268373042345
client running:14/59, client loss: 2.0764520168304443, loss 1: 1.9070221185684204, loss 2: 0.0016942996298894286
client running:15/59, client loss: 2.058565139770508, loss 1: 1.9079716205596924, loss 2: 0.0015059344004839659
client running:16/59, client loss: 2.076885461807251, loss 1: 1.899317741394043, loss 2: 0.0017756782472133636
client running:17/59, client loss: 2.0907137393951416, loss 1: 1.8922215700149536, loss 2: 0.001984921284019947
client running:18/59, client loss: 2.1365482807159424, loss 1: 1.917538046836853, loss 2: 0.0021901028230786324
client running:19/59, client loss: 2.06758189201355, loss 1: 1.9143943786621094, loss 2: 0.0015318740624934435
client running:20/59, client loss: 2.0343456268310547, loss 1: 1.8938521146774292, loss 2: 0.001404935261234641
client running:21/59, client loss: 2.0791454315185547, loss 1: 1.921354055404663, loss 2: 0.001577914459630847
client running:22/59, client loss: 2.142852306365967, loss 1: 1.89657461643219, loss 2: 0.0024627777747809887
client running:23/59, client loss: 2.091614007949829, loss 1: 1.9277443885803223, loss 2: 0.0016386972274631262
client running:24/59, client loss: 2.0336661338806152, loss 1: 1.9073694944381714, loss 2: 0.0012629664270207286
client running:25/59, client loss: 2.066328763961792, loss 1: 1.9458906650543213, loss 2: 0.0012043812312185764
client running:26/59, client loss: 2.0542643070220947, loss 1: 1.9077374935150146, loss 2: 0.0014652684330940247
client running:27/59, client loss: 2.0829272270202637, loss 1: 1.9170440435409546, loss 2: 0.0016588311409577727
client running:28/59, client loss: 2.0465521812438965, loss 1: 1.9291425943374634, loss 2: 0.0011740969493985176
client running:29/59, client loss: 2.1193602085113525, loss 1: 1.9241578578948975, loss 2: 0.001952022430486977
client running:30/59, client loss: 2.057307004928589, loss 1: 1.8763333559036255, loss 2: 0.0018097367137670517
client running:31/59, client loss: 2.1358442306518555, loss 1: 1.9155608415603638, loss 2: 0.0022028344683349133
client running:32/59, client loss: 2.076838493347168, loss 1: 1.9398646354675293, loss 2: 0.001369738020002842
client running:33/59, client loss: 2.046820878982544, loss 1: 1.9121284484863281, loss 2: 0.001346925157122314
client running:34/59, client loss: 2.0100483894348145, loss 1: 1.8967853784561157, loss 2: 0.001132630161009729
client running:35/59, client loss: 2.052978992462158, loss 1: 1.915778398513794, loss 2: 0.001372006838209927
client running:36/59, client loss: 2.0215559005737305, loss 1: 1.9176673889160156, loss 2: 0.0010388846276327968
client running:37/59, client loss: 2.038499355316162, loss 1: 1.9199855327606201, loss 2: 0.0011851390590891242
client running:38/59, client loss: 2.1343154907226562, loss 1: 1.9280370473861694, loss 2: 0.0020627842750400305
client running:39/59, client loss: 2.1233034133911133, loss 1: 1.9117776155471802, loss 2: 0.0021152575500309467
client running:40/59, client loss: 2.079345226287842, loss 1: 1.9111497402191162, loss 2: 0.0016819542506709695
client running:41/59, client loss: 2.018401861190796, loss 1: 1.9080510139465332, loss 2: 0.001103508286178112
client running:42/59, client loss: 2.0413882732391357, loss 1: 1.918274998664856, loss 2: 0.0012311338214203715
client running:43/59, client loss: 2.112513542175293, loss 1: 1.956439733505249, loss 2: 0.0015607384266331792
client running:44/59, client loss: 2.047322988510132, loss 1: 1.9410849809646606, loss 2: 0.0010623803827911615
client running:45/59, client loss: 2.032378673553467, loss 1: 1.9185490608215332, loss 2: 0.0011382953962311149
client running:46/59, client loss: 2.030090093612671, loss 1: 1.8976547718048096, loss 2: 0.0013243528082966805
client running:47/59, client loss: 2.019300937652588, loss 1: 1.9063490629196167, loss 2: 0.0011295191943645477
client running:48/59, client loss: 2.000025749206543, loss 1: 1.891560673713684, loss 2: 0.0010846505174413323
client running:49/59, client loss: 2.050870418548584, loss 1: 1.907987356185913, loss 2: 0.0014288293896242976
client running:50/59, client loss: 2.0136702060699463, loss 1: 1.8752269744873047, loss 2: 0.0013844328932464123
client running:51/59, client loss: 2.1000561714172363, loss 1: 1.94166100025177, loss 2: 0.0015839522238820791
client running:52/59, client loss: 2.017385959625244, loss 1: 1.904323697090149, loss 2: 0.0011306237429380417
client running:53/59, client loss: 1.9937231540679932, loss 1: 1.9153766632080078, loss 2: 0.000783464522100985
client running:54/59, client loss: 1.9977458715438843, loss 1: 1.9016668796539307, loss 2: 0.000960790435783565
client running:55/59, client loss: 2.028850555419922, loss 1: 1.8961530923843384, loss 2: 0.0013269743649289012
client running:56/59, client loss: 2.046029806137085, loss 1: 1.9091287851333618, loss 2: 0.001369010889902711
client running:57/59, client loss: 2.0146164894104004, loss 1: 1.8871886730194092, loss 2: 0.0012742772232741117
client running:58/59, client loss: 2.0346314907073975, loss 1: 1.8869611024856567, loss 2: 0.0014767032116651535
server loss: tensor([[0.9062, 0.5511, 0.5366, 0.7025, 0.5796, 0.6321, 0.6657, 0.6882],
        [0.6389, 0.8810, 0.5165, 0.5697, 0.5622, 0.6208, 0.5636, 0.5800],
        [0.7117, 0.5602, 0.7879, 0.7023, 0.6348, 0.6467, 0.7013, 0.6735],
        [0.7127, 0.5073, 0.5905, 0.8494, 0.5891, 0.5883, 0.6922, 0.6820],
        [0.6146, 0.5876, 0.4952, 0.6277, 0.7920, 0.5755, 0.5833, 0.6356],
        [0.6804, 0.5437, 0.5727, 0.6254, 0.5512, 0.9031, 0.6420, 0.6414],
        [0.7015, 0.5157, 0.5869, 0.7258, 0.5893, 0.6144, 0.9519, 0.6951],
        [0.6868, 0.5006, 0.5206, 0.6802, 0.5790, 0.6112, 0.6596, 0.9438]],
       device='cuda:0')
client running:0/59, client loss: 2.137471914291382, loss 1: 1.9397332668304443, loss 2: 0.001977386651560664
client running:1/59, client loss: 2.0423359870910645, loss 1: 1.9036026000976562, loss 2: 0.001387333613820374
client running:2/59, client loss: 2.0663161277770996, loss 1: 1.9176697731018066, loss 2: 0.0014864623080939054
client running:3/59, client loss: 2.085991144180298, loss 1: 1.9334834814071655, loss 2: 0.0015250773867592216
client running:4/59, client loss: 2.080754518508911, loss 1: 1.9126335382461548, loss 2: 0.0016812097746878862
client running:5/59, client loss: 2.1707370281219482, loss 1: 1.8852235078811646, loss 2: 0.0028551341965794563
client running:6/59, client loss: 2.0704946517944336, loss 1: 1.9003695249557495, loss 2: 0.0017012510215863585
client running:7/59, client loss: 2.0813658237457275, loss 1: 1.9111557006835938, loss 2: 0.0017021020175889134
client running:8/59, client loss: 2.2180447578430176, loss 1: 1.9169573783874512, loss 2: 0.003010873217135668
client running:9/59, client loss: 2.1204521656036377, loss 1: 1.9235315322875977, loss 2: 0.00196920707821846
client running:10/59, client loss: 2.052259683609009, loss 1: 1.8965176343917847, loss 2: 0.001557420240715146
client running:11/59, client loss: 2.104069709777832, loss 1: 1.905527949333191, loss 2: 0.001985416980460286
client running:12/59, client loss: 2.0980405807495117, loss 1: 1.8986800909042358, loss 2: 0.001993604237213731
client running:13/59, client loss: 2.0599937438964844, loss 1: 1.9007943868637085, loss 2: 0.0015919938450679183
client running:14/59, client loss: 2.1108007431030273, loss 1: 1.9037729501724243, loss 2: 0.0020702769979834557
client running:15/59, client loss: 2.0600333213806152, loss 1: 1.9044594764709473, loss 2: 0.0015557387378066778
client running:16/59, client loss: 2.055093765258789, loss 1: 1.8978800773620605, loss 2: 0.001572136185131967
client running:17/59, client loss: 2.066516399383545, loss 1: 1.8958935737609863, loss 2: 0.0017062276601791382
client running:18/59, client loss: 2.049799680709839, loss 1: 1.8904122114181519, loss 2: 0.0015938753494992852
client running:19/59, client loss: 2.0409412384033203, loss 1: 1.9196853637695312, loss 2: 0.0012125576613470912
client running:20/59, client loss: 2.1836931705474854, loss 1: 1.9475317001342773, loss 2: 0.0023616142570972443
client running:21/59, client loss: 2.114675998687744, loss 1: 1.8880952596664429, loss 2: 0.0022658067755401134
client running:22/59, client loss: 2.119058847427368, loss 1: 1.9264389276504517, loss 2: 0.0019261989509686828
client running:23/59, client loss: 2.0298867225646973, loss 1: 1.9061026573181152, loss 2: 0.0012378399260342121
client running:24/59, client loss: 2.0672032833099365, loss 1: 1.9305744171142578, loss 2: 0.0013662893325090408
client running:25/59, client loss: 2.069244384765625, loss 1: 1.910729169845581, loss 2: 0.0015851520001888275
client running:26/59, client loss: 2.096529245376587, loss 1: 1.9057129621505737, loss 2: 0.0019081627251580358
client running:27/59, client loss: 2.0930612087249756, loss 1: 1.9076284170150757, loss 2: 0.0018543272744864225
client running:28/59, client loss: 2.043461322784424, loss 1: 1.910935401916504, loss 2: 0.0013252594508230686
client running:29/59, client loss: 2.0433156490325928, loss 1: 1.9168384075164795, loss 2: 0.0012647721450775862
client running:30/59, client loss: 2.0591657161712646, loss 1: 1.896856665611267, loss 2: 0.001623089425265789
client running:31/59, client loss: 2.07904052734375, loss 1: 1.9184666872024536, loss 2: 0.0016057374887168407
client running:32/59, client loss: 2.0194814205169678, loss 1: 1.895891785621643, loss 2: 0.0012358971871435642
client running:33/59, client loss: 2.0702028274536133, loss 1: 1.9094512462615967, loss 2: 0.001607515849173069
client running:34/59, client loss: 2.1652960777282715, loss 1: 1.9502085447311401, loss 2: 0.0021508748177438974
client running:35/59, client loss: 2.1442296504974365, loss 1: 1.8698880672454834, loss 2: 0.002743416465818882
client running:36/59, client loss: 2.098766565322876, loss 1: 1.9219915866851807, loss 2: 0.0017677496653050184
client running:37/59, client loss: 2.02130126953125, loss 1: 1.9163061380386353, loss 2: 0.0010499523486942053
client running:38/59, client loss: 2.1160144805908203, loss 1: 1.9366475343704224, loss 2: 0.0017936701187863946
client running:39/59, client loss: 2.085796594619751, loss 1: 1.940126895904541, loss 2: 0.0014566966565325856
client running:40/59, client loss: 2.106499671936035, loss 1: 1.927400827407837, loss 2: 0.0017909894231706858
client running:41/59, client loss: 2.0501856803894043, loss 1: 1.9008064270019531, loss 2: 0.0014937929809093475
client running:42/59, client loss: 2.0235073566436768, loss 1: 1.9301974773406982, loss 2: 0.0009330999455414712
client running:43/59, client loss: 2.058706760406494, loss 1: 1.889325499534607, loss 2: 0.0016938131302595139
client running:44/59, client loss: 2.0872609615325928, loss 1: 1.9230965375900269, loss 2: 0.0016416441649198532
client running:45/59, client loss: 2.111510753631592, loss 1: 1.9138911962509155, loss 2: 0.0019761957228183746
client running:46/59, client loss: 2.027216911315918, loss 1: 1.9087004661560059, loss 2: 0.0011851651361212134
client running:47/59, client loss: 2.0536720752716064, loss 1: 1.9250768423080444, loss 2: 0.001285951235331595
client running:48/59, client loss: 2.0340964794158936, loss 1: 1.9193341732025146, loss 2: 0.001147623173892498
client running:49/59, client loss: 2.0370821952819824, loss 1: 1.9016169309616089, loss 2: 0.0013546538539230824
client running:50/59, client loss: 2.0844528675079346, loss 1: 1.9102835655212402, loss 2: 0.001741692190989852
client running:51/59, client loss: 2.064920425415039, loss 1: 1.8992431163787842, loss 2: 0.0016567730344831944
client running:52/59, client loss: 2.0396132469177246, loss 1: 1.9180995225906372, loss 2: 0.0012151383562013507
client running:53/59, client loss: 2.017426013946533, loss 1: 1.9246176481246948, loss 2: 0.000928084016777575
client running:54/59, client loss: 2.0116891860961914, loss 1: 1.9332759380340576, loss 2: 0.0007841326878406107
client running:55/59, client loss: 2.065721035003662, loss 1: 1.897297739982605, loss 2: 0.0016842319164425135
client running:56/59, client loss: 2.063354015350342, loss 1: 1.9051860570907593, loss 2: 0.001581678632646799
client running:57/59, client loss: 2.0202603340148926, loss 1: 1.8941354751586914, loss 2: 0.0012612484861165285
client running:58/59, client loss: 2.028895616531372, loss 1: 1.906702995300293, loss 2: 0.001221926650032401
server loss: tensor([[0.9357, 0.7137, 0.6556, 0.6181, 0.6080, 0.6910, 0.6999, 0.7333],
        [0.6906, 0.9600, 0.6152, 0.5735, 0.5989, 0.6315, 0.6815, 0.6403],
        [0.6969, 0.6996, 0.8536, 0.5827, 0.5848, 0.6667, 0.6424, 0.6819],
        [0.6920, 0.6791, 0.6032, 0.8390, 0.5969, 0.6464, 0.6293, 0.6231],
        [0.6802, 0.7175, 0.6379, 0.6089, 0.8482, 0.6227, 0.7100, 0.6611],
        [0.6777, 0.7043, 0.6554, 0.6271, 0.5772, 0.9022, 0.6437, 0.6547],
        [0.6433, 0.7107, 0.5764, 0.5853, 0.6311, 0.6265, 0.8795, 0.6396],
        [0.6912, 0.7005, 0.6245, 0.5924, 0.5952, 0.6561, 0.6754, 0.8936]],
       device='cuda:0')
client running:0/59, client loss: 2.18198299407959, loss 1: 1.9118375778198242, loss 2: 0.002701454097405076
client running:1/59, client loss: 2.1534106731414795, loss 1: 1.9207767248153687, loss 2: 0.002326340414583683
client running:2/59, client loss: 2.1745378971099854, loss 1: 1.9300487041473389, loss 2: 0.0024448924232274294
client running:3/59, client loss: 2.0760533809661865, loss 1: 1.9075268507003784, loss 2: 0.0016852663829922676
client running:4/59, client loss: 2.203219413757324, loss 1: 1.9273338317871094, loss 2: 0.0027588563971221447
client running:5/59, client loss: 2.181328773498535, loss 1: 1.9251021146774292, loss 2: 0.002562266541644931
client running:6/59, client loss: 2.1467559337615967, loss 1: 1.906508445739746, loss 2: 0.002402474172413349
client running:7/59, client loss: 2.149571180343628, loss 1: 1.9343465566635132, loss 2: 0.0021522471215575933
client running:8/59, client loss: 2.0796656608581543, loss 1: 1.9147415161132812, loss 2: 0.0016492416616529226
client running:9/59, client loss: 2.092075824737549, loss 1: 1.9075219631195068, loss 2: 0.0018455381505191326
client running:10/59, client loss: 2.04187273979187, loss 1: 1.910581111907959, loss 2: 0.0013129155850037932
client running:11/59, client loss: 2.0479331016540527, loss 1: 1.9204905033111572, loss 2: 0.0012744264677166939
client running:12/59, client loss: 2.099268913269043, loss 1: 1.908067226409912, loss 2: 0.0019120178185403347
client running:13/59, client loss: 2.104174852371216, loss 1: 1.9192004203796387, loss 2: 0.0018497451674193144
client running:14/59, client loss: 2.0870003700256348, loss 1: 1.877685308456421, loss 2: 0.0020931516773998737
client running:15/59, client loss: 2.06766939163208, loss 1: 1.9099105596542358, loss 2: 0.001577588147483766
client running:16/59, client loss: 2.0546250343322754, loss 1: 1.8988481760025024, loss 2: 0.0015577698359265924
client running:17/59, client loss: 2.0464580059051514, loss 1: 1.9173481464385986, loss 2: 0.0012910985387861729
client running:18/59, client loss: 2.0393247604370117, loss 1: 1.9073227643966675, loss 2: 0.001320019830018282
client running:19/59, client loss: 2.0509800910949707, loss 1: 1.9019614458084106, loss 2: 0.0014901859685778618
client running:20/59, client loss: 2.151581287384033, loss 1: 1.899919033050537, loss 2: 0.002516621258109808
client running:21/59, client loss: 2.0142929553985596, loss 1: 1.8904107809066772, loss 2: 0.0012388210743665695
client running:22/59, client loss: 2.0041840076446533, loss 1: 1.9087474346160889, loss 2: 0.0009543651831336319
client running:23/59, client loss: 2.0573315620422363, loss 1: 1.916820764541626, loss 2: 0.001405107555910945
client running:24/59, client loss: 2.0629875659942627, loss 1: 1.9197036027908325, loss 2: 0.0014328407123684883
client running:25/59, client loss: 2.073507070541382, loss 1: 1.9195576906204224, loss 2: 0.00153949367813766
client running:26/59, client loss: 2.0791141986846924, loss 1: 1.9105935096740723, loss 2: 0.0016852071275934577
client running:27/59, client loss: 2.069791316986084, loss 1: 1.928208827972412, loss 2: 0.0014158241683617234
client running:28/59, client loss: 2.0696935653686523, loss 1: 1.9206141233444214, loss 2: 0.0014907950535416603
client running:29/59, client loss: 2.0566859245300293, loss 1: 1.9323848485946655, loss 2: 0.0012430116767063737
client running:30/59, client loss: 2.029132604598999, loss 1: 1.908796787261963, loss 2: 0.0012033578241243958
client running:31/59, client loss: 2.0320804119110107, loss 1: 1.8989313840866089, loss 2: 0.0013314912794157863
client running:32/59, client loss: 2.109774112701416, loss 1: 1.9322025775909424, loss 2: 0.001775715732946992
client running:33/59, client loss: 2.0517771244049072, loss 1: 1.9021990299224854, loss 2: 0.001495781005360186
client running:34/59, client loss: 2.083038806915283, loss 1: 1.9281792640686035, loss 2: 0.0015485960757359862
client running:35/59, client loss: 2.1114325523376465, loss 1: 1.9043704271316528, loss 2: 0.002070621121674776
client running:36/59, client loss: 2.0521061420440674, loss 1: 1.9167207479476929, loss 2: 0.0013538533821702003
client running:37/59, client loss: 2.013333559036255, loss 1: 1.9052050113677979, loss 2: 0.0010812852997332811
client running:38/59, client loss: 2.0654067993164062, loss 1: 1.9348106384277344, loss 2: 0.001305960351601243
client running:39/59, client loss: 1.9939699172973633, loss 1: 1.9039323329925537, loss 2: 0.0009003752493299544
client running:40/59, client loss: 2.000810146331787, loss 1: 1.8942186832427979, loss 2: 0.00106591428630054
client running:41/59, client loss: 2.021029472351074, loss 1: 1.8929378986358643, loss 2: 0.0012809160398319364
client running:42/59, client loss: 1.9754679203033447, loss 1: 1.894301176071167, loss 2: 0.0008116672979667783
client running:43/59, client loss: 2.027167320251465, loss 1: 1.9382458925247192, loss 2: 0.0008892142213881016
client running:44/59, client loss: 2.1007189750671387, loss 1: 1.923795223236084, loss 2: 0.0017692367546260357
client running:45/59, client loss: 2.000701904296875, loss 1: 1.921596884727478, loss 2: 0.0007910507265478373
client running:46/59, client loss: 2.0301878452301025, loss 1: 1.8907579183578491, loss 2: 0.0013942985096946359
client running:47/59, client loss: 2.04714035987854, loss 1: 1.9062292575836182, loss 2: 0.0014091113116592169
client running:48/59, client loss: 2.0579004287719727, loss 1: 1.910926103591919, loss 2: 0.0014697425067424774
client running:49/59, client loss: 2.0317134857177734, loss 1: 1.919129729270935, loss 2: 0.0011258372105658054
client running:50/59, client loss: 2.077385187149048, loss 1: 1.9157005548477173, loss 2: 0.001616847119294107
client running:51/59, client loss: 2.0222935676574707, loss 1: 1.898327350616455, loss 2: 0.0012396611273288727
client running:52/59, client loss: 2.0485799312591553, loss 1: 1.9138067960739136, loss 2: 0.0013477314496412873
client running:53/59, client loss: 2.0480897426605225, loss 1: 1.9212355613708496, loss 2: 0.0012685409747064114
client running:54/59, client loss: 2.0548510551452637, loss 1: 1.9365373849868774, loss 2: 0.0011831369483843446
client running:55/59, client loss: 2.0641589164733887, loss 1: 1.9004963636398315, loss 2: 0.0016366245690733194
client running:56/59, client loss: 2.030397415161133, loss 1: 1.9102038145065308, loss 2: 0.0012019355781376362
client running:57/59, client loss: 2.0092976093292236, loss 1: 1.8896290063858032, loss 2: 0.0011966867605224252
client running:58/59, client loss: 1.980413556098938, loss 1: 1.9064053297042847, loss 2: 0.0007400826434604824
server loss: tensor([[0.9616, 0.6484, 0.6415, 0.6845, 0.6646, 0.6117, 0.6253, 0.6880],
        [0.6904, 0.9047, 0.6803, 0.6693, 0.6727, 0.6089, 0.6040, 0.7043],
        [0.6738, 0.6632, 0.9604, 0.6783, 0.6521, 0.6229, 0.6505, 0.6960],
        [0.6864, 0.6799, 0.6048, 0.8365, 0.6425, 0.6121, 0.6625, 0.6835],
        [0.7357, 0.6610, 0.6896, 0.6828, 0.8308, 0.6500, 0.6562, 0.7165],
        [0.6707, 0.6287, 0.6495, 0.6503, 0.6594, 0.8904, 0.6907, 0.6510],
        [0.6785, 0.6092, 0.6735, 0.6470, 0.6036, 0.6639, 0.9212, 0.6813],
        [0.7002, 0.6818, 0.6777, 0.6604, 0.6519, 0.6119, 0.6615, 0.9353]],
       device='cuda:0')
client running:0/59, client loss: 2.107480049133301, loss 1: 1.921290397644043, loss 2: 0.0018618961330503225
client running:1/59, client loss: 2.1042537689208984, loss 1: 1.9165533781051636, loss 2: 0.001877002650871873
client running:2/59, client loss: 2.106168746948242, loss 1: 1.9220032691955566, loss 2: 0.0018416536040604115
client running:3/59, client loss: 2.0789849758148193, loss 1: 1.9088681936264038, loss 2: 0.0017011670861393213
client running:4/59, client loss: 2.048025131225586, loss 1: 1.915012001991272, loss 2: 0.0013301302678883076
client running:5/59, client loss: 2.1438636779785156, loss 1: 1.9166966676712036, loss 2: 0.0022716689854860306
client running:6/59, client loss: 2.1638569831848145, loss 1: 1.9014134407043457, loss 2: 0.002624436281621456
client running:7/59, client loss: 2.049858331680298, loss 1: 1.908433198928833, loss 2: 0.0014142516301944852
client running:8/59, client loss: 2.095731019973755, loss 1: 1.9170888662338257, loss 2: 0.0017864212859421968
client running:9/59, client loss: 2.0649380683898926, loss 1: 1.9030745029449463, loss 2: 0.0016186353750526905
client running:10/59, client loss: 2.0442850589752197, loss 1: 1.8826857805252075, loss 2: 0.0016159925144165754
client running:11/59, client loss: 2.0802500247955322, loss 1: 1.9246411323547363, loss 2: 0.001556089147925377
client running:12/59, client loss: 2.0585803985595703, loss 1: 1.9263153076171875, loss 2: 0.0013226509327068925
client running:13/59, client loss: 2.0760810375213623, loss 1: 1.9233834743499756, loss 2: 0.001526976004242897
client running:14/59, client loss: 2.0750226974487305, loss 1: 1.893397331237793, loss 2: 0.0018162543419748545
client running:15/59, client loss: 2.012878656387329, loss 1: 1.9196710586547852, loss 2: 0.000932075607124716
client running:16/59, client loss: 2.0979437828063965, loss 1: 1.9233548641204834, loss 2: 0.001745888963341713
client running:17/59, client loss: 2.123979091644287, loss 1: 1.9381604194641113, loss 2: 0.00185818737372756
client running:18/59, client loss: 2.1177010536193848, loss 1: 1.893325686454773, loss 2: 0.0022437539882957935
client running:19/59, client loss: 2.074022054672241, loss 1: 1.9326415061950684, loss 2: 0.001413805177435279
client running:20/59, client loss: 2.0071637630462646, loss 1: 1.894050121307373, loss 2: 0.0011311371345072985
client running:21/59, client loss: 2.053650140762329, loss 1: 1.9220166206359863, loss 2: 0.0013163352850824594
client running:22/59, client loss: 2.029470443725586, loss 1: 1.9053796529769897, loss 2: 0.0012409089831635356
client running:23/59, client loss: 2.111628532409668, loss 1: 1.910520315170288, loss 2: 0.002011082600802183
client running:24/59, client loss: 2.0902628898620605, loss 1: 1.903536081314087, loss 2: 0.0018672687001526356
client running:25/59, client loss: 2.111553907394409, loss 1: 1.9344674348831177, loss 2: 0.0017708647064864635
client running:26/59, client loss: 2.0871036052703857, loss 1: 1.9389634132385254, loss 2: 0.0014814009191468358
client running:27/59, client loss: 2.0921168327331543, loss 1: 1.9218089580535889, loss 2: 0.0017030786257237196
client running:28/59, client loss: 2.0688610076904297, loss 1: 1.9092512130737305, loss 2: 0.0015960978344082832
client running:29/59, client loss: 2.0752954483032227, loss 1: 1.9243299961090088, loss 2: 0.0015096538700163364
client running:30/59, client loss: 2.076788902282715, loss 1: 1.9162384271621704, loss 2: 0.0016055046580731869
client running:31/59, client loss: 2.0681986808776855, loss 1: 1.9067457914352417, loss 2: 0.0016145295230671763
client running:32/59, client loss: 2.01641845703125, loss 1: 1.9074172973632812, loss 2: 0.0010900121415033937
client running:33/59, client loss: 2.035456895828247, loss 1: 1.9172009229660034, loss 2: 0.0011825587134808302
client running:34/59, client loss: 2.0723648071289062, loss 1: 1.9333710670471191, loss 2: 0.0013899370096623898
client running:35/59, client loss: 2.08866810798645, loss 1: 1.888038992881775, loss 2: 0.0020062902476638556
client running:36/59, client loss: 2.0048162937164307, loss 1: 1.897603154182434, loss 2: 0.0010721320286393166
client running:37/59, client loss: 2.0736639499664307, loss 1: 1.896936297416687, loss 2: 0.0017672776011750102
client running:38/59, client loss: 2.0418920516967773, loss 1: 1.9001988172531128, loss 2: 0.0014169325586408377
client running:39/59, client loss: 2.08404803276062, loss 1: 1.9391825199127197, loss 2: 0.0014486545696854591
client running:40/59, client loss: 2.015052556991577, loss 1: 1.8921738862991333, loss 2: 0.0012287857243791223
client running:41/59, client loss: 2.1264939308166504, loss 1: 1.9102524518966675, loss 2: 0.002162415999919176
client running:42/59, client loss: 2.0671651363372803, loss 1: 1.8919881582260132, loss 2: 0.0017517691012471914
client running:43/59, client loss: 2.0240774154663086, loss 1: 1.9267778396606445, loss 2: 0.0009729956509545445
client running:44/59, client loss: 2.0310051441192627, loss 1: 1.9081034660339355, loss 2: 0.0012290161103010178
client running:45/59, client loss: 2.0126044750213623, loss 1: 1.9181843996047974, loss 2: 0.0009442000882700086
client running:46/59, client loss: 2.0201308727264404, loss 1: 1.8870426416397095, loss 2: 0.001330881379544735
client running:47/59, client loss: 2.0244157314300537, loss 1: 1.9249188899993896, loss 2: 0.0009949676459655166
client running:48/59, client loss: 2.0415802001953125, loss 1: 1.9345873594284058, loss 2: 0.0010699286358430982
client running:49/59, client loss: 2.0279836654663086, loss 1: 1.9299343824386597, loss 2: 0.00098049221560359
client running:50/59, client loss: 2.0097880363464355, loss 1: 1.9064058065414429, loss 2: 0.0010338211432099342
client running:51/59, client loss: 2.0024569034576416, loss 1: 1.9105886220932007, loss 2: 0.0009186819661408663
client running:52/59, client loss: 2.0824406147003174, loss 1: 1.9487055540084839, loss 2: 0.001337349647656083
client running:53/59, client loss: 1.9980026483535767, loss 1: 1.8990572690963745, loss 2: 0.000989454099908471
client running:54/59, client loss: 2.042126178741455, loss 1: 1.9160959720611572, loss 2: 0.0012603021459653974
client running:55/59, client loss: 2.061300277709961, loss 1: 1.919521689414978, loss 2: 0.0014177869306877255
client running:56/59, client loss: 2.0361781120300293, loss 1: 1.9208214282989502, loss 2: 0.0011535673402249813
client running:57/59, client loss: 2.0113637447357178, loss 1: 1.9084075689315796, loss 2: 0.0010295609245076776
client running:58/59, client loss: 2.0294625759124756, loss 1: 1.8943930864334106, loss 2: 0.0013506959658116102
server loss: tensor([[0.9607, 0.6664, 0.6709, 0.6371, 0.6922, 0.5402, 0.5203, 0.6232],
        [0.6730, 0.8656, 0.6524, 0.5974, 0.6771, 0.5392, 0.5724, 0.6338],
        [0.6478, 0.6467, 0.9143, 0.6095, 0.6523, 0.5129, 0.5781, 0.6455],
        [0.6678, 0.6332, 0.6800, 0.9346, 0.6436, 0.5188, 0.5538, 0.5806],
        [0.7020, 0.6913, 0.6827, 0.6416, 0.9692, 0.5703, 0.5493, 0.6621],
        [0.6466, 0.5878, 0.6140, 0.5809, 0.6534, 0.7360, 0.5146, 0.5887],
        [0.6404, 0.5947, 0.6433, 0.6391, 0.6585, 0.4997, 0.7528, 0.6020],
        [0.6920, 0.6314, 0.7142, 0.5861, 0.7218, 0.5907, 0.5436, 0.8569]],
       device='cuda:0')
server average tensor
client running:0/59, client loss: 2.1177010536193848, loss 1: 1.9132182598114014, loss 2: 0.0020448267459869385
client running:1/59, client loss: 2.0658609867095947, loss 1: 1.879989504814148, loss 2: 0.0018587138038128614
client running:2/59, client loss: 2.0808613300323486, loss 1: 1.8846012353897095, loss 2: 0.0019626005087047815
client running:3/59, client loss: 2.0238242149353027, loss 1: 1.8966997861862183, loss 2: 0.0012712432071566582
client running:4/59, client loss: 2.1537537574768066, loss 1: 1.8930922746658325, loss 2: 0.0026066144928336143
client running:5/59, client loss: 2.112889528274536, loss 1: 1.9146041870117188, loss 2: 0.0019828532822430134
client running:6/59, client loss: 2.0334150791168213, loss 1: 1.9073349237442017, loss 2: 0.0012608007527887821
client running:7/59, client loss: 2.127923011779785, loss 1: 1.910630464553833, loss 2: 0.0021729255095124245
client running:8/59, client loss: 2.0531232357025146, loss 1: 1.9204843044281006, loss 2: 0.0013263882137835026
client running:9/59, client loss: 2.1134226322174072, loss 1: 1.913618803024292, loss 2: 0.001998038962483406
client running:10/59, client loss: 2.06848406791687, loss 1: 1.9134244918823242, loss 2: 0.0015505952760577202
client running:11/59, client loss: 2.170799493789673, loss 1: 1.9350237846374512, loss 2: 0.0023577562533318996
client running:12/59, client loss: 2.0546979904174805, loss 1: 1.908984899520874, loss 2: 0.0014571317005902529
client running:13/59, client loss: 2.0667781829833984, loss 1: 1.9072744846343994, loss 2: 0.0015950361266732216
client running:14/59, client loss: 2.0869736671447754, loss 1: 1.9167972803115845, loss 2: 0.0017017635982483625
client running:15/59, client loss: 2.1816701889038086, loss 1: 1.893886923789978, loss 2: 0.0028778326231986284
client running:16/59, client loss: 2.173461437225342, loss 1: 1.8966575860977173, loss 2: 0.0027680376078933477
client running:17/59, client loss: 2.147526741027832, loss 1: 1.9133131504058838, loss 2: 0.0023421370424330235
client running:18/59, client loss: 2.064779281616211, loss 1: 1.9151887893676758, loss 2: 0.001495905453339219
client running:19/59, client loss: 2.032626152038574, loss 1: 1.898240566253662, loss 2: 0.0013438559835776687
client running:20/59, client loss: 2.162682294845581, loss 1: 1.9088550806045532, loss 2: 0.0025382726453244686
client running:21/59, client loss: 2.0387117862701416, loss 1: 1.9114634990692139, loss 2: 0.001272483030334115
client running:22/59, client loss: 2.057286262512207, loss 1: 1.877363681793213, loss 2: 0.0017992255743592978
client running:23/59, client loss: 2.076122760772705, loss 1: 1.9061766862869263, loss 2: 0.0016994603211060166
client running:24/59, client loss: 2.0447371006011963, loss 1: 1.900352954864502, loss 2: 0.0014438405632972717
client running:25/59, client loss: 2.0962600708007812, loss 1: 1.9314305782318115, loss 2: 0.0016482953215017915
client running:26/59, client loss: 2.148867607116699, loss 1: 1.9507861137390137, loss 2: 0.0019808136858046055
client running:27/59, client loss: 1.9977874755859375, loss 1: 1.9007048606872559, loss 2: 0.0009708264842629433
client running:28/59, client loss: 2.0547118186950684, loss 1: 1.891349196434021, loss 2: 0.001633626758120954
client running:29/59, client loss: 2.045788049697876, loss 1: 1.9099390506744385, loss 2: 0.0013584902044385672
client running:30/59, client loss: 2.086784601211548, loss 1: 1.9026159048080444, loss 2: 0.001841686898842454
client running:31/59, client loss: 2.0155742168426514, loss 1: 1.8971531391143799, loss 2: 0.0011842113453894854
client running:32/59, client loss: 2.0749640464782715, loss 1: 1.9326294660568237, loss 2: 0.0014233456458896399
client running:33/59, client loss: 2.042407751083374, loss 1: 1.9033331871032715, loss 2: 0.0013907456304877996
client running:34/59, client loss: 2.0479233264923096, loss 1: 1.9279991388320923, loss 2: 0.0011992425424978137
client running:35/59, client loss: 2.0211005210876465, loss 1: 1.8922078609466553, loss 2: 0.0012889259960502386
client running:36/59, client loss: 2.058814764022827, loss 1: 1.898414969444275, loss 2: 0.0016039973124861717
client running:37/59, client loss: 2.062349557876587, loss 1: 1.907757043838501, loss 2: 0.0015459259739145637
client running:38/59, client loss: 2.008100748062134, loss 1: 1.9328622817993164, loss 2: 0.0007523850072175264
client running:39/59, client loss: 2.0957746505737305, loss 1: 1.894527554512024, loss 2: 0.00201247027143836
client running:40/59, client loss: 2.0478291511535645, loss 1: 1.8935363292694092, loss 2: 0.001542927697300911
client running:41/59, client loss: 2.1777126789093018, loss 1: 1.9075043201446533, loss 2: 0.0027020832058042288
client running:42/59, client loss: 2.077758312225342, loss 1: 1.9095970392227173, loss 2: 0.0016816133866086602
client running:43/59, client loss: 2.0935235023498535, loss 1: 1.8792424201965332, loss 2: 0.002142811892554164
client running:44/59, client loss: 2.0432991981506348, loss 1: 1.921898365020752, loss 2: 0.0012140090111643076
client running:45/59, client loss: 1.9962295293807983, loss 1: 1.9194622039794922, loss 2: 0.0007676728419028223
client running:46/59, client loss: 2.0573649406433105, loss 1: 1.9166910648345947, loss 2: 0.001406738767400384
client running:47/59, client loss: 2.002678871154785, loss 1: 1.8922863006591797, loss 2: 0.0011039267992600799
client running:48/59, client loss: 1.9796364307403564, loss 1: 1.8886207342147827, loss 2: 0.0009101571631617844
client running:49/59, client loss: 1.9823617935180664, loss 1: 1.896512508392334, loss 2: 0.0008584922761656344
client running:50/59, client loss: 2.0074005126953125, loss 1: 1.8842884302139282, loss 2: 0.0012311211321502924
client running:51/59, client loss: 2.0089797973632812, loss 1: 1.8901516199111938, loss 2: 0.0011882823891937733
client running:52/59, client loss: 2.0346295833587646, loss 1: 1.8956090211868286, loss 2: 0.0013902058126404881
client running:53/59, client loss: 2.033352851867676, loss 1: 1.889295220375061, loss 2: 0.0014405762776732445
client running:54/59, client loss: 2.0223166942596436, loss 1: 1.8793309926986694, loss 2: 0.0014298571040853858
client running:55/59, client loss: 2.066455125808716, loss 1: 1.905827522277832, loss 2: 0.0016062769573181868
client running:56/59, client loss: 2.0574820041656494, loss 1: 1.920873999595642, loss 2: 0.0013660805998370051
client running:57/59, client loss: 2.0312492847442627, loss 1: 1.9024982452392578, loss 2: 0.0012875099200755358
client running:58/59, client loss: 2.018594741821289, loss 1: 1.8806096315383911, loss 2: 0.0013798503205180168
server loss: tensor([[0.8539, 0.6467, 0.6081, 0.5521, 0.6894, 0.6026, 0.6350, 0.6961],
        [0.6308, 0.8241, 0.5678, 0.5728, 0.6205, 0.6051, 0.5826, 0.7002],
        [0.6208, 0.6404, 0.8730, 0.5635, 0.6330, 0.6095, 0.6004, 0.6991],
        [0.6026, 0.6154, 0.5437, 0.8334, 0.5465, 0.6090, 0.5881, 0.6399],
        [0.6195, 0.5805, 0.5521, 0.5169, 0.8294, 0.5454, 0.6365, 0.6425],
        [0.5526, 0.5984, 0.5665, 0.5693, 0.5367, 0.8892, 0.5863, 0.6410],
        [0.6096, 0.5783, 0.5616, 0.6284, 0.6518, 0.6179, 0.9509, 0.6422],
        [0.6250, 0.7095, 0.6119, 0.5471, 0.6115, 0.6109, 0.5714, 0.9281]],
       device='cuda:0')
client running:0/59, client loss: 2.1354379653930664, loss 1: 1.9103657007217407, loss 2: 0.0022507221437990665
client running:1/59, client loss: 2.0835819244384766, loss 1: 1.9400557279586792, loss 2: 0.0014352630823850632
client running:2/59, client loss: 2.0683140754699707, loss 1: 1.8896653652191162, loss 2: 0.0017864858964458108
client running:3/59, client loss: 2.1027963161468506, loss 1: 1.9231334924697876, loss 2: 0.0017966292798519135
client running:4/59, client loss: 2.0857906341552734, loss 1: 1.9167803525924683, loss 2: 0.001690103206783533
client running:5/59, client loss: 2.1418652534484863, loss 1: 1.9428613185882568, loss 2: 0.0019900391343981028
client running:6/59, client loss: 2.0662620067596436, loss 1: 1.9168996810913086, loss 2: 0.0014936232473701239
client running:7/59, client loss: 2.04925274848938, loss 1: 1.8988864421844482, loss 2: 0.0015036629047244787
client running:8/59, client loss: 2.073479175567627, loss 1: 1.9329001903533936, loss 2: 0.0014057899825274944
client running:9/59, client loss: 2.038956642150879, loss 1: 1.9004513025283813, loss 2: 0.0013850522227585316
client running:10/59, client loss: 2.0628859996795654, loss 1: 1.9072023630142212, loss 2: 0.0015568363014608622
client running:11/59, client loss: 2.1338181495666504, loss 1: 1.8894025087356567, loss 2: 0.002444157376885414
client running:12/59, client loss: 2.188419818878174, loss 1: 1.9012196063995361, loss 2: 0.0028720032423734665
client running:13/59, client loss: 2.0401430130004883, loss 1: 1.929473876953125, loss 2: 0.0011066908482462168
client running:14/59, client loss: 2.0549981594085693, loss 1: 1.909045696258545, loss 2: 0.0014595240354537964
client running:15/59, client loss: 2.066254138946533, loss 1: 1.9249134063720703, loss 2: 0.0014134068042039871
client running:16/59, client loss: 2.1144068241119385, loss 1: 1.9161126613616943, loss 2: 0.0019829426892101765
client running:17/59, client loss: 2.053978681564331, loss 1: 1.9100978374481201, loss 2: 0.001438808860257268
client running:18/59, client loss: 2.0548787117004395, loss 1: 1.8924322128295898, loss 2: 0.0016244653379544616
client running:19/59, client loss: 2.09820294380188, loss 1: 1.9031939506530762, loss 2: 0.0019500905182212591
client running:20/59, client loss: 2.132873296737671, loss 1: 1.9000709056854248, loss 2: 0.002328023314476013
client running:21/59, client loss: 2.0238659381866455, loss 1: 1.9012519121170044, loss 2: 0.0012261401861906052
client running:22/59, client loss: 2.0790233612060547, loss 1: 1.9072786569595337, loss 2: 0.001717445789836347
client running:23/59, client loss: 2.047494649887085, loss 1: 1.8957159519195557, loss 2: 0.0015177871100604534
client running:24/59, client loss: 2.0332837104797363, loss 1: 1.9046173095703125, loss 2: 0.0012866645120084286
client running:25/59, client loss: 2.0136704444885254, loss 1: 1.9020642042160034, loss 2: 0.0011160620488226414
client running:26/59, client loss: 2.0443286895751953, loss 1: 1.8861916065216064, loss 2: 0.001581371296197176
client running:27/59, client loss: 2.028151035308838, loss 1: 1.9111573696136475, loss 2: 0.0011699376627802849
client running:28/59, client loss: 2.046459197998047, loss 1: 1.8959873914718628, loss 2: 0.0015047169290482998
client running:29/59, client loss: 2.0865395069122314, loss 1: 1.890294075012207, loss 2: 0.0019624552223831415
client running:30/59, client loss: 2.0153887271881104, loss 1: 1.9187657833099365, loss 2: 0.0009662304073572159
client running:31/59, client loss: 2.0858538150787354, loss 1: 1.9258217811584473, loss 2: 0.001600321033038199
client running:32/59, client loss: 2.0554349422454834, loss 1: 1.9245089292526245, loss 2: 0.0013092593289911747
client running:33/59, client loss: 2.1241395473480225, loss 1: 1.9101611375808716, loss 2: 0.0021397829987108707
client running:34/59, client loss: 2.099970817565918, loss 1: 1.925655484199524, loss 2: 0.0017431541346013546
client running:35/59, client loss: 2.109065532684326, loss 1: 1.890875220298767, loss 2: 0.0021819020621478558
client running:36/59, client loss: 2.012648344039917, loss 1: 1.902867078781128, loss 2: 0.0010978118516504765
client running:37/59, client loss: 2.126607894897461, loss 1: 1.9258917570114136, loss 2: 0.002007162431254983
client running:38/59, client loss: 1.995608925819397, loss 1: 1.8886874914169312, loss 2: 0.001069214311428368
client running:39/59, client loss: 1.990433931350708, loss 1: 1.9186432361602783, loss 2: 0.0007179075619205832
client running:40/59, client loss: 2.010861396789551, loss 1: 1.916162371635437, loss 2: 0.0009469911456108093
client running:41/59, client loss: 2.031172275543213, loss 1: 1.890109896659851, loss 2: 0.001410622731782496
client running:42/59, client loss: 2.0091938972473145, loss 1: 1.8925223350524902, loss 2: 0.0011667164508253336
client running:43/59, client loss: 2.0676093101501465, loss 1: 1.91875159740448, loss 2: 0.0014885759446769953
client running:44/59, client loss: 2.05336594581604, loss 1: 1.8972300291061401, loss 2: 0.0015613597352057695
client running:45/59, client loss: 2.0583324432373047, loss 1: 1.88153076171875, loss 2: 0.001768016256392002
client running:46/59, client loss: 2.0891599655151367, loss 1: 1.9274781942367554, loss 2: 0.0016168176662176847
client running:47/59, client loss: 2.057471990585327, loss 1: 1.8983941078186035, loss 2: 0.0015907794004306197
client running:48/59, client loss: 2.074155807495117, loss 1: 1.9421154260635376, loss 2: 0.0013204049319028854
client running:49/59, client loss: 2.036320209503174, loss 1: 1.9062190055847168, loss 2: 0.0013010124675929546
client running:50/59, client loss: 2.0520224571228027, loss 1: 1.9008442163467407, loss 2: 0.0015117833390831947
client running:51/59, client loss: 2.1309173107147217, loss 1: 1.924302577972412, loss 2: 0.002066146582365036
client running:52/59, client loss: 2.0491275787353516, loss 1: 1.9070521593093872, loss 2: 0.001420755172148347
client running:53/59, client loss: 2.0645625591278076, loss 1: 1.9021921157836914, loss 2: 0.0016237044474110007
client running:54/59, client loss: 2.008727550506592, loss 1: 1.8963429927825928, loss 2: 0.0011238458100706339
client running:55/59, client loss: 2.0326688289642334, loss 1: 1.8958048820495605, loss 2: 0.001368640223518014
client running:56/59, client loss: 2.0139877796173096, loss 1: 1.9348894357681274, loss 2: 0.0007909845444373786
client running:57/59, client loss: 2.0286056995391846, loss 1: 1.914566159248352, loss 2: 0.001140395412221551
client running:58/59, client loss: 2.0282959938049316, loss 1: 1.9124168157577515, loss 2: 0.0011587926419451833
server loss: tensor([[0.7550, 0.6195, 0.6811, 0.6047, 0.6021, 0.6149, 0.7647, 0.6044],
        [0.5834, 0.9186, 0.5995, 0.6014, 0.5171, 0.6315, 0.6146, 0.5878],
        [0.6082, 0.6067, 0.8371, 0.5803, 0.6209, 0.6248, 0.6798, 0.5793],
        [0.5723, 0.6122, 0.6386, 0.8420, 0.6212, 0.6439, 0.6234, 0.6879],
        [0.6536, 0.6133, 0.6953, 0.6469, 0.8480, 0.6497, 0.7562, 0.6481],
        [0.6299, 0.6676, 0.6464, 0.6700, 0.5677, 0.9039, 0.6816, 0.6339],
        [0.6325, 0.6018, 0.6668, 0.5590, 0.6184, 0.6091, 0.8966, 0.6215],
        [0.5872, 0.6450, 0.6600, 0.6600, 0.6368, 0.6793, 0.7076, 0.8561]],
       device='cuda:0')
client running:0/59, client loss: 2.1417622566223145, loss 1: 1.9038242101669312, loss 2: 0.0023793792352080345
client running:1/59, client loss: 2.187316417694092, loss 1: 1.9092762470245361, loss 2: 0.002780401147902012
client running:2/59, client loss: 2.084867477416992, loss 1: 1.884243369102478, loss 2: 0.0020062406547367573
client running:3/59, client loss: 2.012937545776367, loss 1: 1.9014856815338135, loss 2: 0.0011145176831632853
client running:4/59, client loss: 2.078845262527466, loss 1: 1.8979581594467163, loss 2: 0.0018088705837726593
client running:5/59, client loss: 2.0623114109039307, loss 1: 1.9143776893615723, loss 2: 0.0014793381560593843
client running:6/59, client loss: 2.133622407913208, loss 1: 1.9258366823196411, loss 2: 0.002077857730910182
client running:7/59, client loss: 2.1193275451660156, loss 1: 1.9204622507095337, loss 2: 0.001988652627915144
client running:8/59, client loss: 2.1355631351470947, loss 1: 1.9108858108520508, loss 2: 0.002246774034574628
client running:9/59, client loss: 2.0571303367614746, loss 1: 1.9196460247039795, loss 2: 0.0013748441124334931
client running:10/59, client loss: 2.0657427310943604, loss 1: 1.9216972589492798, loss 2: 0.0014404538087546825
client running:11/59, client loss: 2.1191458702087402, loss 1: 1.8976284265518188, loss 2: 0.0022151735611259937
client running:12/59, client loss: 2.0541367530822754, loss 1: 1.9059624671936035, loss 2: 0.0014817435294389725
client running:13/59, client loss: 2.0910587310791016, loss 1: 1.9171963930130005, loss 2: 0.0017386225517839193
client running:14/59, client loss: 2.125491142272949, loss 1: 1.9163174629211426, loss 2: 0.002091736765578389
client running:15/59, client loss: 2.046387195587158, loss 1: 1.9030003547668457, loss 2: 0.0014338677283376455
client running:16/59, client loss: 2.0759871006011963, loss 1: 1.9285837411880493, loss 2: 0.0014740335755050182
client running:17/59, client loss: 2.1580376625061035, loss 1: 1.9066636562347412, loss 2: 0.0025137413758784533
client running:18/59, client loss: 2.0393259525299072, loss 1: 1.9161934852600098, loss 2: 0.0012313247425481677
client running:19/59, client loss: 2.083587408065796, loss 1: 1.8936915397644043, loss 2: 0.0018989586969837546
client running:20/59, client loss: 2.0402185916900635, loss 1: 1.9204802513122559, loss 2: 0.001197383040562272
client running:21/59, client loss: 2.100813150405884, loss 1: 1.8782975673675537, loss 2: 0.002225156407803297
client running:22/59, client loss: 2.0040767192840576, loss 1: 1.8923640251159668, loss 2: 0.0011171272490173578
client running:23/59, client loss: 2.0609734058380127, loss 1: 1.8990801572799683, loss 2: 0.0016189321177080274
client running:24/59, client loss: 2.116426706314087, loss 1: 1.9267315864562988, loss 2: 0.001896951929666102
client running:25/59, client loss: 2.146955966949463, loss 1: 1.9337034225463867, loss 2: 0.002132525434717536
client running:26/59, client loss: 2.0723955631256104, loss 1: 1.895732045173645, loss 2: 0.0017666355706751347
client running:27/59, client loss: 2.0916736125946045, loss 1: 1.8803825378417969, loss 2: 0.0021129099186509848
client running:28/59, client loss: 2.0474352836608887, loss 1: 1.9069923162460327, loss 2: 0.0014044299023225904
client running:29/59, client loss: 2.1026723384857178, loss 1: 1.8977409601211548, loss 2: 0.0020493147894740105
client running:30/59, client loss: 2.0692734718322754, loss 1: 1.8843907117843628, loss 2: 0.0018488268833607435
client running:31/59, client loss: 2.0477161407470703, loss 1: 1.9095535278320312, loss 2: 0.0013816272839903831
client running:32/59, client loss: 2.073367118835449, loss 1: 1.9218989610671997, loss 2: 0.001514681032858789
client running:33/59, client loss: 2.0642054080963135, loss 1: 1.9149582386016846, loss 2: 0.0014924714341759682
client running:34/59, client loss: 2.0684375762939453, loss 1: 1.9201492071151733, loss 2: 0.0014828841667622328
client running:35/59, client loss: 2.0946147441864014, loss 1: 1.9002577066421509, loss 2: 0.0019435712601989508
client running:36/59, client loss: 2.023561716079712, loss 1: 1.8976677656173706, loss 2: 0.0012589385733008385
client running:37/59, client loss: 2.05586314201355, loss 1: 1.9218931198120117, loss 2: 0.0013396991416811943
client running:38/59, client loss: 2.0405356884002686, loss 1: 1.8975237607955933, loss 2: 0.0014301196206361055
client running:39/59, client loss: 2.1301109790802, loss 1: 1.9309009313583374, loss 2: 0.0019921003840863705
client running:40/59, client loss: 2.0727789402008057, loss 1: 1.888569951057434, loss 2: 0.0018420901615172625
client running:41/59, client loss: 2.1309096813201904, loss 1: 1.9316030740737915, loss 2: 0.0019930654671043158
client running:42/59, client loss: 2.022174835205078, loss 1: 1.910783052444458, loss 2: 0.0011139186099171638
client running:43/59, client loss: 2.0954270362854004, loss 1: 1.8839404582977295, loss 2: 0.002114864531904459
client running:44/59, client loss: 2.041964292526245, loss 1: 1.9269638061523438, loss 2: 0.0011500038672238588
client running:45/59, client loss: 2.0610804557800293, loss 1: 1.8990695476531982, loss 2: 0.0016201080288738012
client running:46/59, client loss: 2.0439393520355225, loss 1: 1.9064593315124512, loss 2: 0.0013748002238571644
client running:47/59, client loss: 2.0264925956726074, loss 1: 1.8940659761428833, loss 2: 0.0013242664281278849
client running:48/59, client loss: 2.000688314437866, loss 1: 1.917362928390503, loss 2: 0.0008332542493008077
client running:49/59, client loss: 2.092294454574585, loss 1: 1.9166460037231445, loss 2: 0.0017564850859344006
client running:50/59, client loss: 2.0582704544067383, loss 1: 1.9150053262710571, loss 2: 0.0014326520031318069
client running:51/59, client loss: 2.0288047790527344, loss 1: 1.905147671699524, loss 2: 0.001236569951288402
client running:52/59, client loss: 2.018261432647705, loss 1: 1.8863418102264404, loss 2: 0.0013191970065236092
client running:53/59, client loss: 2.049696683883667, loss 1: 1.895290732383728, loss 2: 0.0015440585557371378
client running:54/59, client loss: 1.9883034229278564, loss 1: 1.8874478340148926, loss 2: 0.001008555293083191
client running:55/59, client loss: 2.03902530670166, loss 1: 1.9037542343139648, loss 2: 0.0013527105329558253
client running:56/59, client loss: 2.045588970184326, loss 1: 1.9002660512924194, loss 2: 0.001453228062018752
client running:57/59, client loss: 2.0622217655181885, loss 1: 1.9023809432983398, loss 2: 0.001598407281562686
client running:58/59, client loss: 2.0218396186828613, loss 1: 1.917067050933838, loss 2: 0.0010477255564182997
server loss: tensor([[0.8473, 0.6111, 0.5584, 0.6116, 0.5971, 0.6165, 0.5631, 0.5576],
        [0.5843, 0.8941, 0.6247, 0.6125, 0.7010, 0.7246, 0.6450, 0.7122],
        [0.5929, 0.6418, 0.9284, 0.5930, 0.6099, 0.6510, 0.6395, 0.6474],
        [0.6225, 0.6672, 0.6060, 0.7589, 0.7512, 0.7111, 0.6117, 0.6542],
        [0.6008, 0.7411, 0.5974, 0.6400, 0.9261, 0.7613, 0.6697, 0.7160],
        [0.6089, 0.6965, 0.6047, 0.6456, 0.7445, 0.9281, 0.6854, 0.6646],
        [0.5406, 0.6487, 0.6486, 0.5764, 0.6557, 0.6882, 0.7874, 0.6624],
        [0.5679, 0.7321, 0.6285, 0.6088, 0.7204, 0.7228, 0.6647, 0.8913]],
       device='cuda:0')
client running:0/59, client loss: 2.0398061275482178, loss 1: 1.910132884979248, loss 2: 0.0012967330403625965
client running:1/59, client loss: 2.1582372188568115, loss 1: 1.8984785079956055, loss 2: 0.002597587648779154
client running:2/59, client loss: 2.087172031402588, loss 1: 1.9386303424835205, loss 2: 0.001485416665673256
client running:3/59, client loss: 2.018442153930664, loss 1: 1.9069805145263672, loss 2: 0.0011146171018481255
client running:4/59, client loss: 2.0947976112365723, loss 1: 1.9025026559829712, loss 2: 0.0019229494500905275
client running:5/59, client loss: 2.095794916152954, loss 1: 1.9093531370162964, loss 2: 0.001864416990429163
client running:6/59, client loss: 2.1216859817504883, loss 1: 1.9110649824142456, loss 2: 0.0021062097512185574
client running:7/59, client loss: 2.068451166152954, loss 1: 1.8797292709350586, loss 2: 0.0018872191431000829
client running:8/59, client loss: 2.1365950107574463, loss 1: 1.912787675857544, loss 2: 0.0022380738519132137
client running:9/59, client loss: 2.0818686485290527, loss 1: 1.9085798263549805, loss 2: 0.0017328880494460464
client running:10/59, client loss: 2.112457752227783, loss 1: 1.9221385717391968, loss 2: 0.0019031916745007038
client running:11/59, client loss: 2.03456449508667, loss 1: 1.911054253578186, loss 2: 0.001235101604834199
client running:12/59, client loss: 2.156125068664551, loss 1: 1.925464391708374, loss 2: 0.0023066075518727303
client running:13/59, client loss: 2.1321585178375244, loss 1: 1.9494504928588867, loss 2: 0.0018270800355821848
client running:14/59, client loss: 2.053441286087036, loss 1: 1.9278985261917114, loss 2: 0.0012554284185171127
client running:15/59, client loss: 2.019630193710327, loss 1: 1.9068433046340942, loss 2: 0.0011278699385002255
client running:16/59, client loss: 2.160001754760742, loss 1: 1.9162369966506958, loss 2: 0.002437647432088852
client running:17/59, client loss: 2.078129768371582, loss 1: 1.9071158170700073, loss 2: 0.0017101384000852704
client running:18/59, client loss: 2.1389377117156982, loss 1: 1.8985023498535156, loss 2: 0.002404354279860854
client running:19/59, client loss: 2.05983829498291, loss 1: 1.9067667722702026, loss 2: 0.001530714682303369
client running:20/59, client loss: 2.018148422241211, loss 1: 1.8833194971084595, loss 2: 0.0013482903596013784
client running:21/59, client loss: 2.1040432453155518, loss 1: 1.9061990976333618, loss 2: 0.0019784406758844852
client running:22/59, client loss: 2.076110601425171, loss 1: 1.9269248247146606, loss 2: 0.0014918585075065494
client running:23/59, client loss: 2.1117045879364014, loss 1: 1.9279131889343262, loss 2: 0.0018379144603386521
client running:24/59, client loss: 2.131146192550659, loss 1: 1.90598726272583, loss 2: 0.002251590136438608
client running:25/59, client loss: 2.0883896350860596, loss 1: 1.931262731552124, loss 2: 0.001571268541738391
client running:26/59, client loss: 2.0367684364318848, loss 1: 1.9116954803466797, loss 2: 0.0012507298961281776
client running:27/59, client loss: 2.0573549270629883, loss 1: 1.885704517364502, loss 2: 0.0017165043391287327
client running:28/59, client loss: 2.063138008117676, loss 1: 1.9021754264831543, loss 2: 0.0016096269246190786
client running:29/59, client loss: 2.0519206523895264, loss 1: 1.9212703704833984, loss 2: 0.0013065021485090256
client running:30/59, client loss: 2.0384316444396973, loss 1: 1.9264116287231445, loss 2: 0.0011202001478523016
client running:31/59, client loss: 2.047821044921875, loss 1: 1.915342926979065, loss 2: 0.0013247816823422909
client running:32/59, client loss: 2.0607123374938965, loss 1: 1.925856113433838, loss 2: 0.0013485628878697753
client running:33/59, client loss: 2.1001243591308594, loss 1: 1.9129793643951416, loss 2: 0.0018714487086981535
client running:34/59, client loss: 2.0623550415039062, loss 1: 1.929072380065918, loss 2: 0.0013328264467418194
client running:35/59, client loss: 2.0969271659851074, loss 1: 1.9148123264312744, loss 2: 0.0018211491405963898
client running:36/59, client loss: 2.024599075317383, loss 1: 1.914247751235962, loss 2: 0.0011035142233595252
client running:37/59, client loss: 2.018054962158203, loss 1: 1.890708088874817, loss 2: 0.0012734682532027364
client running:38/59, client loss: 2.0703012943267822, loss 1: 1.9143636226654053, loss 2: 0.0015593771822750568
client running:39/59, client loss: 2.0561411380767822, loss 1: 1.8934732675552368, loss 2: 0.0016266795573756099
client running:40/59, client loss: 2.0244176387786865, loss 1: 1.9104831218719482, loss 2: 0.0011393444146960974
client running:41/59, client loss: 2.041163682937622, loss 1: 1.9089312553405762, loss 2: 0.0013223240384832025
client running:42/59, client loss: 2.085312843322754, loss 1: 1.9111731052398682, loss 2: 0.001741397543810308
client running:43/59, client loss: 1.9959206581115723, loss 1: 1.8964040279388428, loss 2: 0.000995165784843266
client running:44/59, client loss: 2.099116325378418, loss 1: 1.914862871170044, loss 2: 0.0018425340531393886
client running:45/59, client loss: 2.018345832824707, loss 1: 1.8972914218902588, loss 2: 0.0012105439091101289
client running:46/59, client loss: 2.0066471099853516, loss 1: 1.905121922492981, loss 2: 0.0010152528993785381
client running:47/59, client loss: 2.0667812824249268, loss 1: 1.9044554233551025, loss 2: 0.001623258227482438
client running:48/59, client loss: 2.0869412422180176, loss 1: 1.8702600002288818, loss 2: 0.002166811376810074
client running:49/59, client loss: 2.0666699409484863, loss 1: 1.8967604637145996, loss 2: 0.0016990945441648364
client running:50/59, client loss: 2.037325620651245, loss 1: 1.9076071977615356, loss 2: 0.0012971844989806414
client running:51/59, client loss: 2.0590922832489014, loss 1: 1.924608588218689, loss 2: 0.0013448380632326007
client running:52/59, client loss: 2.060157299041748, loss 1: 1.907921314239502, loss 2: 0.0015223589725792408
client running:53/59, client loss: 2.0247464179992676, loss 1: 1.903123378753662, loss 2: 0.0012162295170128345
client running:54/59, client loss: 2.0161514282226562, loss 1: 1.8984670639038086, loss 2: 0.0011768443509936333
client running:55/59, client loss: 2.0419046878814697, loss 1: 1.8774605989456177, loss 2: 0.0016444399952888489
client running:56/59, client loss: 2.098423480987549, loss 1: 1.9072877168655396, loss 2: 0.0019113565795123577
client running:57/59, client loss: 2.001314401626587, loss 1: 1.9090166091918945, loss 2: 0.0009229789138771594
client running:58/59, client loss: 2.0201451778411865, loss 1: 1.9190897941589355, loss 2: 0.0010105547262355685
server loss: tensor([[0.7668, 0.5386, 0.6524, 0.6012, 0.5764, 0.5839, 0.6197, 0.6088],
        [0.5463, 0.8867, 0.6680, 0.6033, 0.6236, 0.6658, 0.6965, 0.7175],
        [0.5855, 0.6361, 0.8673, 0.6591, 0.6368, 0.6847, 0.7057, 0.6753],
        [0.5469, 0.6105, 0.6720, 0.9547, 0.6036, 0.6369, 0.6907, 0.6654],
        [0.5652, 0.6001, 0.6858, 0.6499, 0.7968, 0.6096, 0.6608, 0.6775],
        [0.5349, 0.6111, 0.6965, 0.6459, 0.5702, 0.8086, 0.6427, 0.7171],
        [0.5732, 0.6169, 0.6732, 0.6596, 0.6627, 0.6248, 0.8012, 0.6686],
        [0.5762, 0.6573, 0.6934, 0.6742, 0.6259, 0.7260, 0.7018, 0.9451]],
       device='cuda:0')
client running:0/59, client loss: 2.0742146968841553, loss 1: 1.9280346632003784, loss 2: 0.0014617998385801911
client running:1/59, client loss: 2.1722192764282227, loss 1: 1.8946013450622559, loss 2: 0.00277617946267128
client running:2/59, client loss: 2.064329147338867, loss 1: 1.9052637815475464, loss 2: 0.0015906529733911157
client running:3/59, client loss: 2.1505095958709717, loss 1: 1.8986691236495972, loss 2: 0.0025184056721627712
client running:4/59, client loss: 2.123485565185547, loss 1: 1.938545823097229, loss 2: 0.0018493970856070518
client running:5/59, client loss: 2.0947227478027344, loss 1: 1.9204902648925781, loss 2: 0.0017423236276954412
client running:6/59, client loss: 2.1014649868011475, loss 1: 1.939902663230896, loss 2: 0.0016156233614310622
client running:7/59, client loss: 2.081498384475708, loss 1: 1.9199683666229248, loss 2: 0.0016152994940057397
client running:8/59, client loss: 2.189145088195801, loss 1: 1.9222973585128784, loss 2: 0.002668478526175022
client running:9/59, client loss: 2.086728572845459, loss 1: 1.909765601158142, loss 2: 0.0017696293070912361
client running:10/59, client loss: 2.0117013454437256, loss 1: 1.9042003154754639, loss 2: 0.0010750109795480967
client running:11/59, client loss: 2.03647780418396, loss 1: 1.9002013206481934, loss 2: 0.0013627640437334776
client running:12/59, client loss: 2.109375238418579, loss 1: 1.9433833360671997, loss 2: 0.0016599181108176708
client running:13/59, client loss: 2.1330714225769043, loss 1: 1.9317899942398071, loss 2: 0.0020128146279603243
client running:14/59, client loss: 2.113614320755005, loss 1: 1.9186732769012451, loss 2: 0.0019494114676490426
client running:15/59, client loss: 2.069899559020996, loss 1: 1.9022923707962036, loss 2: 0.001676071435213089
client running:16/59, client loss: 2.0773797035217285, loss 1: 1.8807462453842163, loss 2: 0.0019663346465677023
client running:17/59, client loss: 2.0300846099853516, loss 1: 1.9042727947235107, loss 2: 0.001258116913959384
client running:18/59, client loss: 2.0677778720855713, loss 1: 1.9224464893341064, loss 2: 0.0014533146750181913
client running:19/59, client loss: 2.080251932144165, loss 1: 1.9147831201553345, loss 2: 0.0016546889673918486
client running:20/59, client loss: 2.0520646572113037, loss 1: 1.9066662788391113, loss 2: 0.0014539840631186962
client running:21/59, client loss: 2.0309054851531982, loss 1: 1.9089213609695435, loss 2: 0.0012198402546346188
client running:22/59, client loss: 2.0979983806610107, loss 1: 1.9067935943603516, loss 2: 0.001912047155201435
client running:23/59, client loss: 2.0862221717834473, loss 1: 1.9032238721847534, loss 2: 0.001829982385970652
client running:24/59, client loss: 2.099400043487549, loss 1: 1.9223222732543945, loss 2: 0.0017707787919789553
client running:25/59, client loss: 2.039425849914551, loss 1: 1.919948935508728, loss 2: 0.0011947683524340391
client running:26/59, client loss: 2.0162487030029297, loss 1: 1.8913193941116333, loss 2: 0.0012492919340729713
client running:27/59, client loss: 2.0669474601745605, loss 1: 1.9294350147247314, loss 2: 0.0013751257210969925
client running:28/59, client loss: 2.024278163909912, loss 1: 1.8978530168533325, loss 2: 0.0012642520014196634
client running:29/59, client loss: 2.0461645126342773, loss 1: 1.8856184482574463, loss 2: 0.0016054598381742835
client running:30/59, client loss: 2.1018385887145996, loss 1: 1.9051356315612793, loss 2: 0.00196703034453094
client running:31/59, client loss: 2.0616114139556885, loss 1: 1.889224886894226, loss 2: 0.0017238643486052752
client running:32/59, client loss: 2.1148879528045654, loss 1: 1.9274406433105469, loss 2: 0.0018744723638519645
client running:33/59, client loss: 2.038245439529419, loss 1: 1.9077403545379639, loss 2: 0.0013050501001998782
client running:34/59, client loss: 2.0499181747436523, loss 1: 1.8980876207351685, loss 2: 0.001518304692581296
client running:35/59, client loss: 2.0543899536132812, loss 1: 1.8868904113769531, loss 2: 0.0016749942442402244
client running:36/59, client loss: 2.0980958938598633, loss 1: 1.9374948740005493, loss 2: 0.001606011064723134
client running:37/59, client loss: 2.0630509853363037, loss 1: 1.9258075952529907, loss 2: 0.001372434082441032
client running:38/59, client loss: 2.0504889488220215, loss 1: 1.881378173828125, loss 2: 0.0016911085695028305
client running:39/59, client loss: 2.078084945678711, loss 1: 1.9247329235076904, loss 2: 0.0015335200587287545
client running:40/59, client loss: 2.0462045669555664, loss 1: 1.9267085790634155, loss 2: 0.001194960786961019
client running:41/59, client loss: 2.1326470375061035, loss 1: 1.9109607934951782, loss 2: 0.0022168622817844152
client running:42/59, client loss: 2.033977746963501, loss 1: 1.900901436805725, loss 2: 0.0013307628687471151
client running:43/59, client loss: 2.133859395980835, loss 1: 1.906922459602356, loss 2: 0.0022693690843880177
client running:44/59, client loss: 1.9844239950180054, loss 1: 1.897354006767273, loss 2: 0.0008706998778507113
client running:45/59, client loss: 2.020308494567871, loss 1: 1.8902497291564941, loss 2: 0.001300588482990861
client running:46/59, client loss: 2.054708242416382, loss 1: 1.9284571409225464, loss 2: 0.0012625117087736726
client running:47/59, client loss: 2.124269962310791, loss 1: 1.919312834739685, loss 2: 0.002049571368843317
client running:48/59, client loss: 1.9851588010787964, loss 1: 1.896554708480835, loss 2: 0.0008860414382070303
client running:49/59, client loss: 2.0181829929351807, loss 1: 1.9237608909606934, loss 2: 0.0009442213922739029
client running:50/59, client loss: 2.082144260406494, loss 1: 1.909028172492981, loss 2: 0.0017311607953161001
client running:51/59, client loss: 2.0413331985473633, loss 1: 1.9263553619384766, loss 2: 0.0011497774394229054
client running:52/59, client loss: 2.0294172763824463, loss 1: 1.9269282817840576, loss 2: 0.0010248904582113028
client running:53/59, client loss: 2.0961544513702393, loss 1: 1.9127053022384644, loss 2: 0.0018344923155382276
client running:54/59, client loss: 1.9866631031036377, loss 1: 1.902254343032837, loss 2: 0.0008440872188657522
client running:55/59, client loss: 2.024608850479126, loss 1: 1.9289859533309937, loss 2: 0.0009562296327203512
client running:56/59, client loss: 2.054908514022827, loss 1: 1.9181417226791382, loss 2: 0.00136766757350415
client running:57/59, client loss: 2.0339484214782715, loss 1: 1.8993383646011353, loss 2: 0.0013461005873978138
client running:58/59, client loss: 1.9875000715255737, loss 1: 1.9026610851287842, loss 2: 0.0008483895217068493
server loss: tensor([[0.9469, 0.7004, 0.6115, 0.6839, 0.7175, 0.6195, 0.6928, 0.6108],
        [0.7001, 0.9042, 0.6468, 0.6716, 0.6758, 0.6099, 0.7290, 0.5995],
        [0.6495, 0.6544, 0.8512, 0.5613, 0.6457, 0.5650, 0.6497, 0.5852],
        [0.7353, 0.7088, 0.5920, 0.9374, 0.7033, 0.6629, 0.6657, 0.6712],
        [0.6192, 0.5802, 0.5731, 0.5722, 0.8723, 0.5323, 0.5755, 0.6416],
        [0.6870, 0.6973, 0.6054, 0.7304, 0.6748, 0.8167, 0.6798, 0.6469],
        [0.6483, 0.7030, 0.6115, 0.6405, 0.6220, 0.5711, 0.8588, 0.6131],
        [0.6105, 0.6186, 0.5701, 0.6452, 0.6814, 0.5795, 0.6388, 0.8307]],
       device='cuda:0')
server average tensor
client running:0/59, client loss: 2.03169846534729, loss 1: 1.8991751670837402, loss 2: 0.0013252324424684048
client running:1/59, client loss: 2.1366031169891357, loss 1: 1.9167755842208862, loss 2: 0.002198275411501527
client running:2/59, client loss: 2.1009600162506104, loss 1: 1.8905999660491943, loss 2: 0.0021036008838564157
client running:3/59, client loss: 2.0415234565734863, loss 1: 1.8946644067764282, loss 2: 0.0014685895293951035
client running:4/59, client loss: 2.2289316654205322, loss 1: 1.919555425643921, loss 2: 0.003093763254582882
client running:5/59, client loss: 2.125546455383301, loss 1: 1.8816289901733398, loss 2: 0.002439175033941865
client running:6/59, client loss: 2.118504524230957, loss 1: 1.8913525342941284, loss 2: 0.002271520672366023
client running:7/59, client loss: 2.151585817337036, loss 1: 1.8889272212982178, loss 2: 0.002626586239784956
client running:8/59, client loss: 2.100738525390625, loss 1: 1.9095773696899414, loss 2: 0.0019116123439744115
client running:9/59, client loss: 2.0017881393432617, loss 1: 1.8968597650527954, loss 2: 0.001049284590408206
client running:10/59, client loss: 2.1304287910461426, loss 1: 1.8815484046936035, loss 2: 0.0024888026528060436
client running:11/59, client loss: 2.1202895641326904, loss 1: 1.9098867177963257, loss 2: 0.002104029292240739
client running:12/59, client loss: 2.0779600143432617, loss 1: 1.8985469341278076, loss 2: 0.0017941296100616455
client running:13/59, client loss: 2.124730110168457, loss 1: 1.9206430912017822, loss 2: 0.0020408702548593283
client running:14/59, client loss: 2.064603090286255, loss 1: 1.883039116859436, loss 2: 0.0018156407168135047
client running:15/59, client loss: 2.2272863388061523, loss 1: 1.916335105895996, loss 2: 0.0031095112208276987
client running:16/59, client loss: 2.0475001335144043, loss 1: 1.8671026229858398, loss 2: 0.0018039748538285494
client running:17/59, client loss: 2.0653719902038574, loss 1: 1.8931493759155273, loss 2: 0.001722226501442492
client running:18/59, client loss: 2.0909671783447266, loss 1: 1.926875352859497, loss 2: 0.0016409172676503658
client running:19/59, client loss: 2.221294403076172, loss 1: 1.8897192478179932, loss 2: 0.00331575283780694
client running:20/59, client loss: 2.061579465866089, loss 1: 1.9113529920578003, loss 2: 0.0015022652223706245
client running:21/59, client loss: 2.0626165866851807, loss 1: 1.9031071662902832, loss 2: 0.001595093635842204
client running:22/59, client loss: 2.0439038276672363, loss 1: 1.9209061861038208, loss 2: 0.0012299761874601245
client running:23/59, client loss: 2.0517635345458984, loss 1: 1.896409273147583, loss 2: 0.0015535429120063782
client running:24/59, client loss: 2.08046293258667, loss 1: 1.9404138326644897, loss 2: 0.001400490291416645
client running:25/59, client loss: 2.0411531925201416, loss 1: 1.9097833633422852, loss 2: 0.001313698710873723
client running:26/59, client loss: 2.179900646209717, loss 1: 1.9160614013671875, loss 2: 0.0026383912190794945
client running:27/59, client loss: 2.0448551177978516, loss 1: 1.9201751947402954, loss 2: 0.0012468001805245876
client running:28/59, client loss: 2.118633270263672, loss 1: 1.923727035522461, loss 2: 0.0019490629201754928
client running:29/59, client loss: 2.0054707527160645, loss 1: 1.8866859674453735, loss 2: 0.0011878468794748187
client running:30/59, client loss: 2.0182976722717285, loss 1: 1.911407470703125, loss 2: 0.0010689013870432973
client running:31/59, client loss: 2.0241687297821045, loss 1: 1.8756943941116333, loss 2: 0.0014847436686977744
client running:32/59, client loss: 2.0173304080963135, loss 1: 1.8799816370010376, loss 2: 0.0013734886888414621
client running:33/59, client loss: 2.0769171714782715, loss 1: 1.8928542137145996, loss 2: 0.0018406285671517253
client running:34/59, client loss: 2.021111488342285, loss 1: 1.9015604257583618, loss 2: 0.001195511780679226
client running:35/59, client loss: 2.066978693008423, loss 1: 1.904092788696289, loss 2: 0.0016288594342768192
client running:36/59, client loss: 2.044473171234131, loss 1: 1.8868906497955322, loss 2: 0.0015758255030959845
client running:37/59, client loss: 2.0843992233276367, loss 1: 1.904820203781128, loss 2: 0.0017957891104742885
client running:38/59, client loss: 2.0146093368530273, loss 1: 1.8857111930847168, loss 2: 0.0012889810604974627
client running:39/59, client loss: 2.0524516105651855, loss 1: 1.9003381729125977, loss 2: 0.0015211342833936214
client running:40/59, client loss: 2.044219732284546, loss 1: 1.9223586320877075, loss 2: 0.0012186113744974136
client running:41/59, client loss: 2.054165840148926, loss 1: 1.9304592609405518, loss 2: 0.0012370656477287412
client running:42/59, client loss: 2.043505907058716, loss 1: 1.8786876201629639, loss 2: 0.0016481829807162285
client running:43/59, client loss: 2.016636848449707, loss 1: 1.8954542875289917, loss 2: 0.0012118264567106962
client running:44/59, client loss: 2.0166590213775635, loss 1: 1.9088413715362549, loss 2: 0.0010781765449792147
client running:45/59, client loss: 2.056504964828491, loss 1: 1.872205376625061, loss 2: 0.0018429963383823633
client running:46/59, client loss: 2.0394296646118164, loss 1: 1.9334131479263306, loss 2: 0.0010601654648780823
client running:47/59, client loss: 2.0230486392974854, loss 1: 1.903236746788025, loss 2: 0.0011981179704889655
client running:48/59, client loss: 2.0407536029815674, loss 1: 1.8842765092849731, loss 2: 0.0015647714026272297
client running:49/59, client loss: 2.049722671508789, loss 1: 1.9137400388717651, loss 2: 0.001359826186671853
client running:50/59, client loss: 2.029947519302368, loss 1: 1.9116865396499634, loss 2: 0.0011826107511296868
client running:51/59, client loss: 2.061156749725342, loss 1: 1.896130919456482, loss 2: 0.001650258549489081
client running:52/59, client loss: 1.9586515426635742, loss 1: 1.890411615371704, loss 2: 0.0006823991425335407
client running:53/59, client loss: 2.04152774810791, loss 1: 1.887338399887085, loss 2: 0.0015418936964124441
client running:54/59, client loss: 2.0476813316345215, loss 1: 1.92726731300354, loss 2: 0.001204140018671751
client running:55/59, client loss: 2.030000925064087, loss 1: 1.8743762969970703, loss 2: 0.001556247123517096
client running:56/59, client loss: 2.0036280155181885, loss 1: 1.8735322952270508, loss 2: 0.0013009567046537995
client running:57/59, client loss: 1.9863334894180298, loss 1: 1.9051337242126465, loss 2: 0.0008119980338960886
client running:58/59, client loss: 2.057004928588867, loss 1: 1.9326837062835693, loss 2: 0.0012432124931365252
server loss: tensor([[0.8487, 0.6374, 0.5122, 0.6386, 0.6063, 0.6368, 0.5804, 0.6160],
        [0.6314, 0.8247, 0.5590, 0.6373, 0.6546, 0.7197, 0.5892, 0.6940],
        [0.6145, 0.5998, 0.8428, 0.5942, 0.6182, 0.6080, 0.5620, 0.5633],
        [0.6264, 0.6067, 0.5433, 0.6963, 0.5698, 0.6295, 0.6117, 0.5726],
        [0.6749, 0.6561, 0.5670, 0.6468, 0.7357, 0.7195, 0.5938, 0.6278],
        [0.6371, 0.6894, 0.5619, 0.6566, 0.7221, 0.9209, 0.6606, 0.7481],
        [0.6777, 0.6461, 0.5554, 0.6456, 0.6328, 0.6797, 0.8585, 0.6221],
        [0.6282, 0.6947, 0.5672, 0.6213, 0.6843, 0.7351, 0.5962, 0.9013]],
       device='cuda:0')
client running:0/59, client loss: 2.1325619220733643, loss 1: 1.9176201820373535, loss 2: 0.0021494170650839806
client running:1/59, client loss: 2.051525354385376, loss 1: 1.8808321952819824, loss 2: 0.0017069309251382947
client running:2/59, client loss: 2.141327142715454, loss 1: 1.9015041589736938, loss 2: 0.002398229204118252
client running:3/59, client loss: 2.0925040245056152, loss 1: 1.8982725143432617, loss 2: 0.0019423156045377254
client running:4/59, client loss: 2.1347479820251465, loss 1: 1.9105074405670166, loss 2: 0.0022424058988690376
client running:5/59, client loss: 2.048003673553467, loss 1: 1.874871850013733, loss 2: 0.0017313172575086355
client running:6/59, client loss: 2.096137523651123, loss 1: 1.9163941144943237, loss 2: 0.0017974342918023467
client running:7/59, client loss: 2.077096700668335, loss 1: 1.9134197235107422, loss 2: 0.0016367686912417412
client running:8/59, client loss: 2.0512735843658447, loss 1: 1.9040248394012451, loss 2: 0.0014724885113537312
client running:9/59, client loss: 2.1055960655212402, loss 1: 1.8979732990264893, loss 2: 0.002076228614896536
client running:10/59, client loss: 2.093878746032715, loss 1: 1.891746163368225, loss 2: 0.0020213257521390915
client running:11/59, client loss: 2.1061489582061768, loss 1: 1.916594386100769, loss 2: 0.0018955464474856853
client running:12/59, client loss: 2.120986223220825, loss 1: 1.9071043729782104, loss 2: 0.002138817682862282
client running:13/59, client loss: 2.087141275405884, loss 1: 1.909776210784912, loss 2: 0.0017736504087224603
client running:14/59, client loss: 2.0509555339813232, loss 1: 1.9228922128677368, loss 2: 0.0012806328013539314
client running:15/59, client loss: 2.079455852508545, loss 1: 1.9231172800064087, loss 2: 0.001563384896144271
client running:16/59, client loss: 2.1843621730804443, loss 1: 1.9657634496688843, loss 2: 0.0021859861444681883
client running:17/59, client loss: 2.059966802597046, loss 1: 1.9235732555389404, loss 2: 0.0013639357639476657
client running:18/59, client loss: 2.026705503463745, loss 1: 1.8904105424880981, loss 2: 0.0013629504246637225
client running:19/59, client loss: 2.0125043392181396, loss 1: 1.8923323154449463, loss 2: 0.0012017213739454746
client running:20/59, client loss: 2.0156137943267822, loss 1: 1.9019674062728882, loss 2: 0.0011364638339728117
client running:21/59, client loss: 2.0356874465942383, loss 1: 1.9139395952224731, loss 2: 0.0012174788862466812
client running:22/59, client loss: 2.1449379920959473, loss 1: 1.9220227003097534, loss 2: 0.002229153411462903
client running:23/59, client loss: 2.1123526096343994, loss 1: 1.9112443923950195, loss 2: 0.002011082600802183
client running:24/59, client loss: 2.0708436965942383, loss 1: 1.907935380935669, loss 2: 0.0016290820203721523
client running:25/59, client loss: 2.0757193565368652, loss 1: 1.9287371635437012, loss 2: 0.001469822833314538
client running:26/59, client loss: 2.037407159805298, loss 1: 1.9122180938720703, loss 2: 0.0012518914882093668
client running:27/59, client loss: 2.0847418308258057, loss 1: 1.8998472690582275, loss 2: 0.0018489457434043288
client running:28/59, client loss: 2.0811469554901123, loss 1: 1.9092055559158325, loss 2: 0.001719414722174406
client running:29/59, client loss: 2.0516347885131836, loss 1: 1.8950419425964355, loss 2: 0.001565928803756833
client running:30/59, client loss: 2.1597862243652344, loss 1: 1.894345998764038, loss 2: 0.0026544025167822838
client running:31/59, client loss: 2.062685012817383, loss 1: 1.8936057090759277, loss 2: 0.0016907935496419668
client running:32/59, client loss: 2.079634666442871, loss 1: 1.9003300666809082, loss 2: 0.0017930463654920459
client running:33/59, client loss: 2.0644540786743164, loss 1: 1.9098575115203857, loss 2: 0.0015459659043699503
client running:34/59, client loss: 2.0113685131073, loss 1: 1.9008138179779053, loss 2: 0.0011055463692173362
client running:35/59, client loss: 2.031813383102417, loss 1: 1.8780951499938965, loss 2: 0.001537182368338108
client running:36/59, client loss: 2.1014645099639893, loss 1: 1.9284141063690186, loss 2: 0.0017305035144090652
client running:37/59, client loss: 2.03365421295166, loss 1: 1.9126946926116943, loss 2: 0.0012095952406525612
client running:38/59, client loss: 1.9882535934448242, loss 1: 1.8799185752868652, loss 2: 0.0010833495762199163
client running:39/59, client loss: 2.019357204437256, loss 1: 1.8764867782592773, loss 2: 0.0014287051744759083
client running:40/59, client loss: 2.036586284637451, loss 1: 1.8862634897232056, loss 2: 0.0015032277442514896
client running:41/59, client loss: 2.006558656692505, loss 1: 1.900970220565796, loss 2: 0.001055884058587253
client running:42/59, client loss: 2.044936180114746, loss 1: 1.910499930381775, loss 2: 0.0013443632051348686
client running:43/59, client loss: 2.138322114944458, loss 1: 1.8839404582977295, loss 2: 0.00254381587728858
client running:44/59, client loss: 2.1370317935943604, loss 1: 1.9317209720611572, loss 2: 0.0020531092304736376
client running:45/59, client loss: 2.0482022762298584, loss 1: 1.92628014087677, loss 2: 0.0012192216236144304
client running:46/59, client loss: 2.0117363929748535, loss 1: 1.897578477859497, loss 2: 0.0011415798217058182
client running:47/59, client loss: 2.098176956176758, loss 1: 1.932786226272583, loss 2: 0.0016539082862436771
client running:48/59, client loss: 2.027958393096924, loss 1: 1.9177590608596802, loss 2: 0.0011019939556717873
client running:49/59, client loss: 2.0183281898498535, loss 1: 1.9031857252120972, loss 2: 0.0011514235520735383
client running:50/59, client loss: 2.0773136615753174, loss 1: 1.9126628637313843, loss 2: 0.0016465086955577135
client running:51/59, client loss: 2.0001137256622314, loss 1: 1.8604427576065063, loss 2: 0.0013967093545943499
client running:52/59, client loss: 2.140273332595825, loss 1: 1.911179780960083, loss 2: 0.002290935255587101
client running:53/59, client loss: 2.0327649116516113, loss 1: 1.9041942358016968, loss 2: 0.0012857055990025401
client running:54/59, client loss: 2.049921751022339, loss 1: 1.899745225906372, loss 2: 0.0015017654513940215
client running:55/59, client loss: 2.0027332305908203, loss 1: 1.879588007926941, loss 2: 0.00123145105317235
client running:56/59, client loss: 2.0493931770324707, loss 1: 1.905340552330017, loss 2: 0.0014405258698388934
client running:57/59, client loss: 2.070081949234009, loss 1: 1.887661337852478, loss 2: 0.0018242052756249905
client running:58/59, client loss: 2.067864418029785, loss 1: 1.9100642204284668, loss 2: 0.0015780010726302862
server loss: tensor([[0.9314, 0.5803, 0.5858, 0.6291, 0.5394, 0.4912, 0.5762, 0.6476],
        [0.7119, 0.8348, 0.5557, 0.6414, 0.5426, 0.6225, 0.6576, 0.6901],
        [0.6492, 0.5706, 0.7563, 0.6133, 0.5154, 0.5230, 0.5857, 0.6576],
        [0.6573, 0.5403, 0.5987, 0.8107, 0.5187, 0.5693, 0.5692, 0.6937],
        [0.6401, 0.5862, 0.5667, 0.6290, 0.7072, 0.6230, 0.5562, 0.7025],
        [0.6550, 0.5508, 0.5819, 0.6307, 0.5619, 0.8302, 0.6035, 0.6939],
        [0.7157, 0.6097, 0.5781, 0.6330, 0.5801, 0.5734, 0.8717, 0.7046],
        [0.6879, 0.5888, 0.5772, 0.6713, 0.5695, 0.5931, 0.6063, 0.9423]],
       device='cuda:0')
client running:0/59, client loss: 2.0437490940093994, loss 1: 1.9053618907928467, loss 2: 0.0013838717713952065
client running:1/59, client loss: 2.1069960594177246, loss 1: 1.8989267349243164, loss 2: 0.002080693608149886
client running:2/59, client loss: 2.167231321334839, loss 1: 1.900420904159546, loss 2: 0.002668104600161314
client running:3/59, client loss: 2.0840795040130615, loss 1: 1.884541392326355, loss 2: 0.001995380502194166
client running:4/59, client loss: 2.1777708530426025, loss 1: 1.9091371297836304, loss 2: 0.002686337800696492
client running:5/59, client loss: 2.0228116512298584, loss 1: 1.889479398727417, loss 2: 0.0013333220267668366
client running:6/59, client loss: 2.050672769546509, loss 1: 1.9024300575256348, loss 2: 0.0014824268873780966
client running:7/59, client loss: 2.0600805282592773, loss 1: 1.8960496187210083, loss 2: 0.0016403095796704292
client running:8/59, client loss: 2.1019651889801025, loss 1: 1.9178987741470337, loss 2: 0.0018406643066555262
client running:9/59, client loss: 2.076608180999756, loss 1: 1.9167804718017578, loss 2: 0.0015982761979103088
client running:10/59, client loss: 2.1149559020996094, loss 1: 1.8958334922790527, loss 2: 0.002191222971305251
client running:11/59, client loss: 2.1432647705078125, loss 1: 1.8985910415649414, loss 2: 0.002446738537400961
client running:12/59, client loss: 2.052612066268921, loss 1: 1.9001320600509644, loss 2: 0.0015247993869706988
client running:13/59, client loss: 2.1100332736968994, loss 1: 1.9023209810256958, loss 2: 0.0020771229173988104
client running:14/59, client loss: 2.1038601398468018, loss 1: 1.9091293811798096, loss 2: 0.0019473074935376644
client running:15/59, client loss: 2.1338865756988525, loss 1: 1.9206397533416748, loss 2: 0.002132468856871128
client running:16/59, client loss: 2.0472724437713623, loss 1: 1.9007465839385986, loss 2: 0.0014652581885457039
client running:17/59, client loss: 2.076361894607544, loss 1: 1.9025211334228516, loss 2: 0.0017384071834385395
client running:18/59, client loss: 2.1056180000305176, loss 1: 1.893110990524292, loss 2: 0.002125069033354521
client running:19/59, client loss: 2.0605828762054443, loss 1: 1.9175808429718018, loss 2: 0.0014300199691206217
client running:20/59, client loss: 2.0153307914733887, loss 1: 1.8934175968170166, loss 2: 0.0012191322166472673
client running:21/59, client loss: 2.101790428161621, loss 1: 1.8791718482971191, loss 2: 0.002226186217740178
client running:22/59, client loss: 2.0083377361297607, loss 1: 1.9156724214553833, loss 2: 0.0009266535053029656
client running:23/59, client loss: 2.239847421646118, loss 1: 1.939889907836914, loss 2: 0.0029995758086442947
client running:24/59, client loss: 2.174448013305664, loss 1: 1.8967530727386475, loss 2: 0.002776948967948556
client running:25/59, client loss: 2.1038057804107666, loss 1: 1.8982023000717163, loss 2: 0.0020560354460030794
client running:26/59, client loss: 2.0463974475860596, loss 1: 1.892209768295288, loss 2: 0.0015418766997754574
client running:27/59, client loss: 2.085045576095581, loss 1: 1.8987526893615723, loss 2: 0.001862929086200893
client running:28/59, client loss: 2.0985541343688965, loss 1: 1.9238171577453613, loss 2: 0.0017473689513280988
client running:29/59, client loss: 2.134967803955078, loss 1: 1.9097042083740234, loss 2: 0.0022526364773511887
client running:30/59, client loss: 1.9958298206329346, loss 1: 1.8824400901794434, loss 2: 0.001133897341787815
client running:31/59, client loss: 2.039860725402832, loss 1: 1.8887407779693604, loss 2: 0.0015111996326595545
client running:32/59, client loss: 1.9951441287994385, loss 1: 1.9020015001296997, loss 2: 0.0009314262424595654
client running:33/59, client loss: 2.057328939437866, loss 1: 1.89359450340271, loss 2: 0.0016373449470847845
client running:34/59, client loss: 2.106579065322876, loss 1: 1.9181087017059326, loss 2: 0.0018847042229026556
client running:35/59, client loss: 2.0899317264556885, loss 1: 1.9181699752807617, loss 2: 0.0017176171531900764
client running:36/59, client loss: 2.0113205909729004, loss 1: 1.8828822374343872, loss 2: 0.0012843847507610917
client running:37/59, client loss: 2.0470130443573, loss 1: 1.916018009185791, loss 2: 0.0013099508360028267
client running:38/59, client loss: 2.122448444366455, loss 1: 1.9422216415405273, loss 2: 0.0018022689037024975
client running:39/59, client loss: 2.0741097927093506, loss 1: 1.9094065427780151, loss 2: 0.0016470336122438312
client running:40/59, client loss: 2.0946288108825684, loss 1: 1.9059191942214966, loss 2: 0.00188709725625813
client running:41/59, client loss: 2.032287359237671, loss 1: 1.932079792022705, loss 2: 0.001002076780423522
client running:42/59, client loss: 2.0936226844787598, loss 1: 1.912772297859192, loss 2: 0.0018085039919242263
client running:43/59, client loss: 2.061513662338257, loss 1: 1.9008017778396606, loss 2: 0.0016071180580183864
client running:44/59, client loss: 2.1063551902770996, loss 1: 1.9091242551803589, loss 2: 0.0019723083823919296
client running:45/59, client loss: 2.062008857727051, loss 1: 1.9018564224243164, loss 2: 0.0016015254659578204
client running:46/59, client loss: 2.0302557945251465, loss 1: 1.901373028755188, loss 2: 0.0012888280907645822
client running:47/59, client loss: 2.0824923515319824, loss 1: 1.9175351858139038, loss 2: 0.0016495711170136929
client running:48/59, client loss: 2.0494771003723145, loss 1: 1.9081710577011108, loss 2: 0.0014130616327747703
client running:49/59, client loss: 2.09039568901062, loss 1: 1.8776490688323975, loss 2: 0.0021274664904922247
client running:50/59, client loss: 2.05492901802063, loss 1: 1.8848387002944946, loss 2: 0.0017009035218507051
client running:51/59, client loss: 2.033615827560425, loss 1: 1.9138072729110718, loss 2: 0.0011980847921222448
client running:52/59, client loss: 2.0711302757263184, loss 1: 1.9051764011383057, loss 2: 0.0016595383640378714
client running:53/59, client loss: 2.0814003944396973, loss 1: 1.928127646446228, loss 2: 0.0015327278524637222
client running:54/59, client loss: 2.139860153198242, loss 1: 1.8826525211334229, loss 2: 0.0025720754638314247
client running:55/59, client loss: 2.1056556701660156, loss 1: 1.9199087619781494, loss 2: 0.0018574685091152787
client running:56/59, client loss: 2.0495688915252686, loss 1: 1.8893533945083618, loss 2: 0.0016021544579416513
client running:57/59, client loss: 2.0771665573120117, loss 1: 1.8772633075714111, loss 2: 0.0019990326836705208
client running:58/59, client loss: 2.0038840770721436, loss 1: 1.8961286544799805, loss 2: 0.001077554072253406
server loss: tensor([[0.9264, 0.5251, 0.5849, 0.6081, 0.5328, 0.6881, 0.6352, 0.6439],
        [0.5833, 0.8069, 0.6230, 0.6470, 0.5399, 0.6486, 0.6034, 0.6383],
        [0.6131, 0.6149, 0.8504, 0.6511, 0.6288, 0.6271, 0.6400, 0.6404],
        [0.6227, 0.5798, 0.5998, 0.8341, 0.5169, 0.6544, 0.6769, 0.6562],
        [0.6033, 0.5934, 0.6301, 0.6216, 0.8592, 0.6285, 0.5920, 0.6577],
        [0.6628, 0.5613, 0.6259, 0.6010, 0.5274, 0.8225, 0.6722, 0.6958],
        [0.6510, 0.5386, 0.5942, 0.6341, 0.5065, 0.6983, 0.9480, 0.6348],
        [0.6453, 0.5810, 0.6499, 0.6581, 0.5764, 0.6991, 0.6760, 0.9071]],
       device='cuda:0')
client running:0/59, client loss: 2.1375086307525635, loss 1: 1.9079571962356567, loss 2: 0.0022955150343477726
client running:1/59, client loss: 2.0833168029785156, loss 1: 1.904855728149414, loss 2: 0.0017846112605184317
client running:2/59, client loss: 2.1186954975128174, loss 1: 1.8920848369598389, loss 2: 0.0022661059629172087
client running:3/59, client loss: 2.025474786758423, loss 1: 1.915596604347229, loss 2: 0.001098782755434513
client running:4/59, client loss: 2.065735340118408, loss 1: 1.8859341144561768, loss 2: 0.0017980113625526428
client running:5/59, client loss: 2.050217628479004, loss 1: 1.8942359685897827, loss 2: 0.0015598165336996317
client running:6/59, client loss: 2.0620005130767822, loss 1: 1.903728723526001, loss 2: 0.0015827168244868517
client running:7/59, client loss: 2.0000109672546387, loss 1: 1.8978819847106934, loss 2: 0.0010212910128757358
client running:8/59, client loss: 2.0802016258239746, loss 1: 1.9007339477539062, loss 2: 0.0017946757143363357
client running:9/59, client loss: 2.065580368041992, loss 1: 1.9087382555007935, loss 2: 0.0015684219542890787
client running:10/59, client loss: 2.076658248901367, loss 1: 1.916462779045105, loss 2: 0.0016019555041566491
client running:11/59, client loss: 2.088785409927368, loss 1: 1.9145667552947998, loss 2: 0.0017421863740310073
client running:12/59, client loss: 2.321633815765381, loss 1: 1.9341187477111816, loss 2: 0.003875150578096509
client running:13/59, client loss: 2.018021821975708, loss 1: 1.8629182577133179, loss 2: 0.001551036024466157
client running:14/59, client loss: 2.057462215423584, loss 1: 1.8776110410690308, loss 2: 0.0017985121812671423
client running:15/59, client loss: 2.1031370162963867, loss 1: 1.9067789316177368, loss 2: 0.0019635807257145643
client running:16/59, client loss: 2.0077402591705322, loss 1: 1.8843705654144287, loss 2: 0.0012336965883150697
client running:17/59, client loss: 2.049711227416992, loss 1: 1.9303150177001953, loss 2: 0.0011939620599150658
client running:18/59, client loss: 2.106386184692383, loss 1: 1.9034769535064697, loss 2: 0.00202909205108881
client running:19/59, client loss: 2.1035375595092773, loss 1: 1.9083150625228882, loss 2: 0.0019522237125784159
client running:20/59, client loss: 2.0959415435791016, loss 1: 1.9349849224090576, loss 2: 0.0016095673199743032
client running:21/59, client loss: 2.1091437339782715, loss 1: 1.9069690704345703, loss 2: 0.0020217474084347486
client running:22/59, client loss: 2.108187198638916, loss 1: 1.9330607652664185, loss 2: 0.0017512654885649681
client running:23/59, client loss: 2.0223212242126465, loss 1: 1.8616323471069336, loss 2: 0.0016068882541731
client running:24/59, client loss: 2.140169382095337, loss 1: 1.9305531978607178, loss 2: 0.002096162410452962
client running:25/59, client loss: 2.0951876640319824, loss 1: 1.900734543800354, loss 2: 0.0019445319194346666
client running:26/59, client loss: 2.0886995792388916, loss 1: 1.9266531467437744, loss 2: 0.0016204644925892353
client running:27/59, client loss: 2.087477684020996, loss 1: 1.903747797012329, loss 2: 0.0018373001366853714
client running:28/59, client loss: 2.0334877967834473, loss 1: 1.900266408920288, loss 2: 0.0013322143349796534
client running:29/59, client loss: 2.031224489212036, loss 1: 1.8917138576507568, loss 2: 0.0013951053842902184
client running:30/59, client loss: 2.0273749828338623, loss 1: 1.9039708375930786, loss 2: 0.00123404071200639
client running:31/59, client loss: 2.045957326889038, loss 1: 1.8976320028305054, loss 2: 0.0014832522720098495
client running:32/59, client loss: 2.045395851135254, loss 1: 1.894123911857605, loss 2: 0.001512719551101327
client running:33/59, client loss: 2.1463398933410645, loss 1: 1.911065697669983, loss 2: 0.0023527410812675953
client running:34/59, client loss: 2.0249083042144775, loss 1: 1.9122917652130127, loss 2: 0.0011261660838499665
client running:35/59, client loss: 2.0977978706359863, loss 1: 1.8830108642578125, loss 2: 0.002147868974134326
client running:36/59, client loss: 2.101105213165283, loss 1: 1.9183297157287598, loss 2: 0.001827755942940712
client running:37/59, client loss: 2.090510129928589, loss 1: 1.9185917377471924, loss 2: 0.0017191828228533268
client running:38/59, client loss: 2.0711045265197754, loss 1: 1.9306771755218506, loss 2: 0.0014042739057913423
client running:39/59, client loss: 2.081693410873413, loss 1: 1.905134677886963, loss 2: 0.001765586668625474
client running:40/59, client loss: 2.070716619491577, loss 1: 1.8866095542907715, loss 2: 0.0018410696648061275
client running:41/59, client loss: 2.1350247859954834, loss 1: 1.8928382396697998, loss 2: 0.0024218650069087744
client running:42/59, client loss: 2.0057413578033447, loss 1: 1.8865509033203125, loss 2: 0.0011919052340090275
client running:43/59, client loss: 2.004668712615967, loss 1: 1.8924963474273682, loss 2: 0.0011217247229069471
client running:44/59, client loss: 2.1505417823791504, loss 1: 1.9054648876190186, loss 2: 0.002450769068673253
client running:45/59, client loss: 2.1067259311676025, loss 1: 1.8965801000595093, loss 2: 0.0021014586091041565
client running:46/59, client loss: 2.020836353302002, loss 1: 1.9200341701507568, loss 2: 0.0010080209467560053
client running:47/59, client loss: 2.0765604972839355, loss 1: 1.9109309911727905, loss 2: 0.0016562959644943476
client running:48/59, client loss: 2.005885601043701, loss 1: 1.8877031803131104, loss 2: 0.0011818250641226768
client running:49/59, client loss: 2.123929977416992, loss 1: 1.9095861911773682, loss 2: 0.002143438206985593
client running:50/59, client loss: 2.0452957153320312, loss 1: 1.9079350233078003, loss 2: 0.0013736067339777946
client running:51/59, client loss: 2.035517454147339, loss 1: 1.9121825695037842, loss 2: 0.0012333497870713472
client running:52/59, client loss: 2.030784845352173, loss 1: 1.9030319452285767, loss 2: 0.0012775282375514507
client running:53/59, client loss: 2.045849561691284, loss 1: 1.8834980726242065, loss 2: 0.0016235155053436756
client running:54/59, client loss: 2.09138560295105, loss 1: 1.9159852266311646, loss 2: 0.001754004042595625
client running:55/59, client loss: 2.074444055557251, loss 1: 1.9082190990447998, loss 2: 0.0016622506082057953
client running:56/59, client loss: 2.0285990238189697, loss 1: 1.890622615814209, loss 2: 0.0013797630090266466
client running:57/59, client loss: 2.026400089263916, loss 1: 1.9056856632232666, loss 2: 0.001207144116051495
client running:58/59, client loss: 2.0203070640563965, loss 1: 1.893162488937378, loss 2: 0.001271445769816637
server loss: tensor([[0.8484, 0.6334, 0.6478, 0.6599, 0.6629, 0.6070, 0.6305, 0.5574],
        [0.6108, 0.8859, 0.6562, 0.6353, 0.7218, 0.6140, 0.5832, 0.5395],
        [0.5616, 0.5937, 0.9057, 0.6884, 0.6187, 0.6196, 0.5748, 0.5425],
        [0.6250, 0.5850, 0.6485, 0.8627, 0.5879, 0.6067, 0.5541, 0.5329],
        [0.6537, 0.6828, 0.6682, 0.6597, 0.8755, 0.6620, 0.6084, 0.5329],
        [0.5617, 0.5989, 0.6344, 0.6105, 0.6878, 0.8930, 0.5496, 0.4938],
        [0.6253, 0.6072, 0.6214, 0.5850, 0.6256, 0.5760, 0.8984, 0.5324],
        [0.6621, 0.6246, 0.6849, 0.6804, 0.6324, 0.5961, 0.5523, 0.7412]],
       device='cuda:0')
client running:0/59, client loss: 2.052725076675415, loss 1: 1.921449899673462, loss 2: 0.0013127510901540518
client running:1/59, client loss: 2.0622177124023438, loss 1: 1.9051105976104736, loss 2: 0.0015710706356912851
client running:2/59, client loss: 2.0927767753601074, loss 1: 1.9160610437393188, loss 2: 0.0017671571113169193
client running:3/59, client loss: 2.11334490776062, loss 1: 1.8914744853973389, loss 2: 0.0022187044378370047
client running:4/59, client loss: 2.059605121612549, loss 1: 1.918255090713501, loss 2: 0.0014134998200461268
client running:5/59, client loss: 2.040661334991455, loss 1: 1.9004065990447998, loss 2: 0.0014025471173226833
client running:6/59, client loss: 2.103508949279785, loss 1: 1.9033372402191162, loss 2: 0.0020017174538224936
client running:7/59, client loss: 2.084359884262085, loss 1: 1.899431824684143, loss 2: 0.001849279971793294
client running:8/59, client loss: 2.0662357807159424, loss 1: 1.8928284645080566, loss 2: 0.0017340737394988537
client running:9/59, client loss: 2.088015556335449, loss 1: 1.909975290298462, loss 2: 0.001780401449650526
client running:10/59, client loss: 2.111666202545166, loss 1: 1.9160064458847046, loss 2: 0.001956597901880741
client running:11/59, client loss: 2.1388254165649414, loss 1: 1.9121637344360352, loss 2: 0.0022666179575026035
client running:12/59, client loss: 2.060396909713745, loss 1: 1.9303908348083496, loss 2: 0.001300061121582985
client running:13/59, client loss: 2.058826446533203, loss 1: 1.9063512086868286, loss 2: 0.001524753519333899
client running:14/59, client loss: 2.0498595237731934, loss 1: 1.9083702564239502, loss 2: 0.001414893427863717
client running:15/59, client loss: 2.1119463443756104, loss 1: 1.9308379888534546, loss 2: 0.0018110830569639802
client running:16/59, client loss: 2.1399550437927246, loss 1: 1.9297820329666138, loss 2: 0.002101731253787875
client running:17/59, client loss: 2.1442923545837402, loss 1: 1.8986716270446777, loss 2: 0.002456208225339651
client running:18/59, client loss: 2.0450921058654785, loss 1: 1.9153697490692139, loss 2: 0.0012972245458513498
client running:19/59, client loss: 2.0633208751678467, loss 1: 1.9115805625915527, loss 2: 0.0015174024738371372
client running:20/59, client loss: 2.074206590652466, loss 1: 1.9120852947235107, loss 2: 0.0016212123446166515
client running:21/59, client loss: 2.040281295776367, loss 1: 1.905536413192749, loss 2: 0.0013474494917318225
client running:22/59, client loss: 2.1445188522338867, loss 1: 1.923882246017456, loss 2: 0.0022063665091991425
client running:23/59, client loss: 2.083312749862671, loss 1: 1.907914638519287, loss 2: 0.001753981807269156
client running:24/59, client loss: 2.0637130737304688, loss 1: 1.8970346450805664, loss 2: 0.001666785217821598
client running:25/59, client loss: 2.0819153785705566, loss 1: 1.8826888799667358, loss 2: 0.001992264296859503
client running:26/59, client loss: 2.106022596359253, loss 1: 1.9234838485717773, loss 2: 0.0018253885209560394
client running:27/59, client loss: 2.070225954055786, loss 1: 1.8957912921905518, loss 2: 0.0017443468095734715
client running:28/59, client loss: 2.0865142345428467, loss 1: 1.8917819261550903, loss 2: 0.0019473230931907892
client running:29/59, client loss: 2.048673152923584, loss 1: 1.882624864578247, loss 2: 0.001660483656451106
client running:30/59, client loss: 2.0252623558044434, loss 1: 1.9152042865753174, loss 2: 0.0011005797423422337
client running:31/59, client loss: 2.076125144958496, loss 1: 1.9066919088363647, loss 2: 0.0016943329246714711
client running:32/59, client loss: 2.128038167953491, loss 1: 1.9177277088165283, loss 2: 0.0021031051874160767
client running:33/59, client loss: 2.110947847366333, loss 1: 1.9284446239471436, loss 2: 0.0018250331049785018
client running:34/59, client loss: 2.08947491645813, loss 1: 1.923284649848938, loss 2: 0.001661903690546751
client running:35/59, client loss: 2.1226072311401367, loss 1: 1.905469536781311, loss 2: 0.00217137741856277
client running:36/59, client loss: 2.0626587867736816, loss 1: 1.8732753992080688, loss 2: 0.0018938335124403238
client running:37/59, client loss: 2.1093215942382812, loss 1: 1.9005171060562134, loss 2: 0.0020880447700619698
client running:38/59, client loss: 2.0890603065490723, loss 1: 1.9097191095352173, loss 2: 0.0017934120260179043
client running:39/59, client loss: 2.1326115131378174, loss 1: 1.9344916343688965, loss 2: 0.0019811997190117836
client running:40/59, client loss: 2.087632656097412, loss 1: 1.9115530252456665, loss 2: 0.0017607960617169738
client running:41/59, client loss: 2.201648712158203, loss 1: 1.9704514741897583, loss 2: 0.002311973599717021
client running:42/59, client loss: 2.0573947429656982, loss 1: 1.8999879360198975, loss 2: 0.0015740683302283287
client running:43/59, client loss: 2.015766143798828, loss 1: 1.8893065452575684, loss 2: 0.0012645965907722712
client running:44/59, client loss: 2.0189616680145264, loss 1: 1.8770828247070312, loss 2: 0.0014187879860401154
client running:45/59, client loss: 2.0349771976470947, loss 1: 1.8991954326629639, loss 2: 0.0013578168582171202
client running:46/59, client loss: 2.022679567337036, loss 1: 1.8852553367614746, loss 2: 0.001374242128804326
client running:47/59, client loss: 2.034080982208252, loss 1: 1.8988615274429321, loss 2: 0.0013521946966648102
client running:48/59, client loss: 2.0176520347595215, loss 1: 1.899566650390625, loss 2: 0.001180854276753962
client running:49/59, client loss: 2.030207633972168, loss 1: 1.9117223024368286, loss 2: 0.0011848544236272573
client running:50/59, client loss: 2.1029281616210938, loss 1: 1.9380786418914795, loss 2: 0.00164849404245615
client running:51/59, client loss: 2.0480153560638428, loss 1: 1.9104068279266357, loss 2: 0.0013760842848569155
client running:52/59, client loss: 2.0300729274749756, loss 1: 1.894608974456787, loss 2: 0.001354640582576394
client running:53/59, client loss: 2.037165880203247, loss 1: 1.9173331260681152, loss 2: 0.0011983276344835758
client running:54/59, client loss: 2.017002820968628, loss 1: 1.8824548721313477, loss 2: 0.0013454786967486143
client running:55/59, client loss: 2.040163040161133, loss 1: 1.925379991531372, loss 2: 0.0011478305095806718
client running:56/59, client loss: 2.0079703330993652, loss 1: 1.9041039943695068, loss 2: 0.0010386629728600383
client running:57/59, client loss: 2.043034791946411, loss 1: 1.8930590152740479, loss 2: 0.0014997575199231505
client running:58/59, client loss: 2.0867269039154053, loss 1: 1.9340622425079346, loss 2: 0.0015266463160514832
server loss: tensor([[0.8181, 0.5616, 0.5349, 0.5066, 0.6641, 0.6339, 0.7673, 0.6189],
        [0.6207, 0.7391, 0.5727, 0.5421, 0.6523, 0.6446, 0.6134, 0.6192],
        [0.5429, 0.5685, 0.8479, 0.5382, 0.7051, 0.6475, 0.6141, 0.5860],
        [0.6235, 0.5512, 0.5761, 0.7639, 0.6915, 0.6833, 0.6509, 0.6298],
        [0.4964, 0.5418, 0.5444, 0.5083, 0.7576, 0.6419, 0.6095, 0.5302],
        [0.5756, 0.6135, 0.5773, 0.5775, 0.6911, 0.9024, 0.6151, 0.6694],
        [0.6555, 0.5383, 0.5624, 0.5082, 0.7083, 0.6304, 0.8472, 0.6240],
        [0.5810, 0.5459, 0.5684, 0.5307, 0.6907, 0.6042, 0.6932, 0.7681]],
       device='cuda:0')
server average tensor
client running:0/59, client loss: 2.1603803634643555, loss 1: 1.9249768257141113, loss 2: 0.0023540363181382418
client running:1/59, client loss: 2.076617479324341, loss 1: 1.8899165391921997, loss 2: 0.0018670095596462488
client running:2/59, client loss: 2.1252264976501465, loss 1: 1.8582741022109985, loss 2: 0.0026695248670876026
client running:3/59, client loss: 2.1852500438690186, loss 1: 1.9116690158843994, loss 2: 0.002735811285674572
client running:4/59, client loss: 2.0926401615142822, loss 1: 1.8955718278884888, loss 2: 0.0019706834573298693
client running:5/59, client loss: 2.083690881729126, loss 1: 1.9368013143539429, loss 2: 0.0014688964001834393
client running:6/59, client loss: 2.10943341255188, loss 1: 1.8869235515594482, loss 2: 0.002225099131464958
client running:7/59, client loss: 2.345693588256836, loss 1: 1.8699572086334229, loss 2: 0.004757362883538008
client running:8/59, client loss: 2.0905091762542725, loss 1: 1.9062728881835938, loss 2: 0.0018423639703541994
client running:9/59, client loss: 2.007772922515869, loss 1: 1.8779877424240112, loss 2: 0.0012978528393432498
client running:10/59, client loss: 2.122488260269165, loss 1: 1.9091029167175293, loss 2: 0.002133853966370225
client running:11/59, client loss: 2.1314587593078613, loss 1: 1.8806378841400146, loss 2: 0.0025082083884626627
client running:12/59, client loss: 2.0510642528533936, loss 1: 1.8897866010665894, loss 2: 0.0016127773560583591
client running:13/59, client loss: 2.1988563537597656, loss 1: 1.8874543905258179, loss 2: 0.003114019287750125
client running:14/59, client loss: 2.0949742794036865, loss 1: 1.909793496131897, loss 2: 0.001851808512583375
client running:15/59, client loss: 2.025104284286499, loss 1: 1.8910260200500488, loss 2: 0.001340783666819334
client running:16/59, client loss: 2.0876522064208984, loss 1: 1.898406982421875, loss 2: 0.0018924525938928127
client running:17/59, client loss: 2.033975124359131, loss 1: 1.919202208518982, loss 2: 0.0011477284133434296
client running:18/59, client loss: 2.088949203491211, loss 1: 1.891118049621582, loss 2: 0.001978312386199832
client running:19/59, client loss: 2.0980448722839355, loss 1: 1.90139901638031, loss 2: 0.001966457348316908
client running:20/59, client loss: 2.112837076187134, loss 1: 1.8783998489379883, loss 2: 0.0023443717509508133
client running:21/59, client loss: 2.104494094848633, loss 1: 1.893093228340149, loss 2: 0.0021140081807971
client running:22/59, client loss: 1.9826945066452026, loss 1: 1.8655301332473755, loss 2: 0.0011716436129063368
client running:23/59, client loss: 2.0998942852020264, loss 1: 1.9197955131530762, loss 2: 0.0018009881023317575
client running:24/59, client loss: 2.0159966945648193, loss 1: 1.895719289779663, loss 2: 0.0012027734192088246
client running:25/59, client loss: 2.035904884338379, loss 1: 1.8808406591415405, loss 2: 0.0015506421914324164
client running:26/59, client loss: 2.073084831237793, loss 1: 1.8896584510803223, loss 2: 0.001834262628108263
client running:27/59, client loss: 2.0314674377441406, loss 1: 1.89934504032135, loss 2: 0.0013212234480306506
client running:28/59, client loss: 2.0690596103668213, loss 1: 1.9169998168945312, loss 2: 0.0015205981908366084
client running:29/59, client loss: 2.114436626434326, loss 1: 1.8961149454116821, loss 2: 0.0021832180209457874
client running:30/59, client loss: 2.158629894256592, loss 1: 1.905725121498108, loss 2: 0.0025290478952229023
client running:31/59, client loss: 2.0264663696289062, loss 1: 1.9013475179672241, loss 2: 0.0012511893874034286
client running:32/59, client loss: 2.0267481803894043, loss 1: 1.9126307964324951, loss 2: 0.0011411746963858604
client running:33/59, client loss: 1.9825698137283325, loss 1: 1.871293067932129, loss 2: 0.0011127674952149391
client running:34/59, client loss: 2.099842071533203, loss 1: 1.9039766788482666, loss 2: 0.001958653563633561
client running:35/59, client loss: 2.0204503536224365, loss 1: 1.8989320993423462, loss 2: 0.0012151817791163921
client running:36/59, client loss: 2.0331103801727295, loss 1: 1.909139633178711, loss 2: 0.001239708042703569
client running:37/59, client loss: 2.0096840858459473, loss 1: 1.888916254043579, loss 2: 0.001207677531056106
client running:38/59, client loss: 2.0452089309692383, loss 1: 1.8973687887191772, loss 2: 0.0014784012455493212
client running:39/59, client loss: 2.0625455379486084, loss 1: 1.8973584175109863, loss 2: 0.0016518705524504185
client running:40/59, client loss: 2.0102121829986572, loss 1: 1.8728420734405518, loss 2: 0.0013737012632191181
client running:41/59, client loss: 2.0443403720855713, loss 1: 1.9031668901443481, loss 2: 0.0014117343816906214
client running:42/59, client loss: 2.127445697784424, loss 1: 1.9043048620224, loss 2: 0.002231408841907978
client running:43/59, client loss: 2.058985471725464, loss 1: 1.8852043151855469, loss 2: 0.0017378125339746475
client running:44/59, client loss: 1.9973593950271606, loss 1: 1.8993827104568481, loss 2: 0.0009797665989026427
client running:45/59, client loss: 2.0312211513519287, loss 1: 1.898738145828247, loss 2: 0.0013248309260234237
client running:46/59, client loss: 2.0848684310913086, loss 1: 1.9144335985183716, loss 2: 0.0017043475527316332
client running:47/59, client loss: 2.0933237075805664, loss 1: 1.9094197750091553, loss 2: 0.001839038566686213
client running:48/59, client loss: 2.218729019165039, loss 1: 1.8932411670684814, loss 2: 0.003254877869039774
client running:49/59, client loss: 2.108480453491211, loss 1: 1.9137095212936401, loss 2: 0.0019477088935673237
client running:50/59, client loss: 2.0606751441955566, loss 1: 1.8758739233016968, loss 2: 0.001848013373091817
client running:51/59, client loss: 2.026148796081543, loss 1: 1.9008089303970337, loss 2: 0.0012533990666270256
client running:52/59, client loss: 1.9881898164749146, loss 1: 1.8850228786468506, loss 2: 0.0010316695552319288
client running:53/59, client loss: 2.0515670776367188, loss 1: 1.8658398389816284, loss 2: 0.0018572716508060694
client running:54/59, client loss: 2.0346240997314453, loss 1: 1.9023082256317139, loss 2: 0.001323158387094736
client running:55/59, client loss: 2.0349819660186768, loss 1: 1.905783772468567, loss 2: 0.0012919825967401266
client running:56/59, client loss: 2.0228235721588135, loss 1: 1.903509497642517, loss 2: 0.0011931404005736113
client running:57/59, client loss: 2.1120893955230713, loss 1: 1.884705901145935, loss 2: 0.0022738338448107243
client running:58/59, client loss: 1.9839328527450562, loss 1: 1.8884965181350708, loss 2: 0.0009543631458655
server loss: tensor([[0.8987, 0.7479, 0.6640, 0.6866, 0.5781, 0.5753, 0.6885, 0.5893],
        [0.7156, 0.9148, 0.6835, 0.7187, 0.5473, 0.5663, 0.6658, 0.5570],
        [0.6948, 0.7227, 0.9210, 0.7316, 0.5563, 0.5821, 0.6360, 0.5702],
        [0.6082, 0.6293, 0.6000, 0.8778, 0.5845, 0.5811, 0.6174, 0.5537],
        [0.5911, 0.6277, 0.5428, 0.6603, 0.8610, 0.5834, 0.6033, 0.5442],
        [0.5934, 0.6261, 0.5843, 0.6662, 0.5941, 0.8135, 0.6742, 0.5743],
        [0.6226, 0.6178, 0.6077, 0.6327, 0.5681, 0.6018, 0.8775, 0.6131],
        [0.5822, 0.6322, 0.5991, 0.6305, 0.5749, 0.5864, 0.6935, 0.8213]],
       device='cuda:0')
client running:0/59, client loss: 2.089458703994751, loss 1: 1.909580111503601, loss 2: 0.0017987869214266539
client running:1/59, client loss: 2.112391471862793, loss 1: 1.8908560276031494, loss 2: 0.002215353772044182
client running:2/59, client loss: 2.131500005722046, loss 1: 1.9145890474319458, loss 2: 0.002169110346585512
client running:3/59, client loss: 2.199977397918701, loss 1: 1.9075257778167725, loss 2: 0.0029245158657431602
client running:4/59, client loss: 2.1242470741271973, loss 1: 1.8906424045562744, loss 2: 0.002336047822609544
client running:5/59, client loss: 2.0895960330963135, loss 1: 1.9341825246810913, loss 2: 0.0015541347675025463
client running:6/59, client loss: 2.051638603210449, loss 1: 1.8946844339370728, loss 2: 0.001569542451761663
client running:7/59, client loss: 2.0814430713653564, loss 1: 1.8877226114273071, loss 2: 0.0019372043898329139
client running:8/59, client loss: 2.0618388652801514, loss 1: 1.8823974132537842, loss 2: 0.001794415176846087
client running:9/59, client loss: 2.060757875442505, loss 1: 1.9071681499481201, loss 2: 0.0015358979580923915
client running:10/59, client loss: 2.1105873584747314, loss 1: 1.8718135356903076, loss 2: 0.002387738786637783
client running:11/59, client loss: 2.0235702991485596, loss 1: 1.9074664115905762, loss 2: 0.0011610384099185467
client running:12/59, client loss: 2.150200843811035, loss 1: 1.8756728172302246, loss 2: 0.002745279110968113
client running:13/59, client loss: 2.029426336288452, loss 1: 1.936881184577942, loss 2: 0.000925451226066798
client running:14/59, client loss: 2.0676419734954834, loss 1: 1.9137446880340576, loss 2: 0.0015389726031571627
client running:15/59, client loss: 2.041890859603882, loss 1: 1.8828288316726685, loss 2: 0.0015906194457784295
client running:16/59, client loss: 2.0433170795440674, loss 1: 1.9007115364074707, loss 2: 0.001426055794581771
client running:17/59, client loss: 2.0908405780792236, loss 1: 1.913933277130127, loss 2: 0.0017690719105303288
client running:18/59, client loss: 2.062892198562622, loss 1: 1.905641794204712, loss 2: 0.001572503475472331
client running:19/59, client loss: 2.0839436054229736, loss 1: 1.9270975589752197, loss 2: 0.001568460138514638
client running:20/59, client loss: 1.9955178499221802, loss 1: 1.8912022113800049, loss 2: 0.0010431564878672361
client running:21/59, client loss: 2.0448520183563232, loss 1: 1.8999003171920776, loss 2: 0.0014495175564661622
client running:22/59, client loss: 2.0821189880371094, loss 1: 1.893061637878418, loss 2: 0.0018905731849372387
client running:23/59, client loss: 2.0588526725769043, loss 1: 1.9309184551239014, loss 2: 0.0012793410569429398
client running:24/59, client loss: 2.1176095008850098, loss 1: 1.8853875398635864, loss 2: 0.0023222207091748714
client running:25/59, client loss: 2.1358482837677, loss 1: 1.9043347835540771, loss 2: 0.002315134508535266
client running:26/59, client loss: 2.0785815715789795, loss 1: 1.9291048049926758, loss 2: 0.001494766678661108
client running:27/59, client loss: 2.0755112171173096, loss 1: 1.9177541732788086, loss 2: 0.0015775702195242047
client running:28/59, client loss: 2.1242733001708984, loss 1: 1.9183398485183716, loss 2: 0.002059335121884942
client running:29/59, client loss: 2.171346426010132, loss 1: 1.912045955657959, loss 2: 0.0025930048432201147
client running:30/59, client loss: 2.0791070461273193, loss 1: 1.892042636871338, loss 2: 0.001870643114671111
client running:31/59, client loss: 2.0759997367858887, loss 1: 1.894623041152954, loss 2: 0.0018137672450393438
client running:32/59, client loss: 2.0611977577209473, loss 1: 1.93546462059021, loss 2: 0.001257330528460443
client running:33/59, client loss: 2.0705838203430176, loss 1: 1.9077229499816895, loss 2: 0.0016286092577502131
client running:34/59, client loss: 2.0379176139831543, loss 1: 1.8905811309814453, loss 2: 0.0014733659336343408
client running:35/59, client loss: 2.0473434925079346, loss 1: 1.8755189180374146, loss 2: 0.0017182454466819763
client running:36/59, client loss: 2.194138526916504, loss 1: 1.9082918167114258, loss 2: 0.0028584664687514305
client running:37/59, client loss: 2.001433849334717, loss 1: 1.8892159461975098, loss 2: 0.001122180256061256
client running:38/59, client loss: 2.0471391677856445, loss 1: 1.894014596939087, loss 2: 0.0015312460018321872
client running:39/59, client loss: 2.048794984817505, loss 1: 1.8960069417953491, loss 2: 0.001527880784124136
client running:40/59, client loss: 2.0385730266571045, loss 1: 1.869238018989563, loss 2: 0.001693349564447999
client running:41/59, client loss: 2.025308847427368, loss 1: 1.8891113996505737, loss 2: 0.0013619742821902037
client running:42/59, client loss: 2.1186599731445312, loss 1: 1.9049216508865356, loss 2: 0.0021373843774199486
client running:43/59, client loss: 2.0368146896362305, loss 1: 1.8972238302230835, loss 2: 0.0013959098141640425
client running:44/59, client loss: 2.0109105110168457, loss 1: 1.8809559345245361, loss 2: 0.0012995465658605099
client running:45/59, client loss: 2.137361526489258, loss 1: 1.9267802238464355, loss 2: 0.0021058141719549894
client running:46/59, client loss: 2.063478469848633, loss 1: 1.8829208612442017, loss 2: 0.001805575331673026
client running:47/59, client loss: 2.0462379455566406, loss 1: 1.8790171146392822, loss 2: 0.001672207610681653
client running:48/59, client loss: 2.0771703720092773, loss 1: 1.9196232557296753, loss 2: 0.0015754716005176306
client running:49/59, client loss: 2.0053391456604004, loss 1: 1.8856253623962402, loss 2: 0.001197137520648539
client running:50/59, client loss: 2.039522171020508, loss 1: 1.9077242612838745, loss 2: 0.001317979651503265
client running:51/59, client loss: 2.0580291748046875, loss 1: 1.9245715141296387, loss 2: 0.0013345766346901655
client running:52/59, client loss: 2.0119848251342773, loss 1: 1.8820154666900635, loss 2: 0.0012996925506740808
client running:53/59, client loss: 2.0596659183502197, loss 1: 1.8831044435501099, loss 2: 0.0017656144918873906
client running:54/59, client loss: 2.150012731552124, loss 1: 1.8963731527328491, loss 2: 0.0025363953318446875
client running:55/59, client loss: 2.0237467288970947, loss 1: 1.9257153272628784, loss 2: 0.0009803147986531258
client running:56/59, client loss: 2.001908779144287, loss 1: 1.8786064386367798, loss 2: 0.0012330242898315191
client running:57/59, client loss: 2.0340118408203125, loss 1: 1.8821415901184082, loss 2: 0.0015187014359980822
client running:58/59, client loss: 2.062525987625122, loss 1: 1.8943955898284912, loss 2: 0.0016813038382679224
server loss: tensor([[0.8314, 0.6317, 0.5714, 0.5831, 0.5541, 0.5872, 0.5581, 0.6404],
        [0.6786, 0.8760, 0.5869, 0.6206, 0.5220, 0.6246, 0.6552, 0.6646],
        [0.7203, 0.7212, 0.8283, 0.5126, 0.5407, 0.6206, 0.5440, 0.7179],
        [0.6349, 0.6448, 0.5604, 0.7357, 0.5634, 0.6334, 0.5966, 0.6130],
        [0.6001, 0.5894, 0.4972, 0.5530, 0.9054, 0.5913, 0.5732, 0.5803],
        [0.5796, 0.5813, 0.5143, 0.5481, 0.5307, 0.8624, 0.6113, 0.6464],
        [0.7277, 0.7061, 0.5694, 0.5792, 0.5335, 0.6466, 0.8337, 0.7280],
        [0.6780, 0.6860, 0.5727, 0.5216, 0.5338, 0.6766, 0.6455, 0.9333]],
       device='cuda:0')
client running:0/59, client loss: 2.079106092453003, loss 1: 1.8945720195770264, loss 2: 0.0018453412922099233
client running:1/59, client loss: 2.1042933464050293, loss 1: 1.9276695251464844, loss 2: 0.0017662374302744865
client running:2/59, client loss: 2.0866124629974365, loss 1: 1.9043910503387451, loss 2: 0.0018222139915451407
client running:3/59, client loss: 2.1281700134277344, loss 1: 1.9149717092514038, loss 2: 0.0021319841034710407
client running:4/59, client loss: 2.175015687942505, loss 1: 1.932571530342102, loss 2: 0.0024244419764727354
client running:5/59, client loss: 2.1175129413604736, loss 1: 1.9024877548217773, loss 2: 0.002150251530110836
client running:6/59, client loss: 2.1651217937469482, loss 1: 1.9174398183822632, loss 2: 0.0024768200237303972
client running:7/59, client loss: 2.0852110385894775, loss 1: 1.8883951902389526, loss 2: 0.0019681595731526613
client running:8/59, client loss: 2.0422205924987793, loss 1: 1.9161003828048706, loss 2: 0.0012612012214958668
client running:9/59, client loss: 2.0672595500946045, loss 1: 1.9102550745010376, loss 2: 0.0015700446674600244
client running:10/59, client loss: 2.099447011947632, loss 1: 1.9093691110610962, loss 2: 0.0019007798982784152
client running:11/59, client loss: 2.1444954872131348, loss 1: 1.8899585008621216, loss 2: 0.0025453707203269005
client running:12/59, client loss: 2.09344744682312, loss 1: 1.910505771636963, loss 2: 0.0018294177716597915
client running:13/59, client loss: 2.0888636112213135, loss 1: 1.9163504838943481, loss 2: 0.0017251316457986832
client running:14/59, client loss: 2.0918803215026855, loss 1: 1.9080333709716797, loss 2: 0.0018384703435003757
client running:15/59, client loss: 2.0653293132781982, loss 1: 1.9272130727767944, loss 2: 0.0013811630196869373
client running:16/59, client loss: 2.040656566619873, loss 1: 1.8969910144805908, loss 2: 0.0014366543618962169
client running:17/59, client loss: 2.104666233062744, loss 1: 1.9008883237838745, loss 2: 0.0020377780310809612
client running:18/59, client loss: 2.1175436973571777, loss 1: 1.9122394323349, loss 2: 0.0020530428737401962
client running:19/59, client loss: 2.097780704498291, loss 1: 1.9006719589233398, loss 2: 0.001971087884157896
client running:20/59, client loss: 2.0601584911346436, loss 1: 1.8953431844711304, loss 2: 0.0016481525963172317
client running:21/59, client loss: 2.062605381011963, loss 1: 1.9024978876113892, loss 2: 0.0016010738909244537
client running:22/59, client loss: 2.115159749984741, loss 1: 1.9168485403060913, loss 2: 0.0019831121899187565
client running:23/59, client loss: 2.078868865966797, loss 1: 1.9013960361480713, loss 2: 0.0017747285310178995
client running:24/59, client loss: 2.139267683029175, loss 1: 1.8694266080856323, loss 2: 0.00269841100089252
client running:25/59, client loss: 2.0736823081970215, loss 1: 1.909562587738037, loss 2: 0.0016411980614066124
client running:26/59, client loss: 2.0335237979888916, loss 1: 1.8945467472076416, loss 2: 0.0013897703029215336
client running:27/59, client loss: 2.1003856658935547, loss 1: 1.9130690097808838, loss 2: 0.0018731666496023536
client running:28/59, client loss: 2.080487012863159, loss 1: 1.8805925846099854, loss 2: 0.0019989449065178633
client running:29/59, client loss: 2.0802197456359863, loss 1: 1.9013508558273315, loss 2: 0.001788688008673489
client running:30/59, client loss: 2.0176804065704346, loss 1: 1.890712022781372, loss 2: 0.0012696841731667519
client running:31/59, client loss: 2.1692628860473633, loss 1: 1.8979322910308838, loss 2: 0.0027133068069815636
client running:32/59, client loss: 2.0378150939941406, loss 1: 1.8799140453338623, loss 2: 0.001579010160639882
client running:33/59, client loss: 2.0446386337280273, loss 1: 1.888000726699829, loss 2: 0.0015663780504837632
client running:34/59, client loss: 2.051116704940796, loss 1: 1.8942925930023193, loss 2: 0.001568242209032178
client running:35/59, client loss: 2.0910420417785645, loss 1: 1.895526647567749, loss 2: 0.001955152954906225
client running:36/59, client loss: 2.0840420722961426, loss 1: 1.872813105583191, loss 2: 0.002112290821969509
client running:37/59, client loss: 2.0926804542541504, loss 1: 1.904195785522461, loss 2: 0.0018848470645025373
client running:38/59, client loss: 2.1054954528808594, loss 1: 1.8894085884094238, loss 2: 0.0021608693059533834
client running:39/59, client loss: 2.0641751289367676, loss 1: 1.9430896043777466, loss 2: 0.0012108554365113378
client running:40/59, client loss: 2.07414174079895, loss 1: 1.8739070892333984, loss 2: 0.0020023463293910027
client running:41/59, client loss: 2.085456609725952, loss 1: 1.94109308719635, loss 2: 0.0014436350902542472
client running:42/59, client loss: 2.039400100708008, loss 1: 1.8602752685546875, loss 2: 0.0017912492621690035
client running:43/59, client loss: 2.0505356788635254, loss 1: 1.8819972276687622, loss 2: 0.0016853843117132783
client running:44/59, client loss: 2.015394687652588, loss 1: 1.9162535667419434, loss 2: 0.0009914108086377382
client running:45/59, client loss: 2.1006553173065186, loss 1: 1.8723641633987427, loss 2: 0.0022829126100987196
client running:46/59, client loss: 2.045612096786499, loss 1: 1.8903039693832397, loss 2: 0.0015530810924246907
client running:47/59, client loss: 2.0642120838165283, loss 1: 1.8905097246170044, loss 2: 0.0017370244022458792
client running:48/59, client loss: 2.056570529937744, loss 1: 1.9048230648040771, loss 2: 0.0015174753498286009
client running:49/59, client loss: 2.0261588096618652, loss 1: 1.8998823165893555, loss 2: 0.0012627651449292898
client running:50/59, client loss: 2.043125867843628, loss 1: 1.8804421424865723, loss 2: 0.0016268370673060417
client running:51/59, client loss: 2.092304229736328, loss 1: 1.9053566455841064, loss 2: 0.0018694746540859342
client running:52/59, client loss: 2.052677631378174, loss 1: 1.8703688383102417, loss 2: 0.0018230878049507737
client running:53/59, client loss: 2.0392587184906006, loss 1: 1.8807783126831055, loss 2: 0.0015848043840378523
client running:54/59, client loss: 2.0555028915405273, loss 1: 1.9035617113113403, loss 2: 0.0015194115694612265
client running:55/59, client loss: 2.076974868774414, loss 1: 1.8751726150512695, loss 2: 0.0020180214196443558
client running:56/59, client loss: 2.010883331298828, loss 1: 1.8884649276733398, loss 2: 0.0012241837102919817
client running:57/59, client loss: 2.002040147781372, loss 1: 1.8951122760772705, loss 2: 0.001069277641363442
client running:58/59, client loss: 2.019454002380371, loss 1: 1.9226709604263306, loss 2: 0.0009678311180323362
server loss: tensor([[0.8113, 0.6805, 0.6420, 0.6796, 0.6109, 0.7000, 0.6650, 0.5675],
        [0.6238, 0.9239, 0.6493, 0.6610, 0.5789, 0.6705, 0.6387, 0.5900],
        [0.6913, 0.6933, 0.8666, 0.7062, 0.6202, 0.7122, 0.6996, 0.6390],
        [0.7346, 0.6581, 0.6777, 0.8736, 0.6854, 0.7100, 0.6782, 0.5839],
        [0.6946, 0.6022, 0.6853, 0.7139, 0.8950, 0.6661, 0.6764, 0.5750],
        [0.6735, 0.6095, 0.6479, 0.6369, 0.5910, 0.7710, 0.6499, 0.6237],
        [0.6908, 0.6419, 0.7020, 0.6724, 0.6655, 0.6943, 0.9366, 0.5972],
        [0.5976, 0.6842, 0.6908, 0.6347, 0.5836, 0.6722, 0.6290, 0.8836]],
       device='cuda:0')
client running:0/59, client loss: 2.0931248664855957, loss 1: 1.8889315128326416, loss 2: 0.002041933359578252
client running:1/59, client loss: 2.111023426055908, loss 1: 1.9116058349609375, loss 2: 0.0019941753707826138
client running:2/59, client loss: 2.074962615966797, loss 1: 1.8980064392089844, loss 2: 0.0017695613205432892
client running:3/59, client loss: 2.1101274490356445, loss 1: 1.9105322360992432, loss 2: 0.001995951170101762
client running:4/59, client loss: 2.098005533218384, loss 1: 1.875502347946167, loss 2: 0.0022250309120863676
client running:5/59, client loss: 2.0845720767974854, loss 1: 1.8923410177230835, loss 2: 0.0019223104463890195
client running:6/59, client loss: 2.0988833904266357, loss 1: 1.8859676122665405, loss 2: 0.002129156840965152
client running:7/59, client loss: 2.1241629123687744, loss 1: 1.8992091417312622, loss 2: 0.0022495384328067303
client running:8/59, client loss: 2.082082986831665, loss 1: 1.9045870304107666, loss 2: 0.0017749594990164042
client running:9/59, client loss: 2.1026580333709717, loss 1: 1.9085707664489746, loss 2: 0.0019408734515309334
client running:10/59, client loss: 2.0571529865264893, loss 1: 1.8811421394348145, loss 2: 0.0017601075815036893
client running:11/59, client loss: 2.1346793174743652, loss 1: 1.8920713663101196, loss 2: 0.002426079474389553
client running:12/59, client loss: 2.0579874515533447, loss 1: 1.8860836029052734, loss 2: 0.0017190378857776523
client running:13/59, client loss: 2.120405435562134, loss 1: 1.9149566888809204, loss 2: 0.002054488519206643
client running:14/59, client loss: 2.0628769397735596, loss 1: 1.9322810173034668, loss 2: 0.0013059581397101283
client running:15/59, client loss: 2.062553644180298, loss 1: 1.867794156074524, loss 2: 0.0019475941080600023
client running:16/59, client loss: 2.0906500816345215, loss 1: 1.891608715057373, loss 2: 0.0019904139917343855
client running:17/59, client loss: 2.087733507156372, loss 1: 1.9140443801879883, loss 2: 0.0017368922708556056
client running:18/59, client loss: 2.111893653869629, loss 1: 1.9004714488983154, loss 2: 0.0021142212208360434
client running:19/59, client loss: 2.0962600708007812, loss 1: 1.9030998945236206, loss 2: 0.0019316006219014525
client running:20/59, client loss: 2.079817533493042, loss 1: 1.8990135192871094, loss 2: 0.0018080390291288495
client running:21/59, client loss: 2.043478488922119, loss 1: 1.9134466648101807, loss 2: 0.001300318632274866
client running:22/59, client loss: 2.1428771018981934, loss 1: 1.9202414751052856, loss 2: 0.0022263554856181145
client running:23/59, client loss: 2.0362329483032227, loss 1: 1.9190905094146729, loss 2: 0.0011714238207787275
client running:24/59, client loss: 2.107537031173706, loss 1: 1.9012349843978882, loss 2: 0.0020630196668207645
client running:25/59, client loss: 2.025822639465332, loss 1: 1.911997675895691, loss 2: 0.0011382505763322115
client running:26/59, client loss: 2.007510185241699, loss 1: 1.904363751411438, loss 2: 0.001031463616527617
client running:27/59, client loss: 2.1154279708862305, loss 1: 1.884318470954895, loss 2: 0.002311093732714653
client running:28/59, client loss: 2.091627359390259, loss 1: 1.8923221826553345, loss 2: 0.001993051264435053
client running:29/59, client loss: 2.1557352542877197, loss 1: 1.8994343280792236, loss 2: 0.0025630099698901176
client running:30/59, client loss: 2.0819928646087646, loss 1: 1.9108397960662842, loss 2: 0.0017115313094109297
client running:31/59, client loss: 2.0440382957458496, loss 1: 1.8976867198944092, loss 2: 0.0014635149855166674
client running:32/59, client loss: 2.024620532989502, loss 1: 1.8884994983673096, loss 2: 0.001361209200695157
client running:33/59, client loss: 2.05607271194458, loss 1: 1.9061801433563232, loss 2: 0.0014989253832027316
client running:34/59, client loss: 2.0885655879974365, loss 1: 1.8984150886535645, loss 2: 0.0019015049329027534
client running:35/59, client loss: 2.0891051292419434, loss 1: 1.9068479537963867, loss 2: 0.0018225720850750804
client running:36/59, client loss: 2.1586530208587646, loss 1: 1.906456470489502, loss 2: 0.0025219647213816643
client running:37/59, client loss: 2.0328052043914795, loss 1: 1.898416519165039, loss 2: 0.0013438866008073092
client running:38/59, client loss: 1.9907841682434082, loss 1: 1.8960567712783813, loss 2: 0.0009472745005041361
client running:39/59, client loss: 2.015540361404419, loss 1: 1.8984260559082031, loss 2: 0.0011711419792845845
client running:40/59, client loss: 2.061702013015747, loss 1: 1.895341396331787, loss 2: 0.0016636066138744354
client running:41/59, client loss: 2.0396230220794678, loss 1: 1.905045747756958, loss 2: 0.0013457718305289745
client running:42/59, client loss: 2.053239345550537, loss 1: 1.9125865697860718, loss 2: 0.0014065289869904518
client running:43/59, client loss: 2.126314878463745, loss 1: 1.8938277959823608, loss 2: 0.002324871253222227
client running:44/59, client loss: 2.0532050132751465, loss 1: 1.908194899559021, loss 2: 0.001450100215151906
client running:45/59, client loss: 2.1482768058776855, loss 1: 1.9233667850494385, loss 2: 0.0022490997798740864
client running:46/59, client loss: 2.127317190170288, loss 1: 1.912051796913147, loss 2: 0.002152654342353344
client running:47/59, client loss: 2.052190065383911, loss 1: 1.8922499418258667, loss 2: 0.001599400769919157
client running:48/59, client loss: 2.069741725921631, loss 1: 1.9065216779708862, loss 2: 0.0016322003211826086
client running:49/59, client loss: 2.038724660873413, loss 1: 1.916993498802185, loss 2: 0.001217311481013894
client running:50/59, client loss: 2.029881000518799, loss 1: 1.8966256380081177, loss 2: 0.0013325531035661697
client running:51/59, client loss: 2.0926661491394043, loss 1: 1.8844188451766968, loss 2: 0.002082472201436758
client running:52/59, client loss: 2.01110577583313, loss 1: 1.890839695930481, loss 2: 0.0012026597978547215
client running:53/59, client loss: 2.04616379737854, loss 1: 1.9154596328735352, loss 2: 0.0013070408022031188
client running:54/59, client loss: 2.1180624961853027, loss 1: 1.9013437032699585, loss 2: 0.0021671887952834368
client running:55/59, client loss: 2.0044634342193604, loss 1: 1.904065728187561, loss 2: 0.0010039760963991284
client running:56/59, client loss: 2.0682532787323, loss 1: 1.8969286680221558, loss 2: 0.001713246456347406
client running:57/59, client loss: 2.053955316543579, loss 1: 1.907820701599121, loss 2: 0.001461345236748457
client running:58/59, client loss: 2.015383243560791, loss 1: 1.8824539184570312, loss 2: 0.001329292543232441
server loss: tensor([[0.8895, 0.6241, 0.6279, 0.5359, 0.5634, 0.6594, 0.5424, 0.5485],
        [0.6446, 0.9317, 0.6149, 0.5668, 0.6338, 0.6682, 0.5592, 0.6709],
        [0.6410, 0.6319, 0.9166, 0.5750, 0.6312, 0.6406, 0.6159, 0.5962],
        [0.6259, 0.6778, 0.6622, 0.8351, 0.7059, 0.6617, 0.5888, 0.6437],
        [0.6191, 0.7039, 0.6357, 0.6063, 0.7557, 0.6641, 0.5870, 0.6492],
        [0.6699, 0.6804, 0.6236, 0.5555, 0.6174, 0.8972, 0.5924, 0.6027],
        [0.5877, 0.6047, 0.6222, 0.5530, 0.6104, 0.6251, 0.9378, 0.5495],
        [0.5848, 0.6528, 0.6130, 0.5752, 0.6166, 0.5753, 0.5350, 0.9011]],
       device='cuda:0')
client running:0/59, client loss: 2.177706003189087, loss 1: 1.9307866096496582, loss 2: 0.0024691936559975147
client running:1/59, client loss: 2.046633243560791, loss 1: 1.9118469953536987, loss 2: 0.0013478624168783426
client running:2/59, client loss: 2.142686128616333, loss 1: 1.9040231704711914, loss 2: 0.002386628882959485
client running:3/59, client loss: 2.12811279296875, loss 1: 1.8696013689041138, loss 2: 0.0025851146783679724
client running:4/59, client loss: 2.236337900161743, loss 1: 1.9085923433303833, loss 2: 0.0032774549908936024
client running:5/59, client loss: 2.079728126525879, loss 1: 1.9074819087982178, loss 2: 0.0017224629409611225
client running:6/59, client loss: 2.2182514667510986, loss 1: 1.9364413022994995, loss 2: 0.002818100620061159
client running:7/59, client loss: 2.0714101791381836, loss 1: 1.9047760963439941, loss 2: 0.0016663401620462537
client running:8/59, client loss: 2.0756046772003174, loss 1: 1.8834348917007446, loss 2: 0.0019216977525502443
client running:9/59, client loss: 2.104916572570801, loss 1: 1.874603509902954, loss 2: 0.002303131390362978
client running:10/59, client loss: 2.0631370544433594, loss 1: 1.8835842609405518, loss 2: 0.0017955288058146834
client running:11/59, client loss: 2.014265775680542, loss 1: 1.8797874450683594, loss 2: 0.0013447841629385948
client running:12/59, client loss: 2.1161372661590576, loss 1: 1.9011571407318115, loss 2: 0.0021498012356460094
client running:13/59, client loss: 2.237534523010254, loss 1: 1.885243535041809, loss 2: 0.003522910177707672
client running:14/59, client loss: 2.081176280975342, loss 1: 1.8924236297607422, loss 2: 0.001887527178041637
client running:15/59, client loss: 2.045727491378784, loss 1: 1.9005346298217773, loss 2: 0.0014519280521199107
client running:16/59, client loss: 2.093937635421753, loss 1: 1.8986942768096924, loss 2: 0.0019524344243109226
client running:17/59, client loss: 2.034430980682373, loss 1: 1.9236502647399902, loss 2: 0.0011078070383518934
client running:18/59, client loss: 2.0320286750793457, loss 1: 1.9168719053268433, loss 2: 0.0011515675578266382
client running:19/59, client loss: 2.085761308670044, loss 1: 1.9056090116500854, loss 2: 0.0018015240784734488
client running:20/59, client loss: 2.0724904537200928, loss 1: 1.9011198282241821, loss 2: 0.0017137057147920132
client running:21/59, client loss: 2.1280477046966553, loss 1: 1.920253872871399, loss 2: 0.002077938988804817
client running:22/59, client loss: 2.074582815170288, loss 1: 1.8978774547576904, loss 2: 0.0017670538509264588
client running:23/59, client loss: 2.044487237930298, loss 1: 1.8809734582901, loss 2: 0.0016351374797523022
client running:24/59, client loss: 2.020890951156616, loss 1: 1.8980821371078491, loss 2: 0.0012280873488634825
client running:25/59, client loss: 2.0980310440063477, loss 1: 1.9171429872512817, loss 2: 0.0018088794313371181
client running:26/59, client loss: 2.101358652114868, loss 1: 1.8894798755645752, loss 2: 0.0021187886595726013
client running:27/59, client loss: 2.052064895629883, loss 1: 1.9178613424301147, loss 2: 0.00134203489869833
client running:28/59, client loss: 2.063477039337158, loss 1: 1.9134446382522583, loss 2: 0.0015003244625404477
client running:29/59, client loss: 2.047178030014038, loss 1: 1.907210350036621, loss 2: 0.0013996775960549712
client running:30/59, client loss: 2.06699800491333, loss 1: 1.8844449520111084, loss 2: 0.0018255297327414155
client running:31/59, client loss: 2.0437536239624023, loss 1: 1.903711199760437, loss 2: 0.001400423003360629
client running:32/59, client loss: 2.138990879058838, loss 1: 1.9256551265716553, loss 2: 0.0021333585027605295
client running:33/59, client loss: 2.0477893352508545, loss 1: 1.886334776878357, loss 2: 0.0016145450063049793
client running:34/59, client loss: 2.064108371734619, loss 1: 1.875543475151062, loss 2: 0.0018856489332392812
client running:35/59, client loss: 2.0096662044525146, loss 1: 1.8960256576538086, loss 2: 0.0011364053934812546
client running:36/59, client loss: 2.0649614334106445, loss 1: 1.903510332107544, loss 2: 0.0016145117115229368
client running:37/59, client loss: 2.028205633163452, loss 1: 1.9247558116912842, loss 2: 0.001034497981891036
client running:38/59, client loss: 2.1136670112609863, loss 1: 1.9097813367843628, loss 2: 0.0020388574339449406
client running:39/59, client loss: 2.0543887615203857, loss 1: 1.8874828815460205, loss 2: 0.0016690590418875217
client running:40/59, client loss: 2.0843963623046875, loss 1: 1.892893671989441, loss 2: 0.0019150259904563427
client running:41/59, client loss: 2.0338635444641113, loss 1: 1.8980281352996826, loss 2: 0.0013583534164354205
client running:42/59, client loss: 2.0054311752319336, loss 1: 1.8975714445114136, loss 2: 0.0010785982012748718
client running:43/59, client loss: 2.067484140396118, loss 1: 1.892619252204895, loss 2: 0.0017486496362835169
client running:44/59, client loss: 2.0665643215179443, loss 1: 1.9178329706192017, loss 2: 0.0014873140025883913
client running:45/59, client loss: 2.017958641052246, loss 1: 1.872800350189209, loss 2: 0.0014515826478600502
client running:46/59, client loss: 2.037872791290283, loss 1: 1.9125370979309082, loss 2: 0.001253357157111168
client running:47/59, client loss: 2.059176206588745, loss 1: 1.907200813293457, loss 2: 0.0015197531320154667
client running:48/59, client loss: 2.115058422088623, loss 1: 1.9394046068191528, loss 2: 0.0017565384041517973
client running:49/59, client loss: 2.000117540359497, loss 1: 1.8962581157684326, loss 2: 0.0010385931236669421
client running:50/59, client loss: 2.0100996494293213, loss 1: 1.871211051940918, loss 2: 0.0013888869434595108
client running:51/59, client loss: 2.019867181777954, loss 1: 1.899617075920105, loss 2: 0.001202501356601715
client running:52/59, client loss: 2.038102626800537, loss 1: 1.9251513481140137, loss 2: 0.0011295119766145945
client running:53/59, client loss: 2.055114984512329, loss 1: 1.896510362625122, loss 2: 0.0015860453713685274
client running:54/59, client loss: 2.0359649658203125, loss 1: 1.8965524435043335, loss 2: 0.0013941264478489757
client running:55/59, client loss: 2.0026113986968994, loss 1: 1.9142340421676636, loss 2: 0.000883772736415267
client running:56/59, client loss: 2.0497488975524902, loss 1: 1.9048168659210205, loss 2: 0.001449321280233562
client running:57/59, client loss: 2.0450212955474854, loss 1: 1.929275631904602, loss 2: 0.001157455611974001
client running:58/59, client loss: 2.0905401706695557, loss 1: 1.921690583229065, loss 2: 0.0016884955111891031
server loss: tensor([[0.8922, 0.5062, 0.5138, 0.5976, 0.6180, 0.6307, 0.6760, 0.6147],
        [0.5779, 0.7510, 0.5486, 0.5684, 0.6131, 0.5974, 0.6395, 0.5568],
        [0.5367, 0.6443, 0.6889, 0.5655, 0.5370, 0.6067, 0.5713, 0.5681],
        [0.6407, 0.5191, 0.5176, 0.7662, 0.6177, 0.6219, 0.6211, 0.6379],
        [0.6696, 0.5368, 0.4824, 0.6089, 0.8291, 0.5671, 0.6566, 0.5655],
        [0.6302, 0.5740, 0.5262, 0.6601, 0.6012, 0.8754, 0.6611, 0.6356],
        [0.5553, 0.5344, 0.4983, 0.5573, 0.5664, 0.6247, 0.8775, 0.5696],
        [0.6025, 0.5232, 0.4774, 0.5710, 0.5598, 0.6060, 0.6776, 0.6644]],
       device='cuda:0')
server average tensor
client running:0/59, client loss: 2.101754665374756, loss 1: 1.881772518157959, loss 2: 0.002199821639806032
client running:1/59, client loss: 2.047220468521118, loss 1: 1.895617127418518, loss 2: 0.001516034477390349
client running:2/59, client loss: 2.0831000804901123, loss 1: 1.8686864376068115, loss 2: 0.0021441373974084854
client running:3/59, client loss: 2.1094250679016113, loss 1: 1.899651288986206, loss 2: 0.0020977365784347057
client running:4/59, client loss: 2.1501240730285645, loss 1: 1.8829020261764526, loss 2: 0.0026722196489572525
client running:5/59, client loss: 2.1355512142181396, loss 1: 1.8984649181365967, loss 2: 0.002370863687247038
client running:6/59, client loss: 2.1127076148986816, loss 1: 1.903751015663147, loss 2: 0.0020895665511488914
client running:7/59, client loss: 2.129047393798828, loss 1: 1.920713186264038, loss 2: 0.0020833415910601616
client running:8/59, client loss: 2.07924747467041, loss 1: 1.8811002969741821, loss 2: 0.0019814716652035713
client running:9/59, client loss: 2.1102890968322754, loss 1: 1.8927654027938843, loss 2: 0.0021752365864813328
client running:10/59, client loss: 2.061046838760376, loss 1: 1.90068781375885, loss 2: 0.0016035905573517084
client running:11/59, client loss: 2.1171958446502686, loss 1: 1.8917078971862793, loss 2: 0.0022548793349415064
client running:12/59, client loss: 2.050203800201416, loss 1: 1.8781081438064575, loss 2: 0.0017209569923579693
client running:13/59, client loss: 2.068913221359253, loss 1: 1.8951659202575684, loss 2: 0.0017374721355736256
client running:14/59, client loss: 2.019834518432617, loss 1: 1.8854033946990967, loss 2: 0.0013443101197481155
client running:15/59, client loss: 2.129946708679199, loss 1: 1.8849401473999023, loss 2: 0.0024500645231455564
client running:16/59, client loss: 2.0968210697174072, loss 1: 1.866601824760437, loss 2: 0.0023021926172077656
client running:17/59, client loss: 2.0586256980895996, loss 1: 1.8791232109069824, loss 2: 0.0017950236797332764
client running:18/59, client loss: 2.0696053504943848, loss 1: 1.8655694723129272, loss 2: 0.002040359191596508
client running:19/59, client loss: 2.042969226837158, loss 1: 1.894399881362915, loss 2: 0.0014856932684779167
client running:20/59, client loss: 2.1082069873809814, loss 1: 1.8851697444915771, loss 2: 0.0022303727455437183
client running:21/59, client loss: 2.0985851287841797, loss 1: 1.9060503244400024, loss 2: 0.0019253487698733807
client running:22/59, client loss: 2.0884158611297607, loss 1: 1.904638648033142, loss 2: 0.001837772666476667
client running:23/59, client loss: 2.048783540725708, loss 1: 1.920662760734558, loss 2: 0.0012812069617211819
client running:24/59, client loss: 2.035688877105713, loss 1: 1.8766525983810425, loss 2: 0.0015903632156550884
client running:25/59, client loss: 2.1520540714263916, loss 1: 1.8995882272720337, loss 2: 0.002524657640606165
client running:26/59, client loss: 2.039163112640381, loss 1: 1.8957042694091797, loss 2: 0.001434587175026536
client running:27/59, client loss: 2.015328884124756, loss 1: 1.9038870334625244, loss 2: 0.001114417565986514
client running:28/59, client loss: 2.19909930229187, loss 1: 1.8855814933776855, loss 2: 0.0031351770740002394
client running:29/59, client loss: 2.054888963699341, loss 1: 1.8774120807647705, loss 2: 0.0017747689271345735
client running:30/59, client loss: 2.1882104873657227, loss 1: 1.8947808742523193, loss 2: 0.0029342970810830593
client running:31/59, client loss: 2.091224193572998, loss 1: 1.8748023509979248, loss 2: 0.0021642190404236317
client running:32/59, client loss: 2.0858683586120605, loss 1: 1.9106130599975586, loss 2: 0.0017525528091937304
client running:33/59, client loss: 2.021761417388916, loss 1: 1.9144847393035889, loss 2: 0.0010727664921432734
client running:34/59, client loss: 2.124518632888794, loss 1: 1.8894134759902954, loss 2: 0.002351050730794668
client running:35/59, client loss: 2.10697340965271, loss 1: 1.8863948583602905, loss 2: 0.0022057853639125824
client running:36/59, client loss: 2.0542569160461426, loss 1: 1.889898657798767, loss 2: 0.001643582247197628
client running:37/59, client loss: 2.0636041164398193, loss 1: 1.8931318521499634, loss 2: 0.0017047218279913068
client running:38/59, client loss: 2.043302536010742, loss 1: 1.901384949684143, loss 2: 0.0014191755326464772
client running:39/59, client loss: 2.084160089492798, loss 1: 1.9050877094268799, loss 2: 0.0017907239962369204
client running:40/59, client loss: 2.022170066833496, loss 1: 1.883265495300293, loss 2: 0.0013890466652810574
client running:41/59, client loss: 2.073357105255127, loss 1: 1.900610089302063, loss 2: 0.0017274693818762898
client running:42/59, client loss: 1.990600824356079, loss 1: 1.8810985088348389, loss 2: 0.0010950228897854686
client running:43/59, client loss: 2.0940754413604736, loss 1: 1.893558144569397, loss 2: 0.0020051724277436733
client running:44/59, client loss: 2.0620312690734863, loss 1: 1.9082037210464478, loss 2: 0.0015382750425487757
client running:45/59, client loss: 2.0962002277374268, loss 1: 1.9156649112701416, loss 2: 0.0018053523963317275
client running:46/59, client loss: 2.1026666164398193, loss 1: 1.8951643705368042, loss 2: 0.0020750220865011215
client running:47/59, client loss: 2.114997148513794, loss 1: 1.8858797550201416, loss 2: 0.002291174605488777
client running:48/59, client loss: 2.0811212062835693, loss 1: 1.848848581314087, loss 2: 0.0023227257188409567
client running:49/59, client loss: 2.052034854888916, loss 1: 1.878332257270813, loss 2: 0.0017370248679071665
client running:50/59, client loss: 2.0831987857818604, loss 1: 1.9079025983810425, loss 2: 0.0017529611941426992
client running:51/59, client loss: 2.0646653175354004, loss 1: 1.8896230459213257, loss 2: 0.0017504221759736538
client running:52/59, client loss: 1.9985765218734741, loss 1: 1.8827416896820068, loss 2: 0.0011583480518311262
client running:53/59, client loss: 2.0180399417877197, loss 1: 1.8879514932632446, loss 2: 0.0013008841779083014
client running:54/59, client loss: 2.0059661865234375, loss 1: 1.8871309757232666, loss 2: 0.001188351190648973
client running:55/59, client loss: 2.131178140640259, loss 1: 1.9159462451934814, loss 2: 0.0021523188333958387
client running:56/59, client loss: 1.9696476459503174, loss 1: 1.9042237997055054, loss 2: 0.0006542379851453006
client running:57/59, client loss: 2.0582385063171387, loss 1: 1.910778522491455, loss 2: 0.00147460016887635
client running:58/59, client loss: 2.1301658153533936, loss 1: 1.897904872894287, loss 2: 0.0023226088378578424
server loss: tensor([[0.7530, 0.5959, 0.6104, 0.6481, 0.5127, 0.6249, 0.6263, 0.4731],
        [0.4759, 0.8360, 0.6742, 0.6211, 0.4928, 0.6254, 0.6546, 0.5027],
        [0.4417, 0.6195, 0.8552, 0.6386, 0.4594, 0.6156, 0.6480, 0.4619],
        [0.4876, 0.6518, 0.6977, 0.8941, 0.4430, 0.6039, 0.6432, 0.4696],
        [0.4974, 0.6239, 0.6492, 0.6629, 0.6607, 0.5759, 0.6015, 0.5159],
        [0.4741, 0.5619, 0.6645, 0.6089, 0.4486, 0.8435, 0.5903, 0.4195],
        [0.4760, 0.6114, 0.6550, 0.6125, 0.4973, 0.6266, 0.8965, 0.4693],
        [0.4747, 0.6426, 0.6028, 0.6095, 0.5989, 0.5355, 0.6041, 0.7434]],
       device='cuda:0')
client running:0/59, client loss: 2.1736884117126465, loss 1: 1.9205812215805054, loss 2: 0.0025310723576694727
client running:1/59, client loss: 2.0876777172088623, loss 1: 1.888644814491272, loss 2: 0.001990329008549452
client running:2/59, client loss: 2.1270620822906494, loss 1: 1.8817315101623535, loss 2: 0.0024533048272132874
client running:3/59, client loss: 2.194523334503174, loss 1: 1.8866617679595947, loss 2: 0.003078615292906761
client running:4/59, client loss: 2.15929913520813, loss 1: 1.9101409912109375, loss 2: 0.002491582417860627
client running:5/59, client loss: 2.0910916328430176, loss 1: 1.8978209495544434, loss 2: 0.0019327064510434866
client running:6/59, client loss: 2.072930335998535, loss 1: 1.8837943077087402, loss 2: 0.0018913592211902142
client running:7/59, client loss: 2.141009569168091, loss 1: 1.8525526523590088, loss 2: 0.002884569810703397
client running:8/59, client loss: 2.052884340286255, loss 1: 1.8968843221664429, loss 2: 0.001560000004246831
client running:9/59, client loss: 2.0594701766967773, loss 1: 1.8991807699203491, loss 2: 0.0016028929967433214
client running:10/59, client loss: 2.081554889678955, loss 1: 1.900200366973877, loss 2: 0.001813545124605298
client running:11/59, client loss: 2.0289268493652344, loss 1: 1.8803788423538208, loss 2: 0.0014854799956083298
client running:12/59, client loss: 2.1954808235168457, loss 1: 1.8945420980453491, loss 2: 0.003009387757629156
client running:13/59, client loss: 2.0833613872528076, loss 1: 1.8969430923461914, loss 2: 0.0018641829956322908
client running:14/59, client loss: 2.062368154525757, loss 1: 1.897110104560852, loss 2: 0.0016525797545909882
client running:15/59, client loss: 2.090205192565918, loss 1: 1.9173108339309692, loss 2: 0.0017289445968344808
client running:16/59, client loss: 2.1731131076812744, loss 1: 1.885941743850708, loss 2: 0.0028717126697301865
client running:17/59, client loss: 2.048196315765381, loss 1: 1.8931955099105835, loss 2: 0.0015500080771744251
client running:18/59, client loss: 2.043130874633789, loss 1: 1.902492880821228, loss 2: 0.0014063799753785133
client running:19/59, client loss: 2.1318931579589844, loss 1: 1.9339678287506104, loss 2: 0.001979253953322768
client running:20/59, client loss: 2.1518125534057617, loss 1: 1.8897420167922974, loss 2: 0.0026207054033875465
client running:21/59, client loss: 2.0520811080932617, loss 1: 1.8964471817016602, loss 2: 0.0015563389752060175
client running:22/59, client loss: 2.075737476348877, loss 1: 1.8723784685134888, loss 2: 0.0020335903391242027
client running:23/59, client loss: 2.072080612182617, loss 1: 1.9162380695343018, loss 2: 0.0015584256034344435
client running:24/59, client loss: 2.092176914215088, loss 1: 1.9239126443862915, loss 2: 0.0016826426144689322
client running:25/59, client loss: 2.0731165409088135, loss 1: 1.8788584470748901, loss 2: 0.0019425819627940655
client running:26/59, client loss: 2.101781129837036, loss 1: 1.8758912086486816, loss 2: 0.002258898923173547
client running:27/59, client loss: 2.206205368041992, loss 1: 1.8779717683792114, loss 2: 0.0032823372166603804
client running:28/59, client loss: 2.055432081222534, loss 1: 1.8571431636810303, loss 2: 0.001982889138162136
client running:29/59, client loss: 2.0945072174072266, loss 1: 1.8885672092437744, loss 2: 0.002059400547295809
client running:30/59, client loss: 2.115772247314453, loss 1: 1.9278943538665771, loss 2: 0.00187877903226763
client running:31/59, client loss: 2.0318124294281006, loss 1: 1.9181700944900513, loss 2: 0.001136422622948885
client running:32/59, client loss: 2.0241305828094482, loss 1: 1.8761882781982422, loss 2: 0.0014794236049056053
client running:33/59, client loss: 2.1593732833862305, loss 1: 1.9212013483047485, loss 2: 0.0023817189503461123
client running:34/59, client loss: 2.044327735900879, loss 1: 1.8822450637817383, loss 2: 0.001620827242732048
client running:35/59, client loss: 2.1029014587402344, loss 1: 1.9128328561782837, loss 2: 0.0019006857182830572
client running:36/59, client loss: 2.0604147911071777, loss 1: 1.9095765352249146, loss 2: 0.001508382149040699
client running:37/59, client loss: 2.0487730503082275, loss 1: 1.912621021270752, loss 2: 0.0013615204952657223
client running:38/59, client loss: 2.0384085178375244, loss 1: 1.8868989944458008, loss 2: 0.0015150951221585274
client running:39/59, client loss: 2.0449068546295166, loss 1: 1.8814752101898193, loss 2: 0.0016343158204108477
client running:40/59, client loss: 2.1119964122772217, loss 1: 1.928580641746521, loss 2: 0.001834158319979906
client running:41/59, client loss: 2.0980896949768066, loss 1: 1.8670291900634766, loss 2: 0.002310606185346842
client running:42/59, client loss: 1.9735183715820312, loss 1: 1.8842658996582031, loss 2: 0.0008925247238948941
client running:43/59, client loss: 2.0580427646636963, loss 1: 1.9032777547836304, loss 2: 0.0015476495027542114
client running:44/59, client loss: 2.0010225772857666, loss 1: 1.8871386051177979, loss 2: 0.0011388387065380812
client running:45/59, client loss: 2.0839195251464844, loss 1: 1.8779371976852417, loss 2: 0.002059822203591466
client running:46/59, client loss: 2.0268232822418213, loss 1: 1.9137206077575684, loss 2: 0.0011310263071209192
client running:47/59, client loss: 1.9898170232772827, loss 1: 1.8777462244033813, loss 2: 0.0011207074858248234
client running:48/59, client loss: 2.051815986633301, loss 1: 1.9018641710281372, loss 2: 0.0014995182864367962
client running:49/59, client loss: 2.0477805137634277, loss 1: 1.9082489013671875, loss 2: 0.001395316096022725
client running:50/59, client loss: 2.0123910903930664, loss 1: 1.8750137090682983, loss 2: 0.0013737742556259036
client running:51/59, client loss: 1.9999682903289795, loss 1: 1.9051952362060547, loss 2: 0.0009477300336584449
client running:52/59, client loss: 2.174858808517456, loss 1: 1.919005036354065, loss 2: 0.002558537758886814
client running:53/59, client loss: 2.052809238433838, loss 1: 1.8827168941497803, loss 2: 0.001700923079624772
client running:54/59, client loss: 2.0295627117156982, loss 1: 1.90614652633667, loss 2: 0.0012341609690338373
client running:55/59, client loss: 2.052307605743408, loss 1: 1.899923324584961, loss 2: 0.0015238424530252814
client running:56/59, client loss: 2.019622564315796, loss 1: 1.883334994316101, loss 2: 0.001362876733765006
client running:57/59, client loss: 2.035872220993042, loss 1: 1.9106336832046509, loss 2: 0.001252385787665844
client running:58/59, client loss: 2.0153462886810303, loss 1: 1.8834478855133057, loss 2: 0.0013189846649765968
server loss: tensor([[0.8359, 0.5358, 0.6056, 0.6278, 0.4894, 0.5833, 0.5613, 0.6044],
        [0.5837, 0.8766, 0.6351, 0.6758, 0.5352, 0.5823, 0.6243, 0.6527],
        [0.6250, 0.5842, 0.9101, 0.6919, 0.4806, 0.5655, 0.5891, 0.6652],
        [0.5930, 0.5988, 0.6006, 0.9106, 0.5023, 0.6103, 0.5786, 0.6250],
        [0.5402, 0.5958, 0.5522, 0.6782, 0.7889, 0.5637, 0.5845, 0.6641],
        [0.5475, 0.5594, 0.5529, 0.6898, 0.4862, 0.9595, 0.6647, 0.5643],
        [0.5550, 0.6341, 0.6170, 0.6942, 0.5166, 0.6777, 0.8443, 0.6739],
        [0.5881, 0.6149, 0.6249, 0.6567, 0.5512, 0.5672, 0.5839, 0.7528]],
       device='cuda:0')
client running:0/59, client loss: 2.1400537490844727, loss 1: 1.9047104120254517, loss 2: 0.0023534337524324656
client running:1/59, client loss: 2.1541666984558105, loss 1: 1.9116606712341309, loss 2: 0.0024250601418316364
client running:2/59, client loss: 2.1242775917053223, loss 1: 1.9138463735580444, loss 2: 0.00210431101731956
client running:3/59, client loss: 2.1223247051239014, loss 1: 1.9022082090377808, loss 2: 0.0022011660039424896
client running:4/59, client loss: 2.0939691066741943, loss 1: 1.8979332447052002, loss 2: 0.001960359513759613
client running:5/59, client loss: 2.08778977394104, loss 1: 1.8942912817001343, loss 2: 0.0019349842332303524
client running:6/59, client loss: 2.164553642272949, loss 1: 1.9040696620941162, loss 2: 0.0026048393920063972
client running:7/59, client loss: 2.1065773963928223, loss 1: 1.8607217073440552, loss 2: 0.002458557952195406
client running:8/59, client loss: 2.1182503700256348, loss 1: 1.9127029180526733, loss 2: 0.00205547409132123
client running:9/59, client loss: 2.147709608078003, loss 1: 1.9276645183563232, loss 2: 0.0022004502825438976
client running:10/59, client loss: 2.0700345039367676, loss 1: 1.8519428968429565, loss 2: 0.002180915791541338
client running:11/59, client loss: 2.0964279174804688, loss 1: 1.8951119184494019, loss 2: 0.002013160614296794
client running:12/59, client loss: 2.121530294418335, loss 1: 1.8810374736785889, loss 2: 0.0024049286730587482
client running:13/59, client loss: 2.1130332946777344, loss 1: 1.9065927267074585, loss 2: 0.002064405009150505
client running:14/59, client loss: 2.1772992610931396, loss 1: 1.9087644815444946, loss 2: 0.002685347804799676
client running:15/59, client loss: 2.0811612606048584, loss 1: 1.8800312280654907, loss 2: 0.0020112995989620686
client running:16/59, client loss: 2.0991573333740234, loss 1: 1.9005926847457886, loss 2: 0.001985647017136216
client running:17/59, client loss: 2.16731858253479, loss 1: 1.875876784324646, loss 2: 0.0029144177678972483
client running:18/59, client loss: 2.0939478874206543, loss 1: 1.8958876132965088, loss 2: 0.001980602741241455
client running:19/59, client loss: 2.0878655910491943, loss 1: 1.8696154356002808, loss 2: 0.0021825016010552645
client running:20/59, client loss: 2.1823856830596924, loss 1: 1.8917723894119263, loss 2: 0.0029061336535960436
client running:21/59, client loss: 2.0979199409484863, loss 1: 1.887598991394043, loss 2: 0.0021032094955444336
client running:22/59, client loss: 2.073690891265869, loss 1: 1.903451919555664, loss 2: 0.0017023889813572168
client running:23/59, client loss: 2.0954294204711914, loss 1: 1.9275492429733276, loss 2: 0.0016788013745099306
client running:24/59, client loss: 2.0850045680999756, loss 1: 1.8651849031448364, loss 2: 0.002198197180405259
client running:25/59, client loss: 2.1326990127563477, loss 1: 1.888397216796875, loss 2: 0.002443017903715372
client running:26/59, client loss: 2.141788959503174, loss 1: 1.8952422142028809, loss 2: 0.0024654665030539036
client running:27/59, client loss: 2.019052743911743, loss 1: 1.8998608589172363, loss 2: 0.001191918272525072
client running:28/59, client loss: 2.1789474487304688, loss 1: 1.9257056713104248, loss 2: 0.0025324171874672174
client running:29/59, client loss: 2.0198941230773926, loss 1: 1.8861751556396484, loss 2: 0.0013371900422498584
client running:30/59, client loss: 2.082038164138794, loss 1: 1.8938710689544678, loss 2: 0.0018816712545230985
client running:31/59, client loss: 2.0075254440307617, loss 1: 1.8759349584579468, loss 2: 0.0013159053632989526
client running:32/59, client loss: 2.0684897899627686, loss 1: 1.9168994426727295, loss 2: 0.0015159030444920063
client running:33/59, client loss: 2.05682110786438, loss 1: 1.8737475872039795, loss 2: 0.0018307357095181942
client running:34/59, client loss: 2.0666751861572266, loss 1: 1.8981635570526123, loss 2: 0.0016851165564730763
client running:35/59, client loss: 2.156987428665161, loss 1: 1.9047235250473022, loss 2: 0.002522639464586973
client running:36/59, client loss: 2.0366311073303223, loss 1: 1.8872160911560059, loss 2: 0.0014941489789634943
client running:37/59, client loss: 2.050147533416748, loss 1: 1.8889940977096558, loss 2: 0.0016115340404212475
client running:38/59, client loss: 2.073936700820923, loss 1: 1.8893625736236572, loss 2: 0.0018457409460097551
client running:39/59, client loss: 2.000232219696045, loss 1: 1.8979887962341309, loss 2: 0.00102243444416672
client running:40/59, client loss: 2.0930299758911133, loss 1: 1.894252061843872, loss 2: 0.001987779513001442
client running:41/59, client loss: 2.027583599090576, loss 1: 1.8635071516036987, loss 2: 0.0016407645307481289
client running:42/59, client loss: 2.008157968521118, loss 1: 1.8838300704956055, loss 2: 0.0012432795483618975
client running:43/59, client loss: 2.119718074798584, loss 1: 1.9071919918060303, loss 2: 0.002125261351466179
client running:44/59, client loss: 2.0377213954925537, loss 1: 1.9020899534225464, loss 2: 0.001356314169242978
client running:45/59, client loss: 2.055605411529541, loss 1: 1.8763408660888672, loss 2: 0.001792645431123674
client running:46/59, client loss: 2.090310573577881, loss 1: 1.8892711400985718, loss 2: 0.0020103943534195423
client running:47/59, client loss: 2.1729652881622314, loss 1: 1.9069161415100098, loss 2: 0.0026604924350976944
client running:48/59, client loss: 2.0580759048461914, loss 1: 1.8952957391738892, loss 2: 0.0016278019174933434
client running:49/59, client loss: 2.0820515155792236, loss 1: 1.909285068511963, loss 2: 0.0017276634462177753
client running:50/59, client loss: 2.0721991062164307, loss 1: 1.905935525894165, loss 2: 0.0016626364085823298
client running:51/59, client loss: 2.1627020835876465, loss 1: 1.9214661121368408, loss 2: 0.0024123601615428925
client running:52/59, client loss: 2.018998861312866, loss 1: 1.8810380697250366, loss 2: 0.0013796081766486168
client running:53/59, client loss: 2.2134552001953125, loss 1: 1.919289231300354, loss 2: 0.0029416601173579693
client running:54/59, client loss: 2.0221033096313477, loss 1: 1.9042562246322632, loss 2: 0.0011784709058701992
client running:55/59, client loss: 2.08076548576355, loss 1: 1.8876347541809082, loss 2: 0.001931307022459805
client running:56/59, client loss: 2.0261313915252686, loss 1: 1.891221284866333, loss 2: 0.0013491003774106503
client running:57/59, client loss: 2.041463613510132, loss 1: 1.8956847190856934, loss 2: 0.0014577885158360004
client running:58/59, client loss: 1.992210865020752, loss 1: 1.8531100749969482, loss 2: 0.0013910082634538412
server loss: tensor([[0.8357, 0.6101, 0.5327, 0.5818, 0.5330, 0.5792, 0.5435, 0.6396],
        [0.5408, 0.8534, 0.5300, 0.5840, 0.5458, 0.6209, 0.5793, 0.6611],
        [0.5020, 0.5222, 0.8201, 0.5655, 0.5994, 0.5796, 0.5217, 0.5986],
        [0.5288, 0.5394, 0.5308, 0.9053, 0.5555, 0.5806, 0.5772, 0.6905],
        [0.5062, 0.5333, 0.5961, 0.6153, 0.8648, 0.5542, 0.5366, 0.6119],
        [0.5130, 0.5666, 0.5370, 0.5442, 0.5026, 0.8779, 0.5669, 0.6359],
        [0.4668, 0.5442, 0.4914, 0.5762, 0.5089, 0.5664, 0.8806, 0.7147],
        [0.5322, 0.5440, 0.5461, 0.6308, 0.5383, 0.5568, 0.6523, 0.9516]],
       device='cuda:0')
client running:0/59, client loss: 2.1431641578674316, loss 1: 1.8994492292404175, loss 2: 0.0024371494073420763
client running:1/59, client loss: 2.0989792346954346, loss 1: 1.8902461528778076, loss 2: 0.0020873304456472397
client running:2/59, client loss: 2.2692666053771973, loss 1: 1.903638482093811, loss 2: 0.003656279994174838
client running:3/59, client loss: 2.106947660446167, loss 1: 1.9203202724456787, loss 2: 0.0018662747461348772
client running:4/59, client loss: 2.15952205657959, loss 1: 1.9145376682281494, loss 2: 0.00244984426535666
client running:5/59, client loss: 2.07334303855896, loss 1: 1.8799408674240112, loss 2: 0.0019340217113494873
client running:6/59, client loss: 2.156604766845703, loss 1: 1.9082415103912354, loss 2: 0.002483631717041135
client running:7/59, client loss: 2.1157233715057373, loss 1: 1.887134075164795, loss 2: 0.0022858937736600637
client running:8/59, client loss: 2.153999090194702, loss 1: 1.9050822257995605, loss 2: 0.002489168429747224
client running:9/59, client loss: 2.0855274200439453, loss 1: 1.929282307624817, loss 2: 0.0015624514780938625
client running:10/59, client loss: 2.140197992324829, loss 1: 1.8815299272537231, loss 2: 0.002586681628599763
client running:11/59, client loss: 2.0983853340148926, loss 1: 1.9125418663024902, loss 2: 0.0018584351055324078
client running:12/59, client loss: 2.053802967071533, loss 1: 1.8759642839431763, loss 2: 0.001778386882506311
client running:13/59, client loss: 2.2057111263275146, loss 1: 1.9342013597488403, loss 2: 0.0027150982059538364
client running:14/59, client loss: 2.0358848571777344, loss 1: 1.9033102989196777, loss 2: 0.001325745601207018
client running:15/59, client loss: 2.0494892597198486, loss 1: 1.9192219972610474, loss 2: 0.001302672433666885
client running:16/59, client loss: 2.1282849311828613, loss 1: 1.8834912776947021, loss 2: 0.0024479376152157784
client running:17/59, client loss: 2.06705379486084, loss 1: 1.9154690504074097, loss 2: 0.001515846699476242
client running:18/59, client loss: 2.1086912155151367, loss 1: 1.8815182447433472, loss 2: 0.0022717309184372425
client running:19/59, client loss: 2.0517661571502686, loss 1: 1.893162727355957, loss 2: 0.001586034893989563
client running:20/59, client loss: 2.0833523273468018, loss 1: 1.9068968296051025, loss 2: 0.001764554064720869
client running:21/59, client loss: 2.0465824604034424, loss 1: 1.8794575929641724, loss 2: 0.0016712491633370519
client running:22/59, client loss: 2.1081793308258057, loss 1: 1.9086240530014038, loss 2: 0.001995553495362401
client running:23/59, client loss: 2.084759473800659, loss 1: 1.9028071165084839, loss 2: 0.0018195246811956167
client running:24/59, client loss: 2.0686943531036377, loss 1: 1.8929427862167358, loss 2: 0.001757515361532569
client running:25/59, client loss: 2.0499980449676514, loss 1: 1.8995447158813477, loss 2: 0.001504533109255135
client running:26/59, client loss: 2.07232928276062, loss 1: 1.8801275491714478, loss 2: 0.0019220171961933374
client running:27/59, client loss: 2.0583465099334717, loss 1: 1.883452296257019, loss 2: 0.0017489420715719461
client running:28/59, client loss: 2.067570924758911, loss 1: 1.89396333694458, loss 2: 0.0017360758502036333
client running:29/59, client loss: 2.0346007347106934, loss 1: 1.9004426002502441, loss 2: 0.001341581461019814
client running:30/59, client loss: 2.059235095977783, loss 1: 1.918411374092102, loss 2: 0.0014082379639148712
client running:31/59, client loss: 2.0974934101104736, loss 1: 1.88045334815979, loss 2: 0.0021704009268432856
client running:32/59, client loss: 2.0569539070129395, loss 1: 1.8873642683029175, loss 2: 0.001695896266028285
client running:33/59, client loss: 2.2335100173950195, loss 1: 1.9293968677520752, loss 2: 0.0030411314219236374
client running:34/59, client loss: 2.0338876247406006, loss 1: 1.8860236406326294, loss 2: 0.001478640828281641
client running:35/59, client loss: 2.0916590690612793, loss 1: 1.9139540195465088, loss 2: 0.001777049619704485
client running:36/59, client loss: 2.0130834579467773, loss 1: 1.8836814165115356, loss 2: 0.001294019864872098
client running:37/59, client loss: 1.9965935945510864, loss 1: 1.8894100189208984, loss 2: 0.0010718361008912325
client running:38/59, client loss: 2.075275421142578, loss 1: 1.9149305820465088, loss 2: 0.0016034473665058613
client running:39/59, client loss: 2.0006439685821533, loss 1: 1.8713299036026, loss 2: 0.001293141394853592
client running:40/59, client loss: 2.054539680480957, loss 1: 1.888904094696045, loss 2: 0.0016563552198931575
client running:41/59, client loss: 2.0566372871398926, loss 1: 1.8812899589538574, loss 2: 0.001753473188728094
client running:42/59, client loss: 1.9895617961883545, loss 1: 1.882628083229065, loss 2: 0.0010693375952541828
client running:43/59, client loss: 2.0821642875671387, loss 1: 1.8866772651672363, loss 2: 0.0019548709969967604
client running:44/59, client loss: 2.044736862182617, loss 1: 1.8842707872390747, loss 2: 0.0016046607634052634
client running:45/59, client loss: 1.9929285049438477, loss 1: 1.8881914615631104, loss 2: 0.0010473700240254402
client running:46/59, client loss: 2.043609619140625, loss 1: 1.8968297243118286, loss 2: 0.0014677989529445767
client running:47/59, client loss: 2.01155424118042, loss 1: 1.8925701379776, loss 2: 0.0011898402590304613
client running:48/59, client loss: 2.047977924346924, loss 1: 1.9012455940246582, loss 2: 0.001467324560508132
client running:49/59, client loss: 2.0469541549682617, loss 1: 1.911024570465088, loss 2: 0.001359294867143035
client running:50/59, client loss: 2.0842080116271973, loss 1: 1.9165010452270508, loss 2: 0.0016770693473517895
client running:51/59, client loss: 1.978945255279541, loss 1: 1.8724676370620728, loss 2: 0.001064776093699038
client running:52/59, client loss: 2.082428216934204, loss 1: 1.8848315477371216, loss 2: 0.001975967548787594
client running:53/59, client loss: 2.0171561241149902, loss 1: 1.8898550271987915, loss 2: 0.0012730107409879565
client running:54/59, client loss: 2.0507402420043945, loss 1: 1.8797389268875122, loss 2: 0.00171001348644495
client running:55/59, client loss: 2.049757719039917, loss 1: 1.884419322013855, loss 2: 0.0016533833695575595
client running:56/59, client loss: 2.077191114425659, loss 1: 1.8985849618911743, loss 2: 0.001786061329767108
client running:57/59, client loss: 2.048910617828369, loss 1: 1.8980169296264648, loss 2: 0.0015089372172951698
client running:58/59, client loss: 2.0982375144958496, loss 1: 1.9257538318634033, loss 2: 0.001724835834465921
server loss: tensor([[0.6279, 0.6448, 0.6027, 0.6258, 0.5342, 0.6239, 0.5552, 0.4683],
        [0.5407, 0.9710, 0.7064, 0.6458, 0.5647, 0.7166, 0.6513, 0.5643],
        [0.5204, 0.6589, 0.7766, 0.6201, 0.5647, 0.6475, 0.5922, 0.5600],
        [0.5099, 0.6278, 0.6050, 0.8233, 0.5566, 0.7224, 0.5852, 0.4904],
        [0.4931, 0.6286, 0.5828, 0.6287, 0.8370, 0.6785, 0.5726, 0.5122],
        [0.5101, 0.6603, 0.6384, 0.6314, 0.5207, 0.7619, 0.6036, 0.5188],
        [0.5347, 0.6326, 0.5729, 0.5680, 0.5037, 0.5944, 0.7557, 0.5498],
        [0.5688, 0.6553, 0.6487, 0.5736, 0.5567, 0.6282, 0.5789, 0.7751]],
       device='cuda:0')
client running:0/59, client loss: 2.257028579711914, loss 1: 1.8811880350112915, loss 2: 0.003758404403924942
client running:1/59, client loss: 2.025569200515747, loss 1: 1.8852778673171997, loss 2: 0.0014029131270945072
client running:2/59, client loss: 2.1966676712036133, loss 1: 1.9141275882720947, loss 2: 0.002825401723384857
client running:3/59, client loss: 2.108543872833252, loss 1: 1.894633173942566, loss 2: 0.0021391077898442745
client running:4/59, client loss: 2.0847601890563965, loss 1: 1.8915090560913086, loss 2: 0.0019325116882100701
client running:5/59, client loss: 2.1345467567443848, loss 1: 1.8919212818145752, loss 2: 0.0024262554943561554
client running:6/59, client loss: 2.1191864013671875, loss 1: 1.8803901672363281, loss 2: 0.0023879630025476217
client running:7/59, client loss: 2.178710460662842, loss 1: 1.889480471611023, loss 2: 0.0028922995552420616
client running:8/59, client loss: 2.1622047424316406, loss 1: 1.905263900756836, loss 2: 0.002569407457485795
client running:9/59, client loss: 2.2059943675994873, loss 1: 1.9146348237991333, loss 2: 0.0029135963413864374
client running:10/59, client loss: 2.083360195159912, loss 1: 1.9002076387405396, loss 2: 0.0018315266352146864
client running:11/59, client loss: 2.036013126373291, loss 1: 1.9154926538467407, loss 2: 0.0012052047532051802
client running:12/59, client loss: 2.0875346660614014, loss 1: 1.9038621187210083, loss 2: 0.0018367255106568336
client running:13/59, client loss: 2.1121888160705566, loss 1: 1.889789342880249, loss 2: 0.002223995514214039
client running:14/59, client loss: 2.055971622467041, loss 1: 1.8827825784683228, loss 2: 0.0017318899044767022
client running:15/59, client loss: 2.0925352573394775, loss 1: 1.9274754524230957, loss 2: 0.00165059813298285
client running:16/59, client loss: 2.1299307346343994, loss 1: 1.902869462966919, loss 2: 0.0022706124000251293
client running:17/59, client loss: 2.0944578647613525, loss 1: 1.91382896900177, loss 2: 0.0018062880262732506
client running:18/59, client loss: 2.047776699066162, loss 1: 1.8773082494735718, loss 2: 0.0017046845750883222
client running:19/59, client loss: 2.101970911026001, loss 1: 1.8990740776062012, loss 2: 0.002028967719525099
client running:20/59, client loss: 2.071920394897461, loss 1: 1.8926399946212769, loss 2: 0.0017928038723766804
client running:21/59, client loss: 2.1262855529785156, loss 1: 1.8862993717193604, loss 2: 0.0023998611140996218
client running:22/59, client loss: 2.021620988845825, loss 1: 1.918124794960022, loss 2: 0.0010349617805331945
client running:23/59, client loss: 1.9911963939666748, loss 1: 1.8807398080825806, loss 2: 0.0011045653373003006
client running:24/59, client loss: 2.156365156173706, loss 1: 1.8866326808929443, loss 2: 0.0026973243802785873
client running:25/59, client loss: 2.0652294158935547, loss 1: 1.8944573402404785, loss 2: 0.0017077219672501087
client running:26/59, client loss: 2.053744316101074, loss 1: 1.897876501083374, loss 2: 0.0015586789231747389
client running:27/59, client loss: 2.016494035720825, loss 1: 1.8828338384628296, loss 2: 0.001336602377705276
client running:28/59, client loss: 2.064561128616333, loss 1: 1.868302822113037, loss 2: 0.0019625830464065075
client running:29/59, client loss: 2.0701024532318115, loss 1: 1.9300402402877808, loss 2: 0.0014006219571456313
client running:30/59, client loss: 2.091599941253662, loss 1: 1.9029061794281006, loss 2: 0.0018869375344365835
client running:31/59, client loss: 2.0030033588409424, loss 1: 1.907221794128418, loss 2: 0.0009578167228028178
client running:32/59, client loss: 2.0940070152282715, loss 1: 1.8916175365447998, loss 2: 0.002023894339799881
client running:33/59, client loss: 2.0355541706085205, loss 1: 1.8972458839416504, loss 2: 0.0013830828247591853
client running:34/59, client loss: 2.104464054107666, loss 1: 1.9347527027130127, loss 2: 0.0016971129225566983
client running:35/59, client loss: 1.998587727546692, loss 1: 1.8956753015518188, loss 2: 0.0010291244834661484
client running:36/59, client loss: 2.0433413982391357, loss 1: 1.8990387916564941, loss 2: 0.0014430260052904487
client running:37/59, client loss: 2.127328395843506, loss 1: 1.9103175401687622, loss 2: 0.0021701082587242126
client running:38/59, client loss: 2.083159923553467, loss 1: 1.905612587928772, loss 2: 0.0017754732398316264
client running:39/59, client loss: 2.0702974796295166, loss 1: 1.8962000608444214, loss 2: 0.0017409736756235361
client running:40/59, client loss: 2.2234106063842773, loss 1: 1.8866746425628662, loss 2: 0.0033673604484647512
client running:41/59, client loss: 2.0446298122406006, loss 1: 1.8850568532943726, loss 2: 0.0015957292634993792
client running:42/59, client loss: 2.0566492080688477, loss 1: 1.9178968667984009, loss 2: 0.0013875230215489864
client running:43/59, client loss: 2.0374209880828857, loss 1: 1.8716944456100464, loss 2: 0.001657265005633235
client running:44/59, client loss: 2.0133056640625, loss 1: 1.8895925283432007, loss 2: 0.0012371321208775043
client running:45/59, client loss: 2.042870283126831, loss 1: 1.893215298652649, loss 2: 0.0014965489972382784
client running:46/59, client loss: 2.0622942447662354, loss 1: 1.9330146312713623, loss 2: 0.0012927954085171223
client running:47/59, client loss: 2.0117783546447754, loss 1: 1.8976256847381592, loss 2: 0.0011415263870730996
client running:48/59, client loss: 2.043246030807495, loss 1: 1.8978875875473022, loss 2: 0.001453583361580968
client running:49/59, client loss: 2.0495593547821045, loss 1: 1.9055047035217285, loss 2: 0.0014405464753508568
client running:50/59, client loss: 2.015496253967285, loss 1: 1.9211158752441406, loss 2: 0.0009438046254217625
client running:51/59, client loss: 2.0959718227386475, loss 1: 1.8885257244110107, loss 2: 0.002074460731819272
client running:52/59, client loss: 2.100856065750122, loss 1: 1.9359158277511597, loss 2: 0.0016494023147970438
client running:53/59, client loss: 1.9717308282852173, loss 1: 1.8993943929672241, loss 2: 0.0007233638898469508
client running:54/59, client loss: 2.0895111560821533, loss 1: 1.9235727787017822, loss 2: 0.0016593846958130598
client running:55/59, client loss: 2.044506788253784, loss 1: 1.9223171472549438, loss 2: 0.0012218960328027606
client running:56/59, client loss: 2.0873141288757324, loss 1: 1.9056543111801147, loss 2: 0.001816597767174244
client running:57/59, client loss: 2.085630178451538, loss 1: 1.9138530492782593, loss 2: 0.0017177704721689224
client running:58/59, client loss: 1.9947395324707031, loss 1: 1.8839631080627441, loss 2: 0.0011077646631747484
server loss: tensor([[0.8223, 0.6676, 0.5475, 0.6078, 0.6122, 0.5591, 0.5443, 0.5083],
        [0.6157, 0.9109, 0.6348, 0.6705, 0.6374, 0.6295, 0.6198, 0.6234],
        [0.5943, 0.6994, 0.8587, 0.6721, 0.6424, 0.6760, 0.6288, 0.6063],
        [0.5940, 0.6640, 0.5610, 0.9452, 0.6315, 0.6351, 0.5692, 0.5856],
        [0.5538, 0.6459, 0.5721, 0.6583, 0.8421, 0.6216, 0.6114, 0.5458],
        [0.5240, 0.6135, 0.5789, 0.6470, 0.5942, 0.8067, 0.5850, 0.5523],
        [0.5577, 0.6477, 0.5770, 0.6033, 0.6228, 0.5905, 0.8441, 0.5653],
        [0.5285, 0.5583, 0.5629, 0.6088, 0.5821, 0.5649, 0.5649, 0.8286]],
       device='cuda:0')
server average tensor
client running:0/59, client loss: 2.075265407562256, loss 1: 1.890629768371582, loss 2: 0.0018463559681549668
client running:1/59, client loss: 2.1413426399230957, loss 1: 1.8774136304855347, loss 2: 0.002639289479702711
client running:2/59, client loss: 2.137242317199707, loss 1: 1.8916882276535034, loss 2: 0.002455540234223008
client running:3/59, client loss: 2.137453556060791, loss 1: 1.88270103931427, loss 2: 0.002547524869441986
client running:4/59, client loss: 2.098090648651123, loss 1: 1.8946845531463623, loss 2: 0.002034059725701809
client running:5/59, client loss: 2.125969648361206, loss 1: 1.8969937562942505, loss 2: 0.0022897589951753616
client running:6/59, client loss: 2.1648240089416504, loss 1: 1.8714044094085693, loss 2: 0.002934197196736932
client running:7/59, client loss: 2.0666422843933105, loss 1: 1.9337078332901, loss 2: 0.001329344348050654
client running:8/59, client loss: 2.1064565181732178, loss 1: 1.8731002807617188, loss 2: 0.0023335625883191824
client running:9/59, client loss: 2.1438043117523193, loss 1: 1.8928507566452026, loss 2: 0.0025095357559621334
client running:10/59, client loss: 2.1137537956237793, loss 1: 1.8780913352966309, loss 2: 0.002356624463573098
client running:11/59, client loss: 2.1436920166015625, loss 1: 1.907869815826416, loss 2: 0.002358220750465989
client running:12/59, client loss: 2.0025320053100586, loss 1: 1.8870155811309814, loss 2: 0.001155163045041263
client running:13/59, client loss: 2.074061870574951, loss 1: 1.8880704641342163, loss 2: 0.0018599135801196098
client running:14/59, client loss: 2.1057703495025635, loss 1: 1.8968970775604248, loss 2: 0.002088733483105898
client running:15/59, client loss: 2.1792447566986084, loss 1: 1.8863979578018188, loss 2: 0.0029284677002578974
client running:16/59, client loss: 2.097482204437256, loss 1: 1.8656054735183716, loss 2: 0.0023187664337456226
client running:17/59, client loss: 2.1830480098724365, loss 1: 1.9127496480941772, loss 2: 0.0027029840275645256
client running:18/59, client loss: 2.0253589153289795, loss 1: 1.857148289680481, loss 2: 0.001682107336819172
client running:19/59, client loss: 2.2011592388153076, loss 1: 1.8897967338562012, loss 2: 0.003113624406978488
client running:20/59, client loss: 2.053248167037964, loss 1: 1.8946503400802612, loss 2: 0.0015859787818044424
client running:21/59, client loss: 2.0544004440307617, loss 1: 1.8889081478118896, loss 2: 0.0016549236606806517
client running:22/59, client loss: 2.0799005031585693, loss 1: 1.9021086692810059, loss 2: 0.0017779192421585321
client running:23/59, client loss: 2.1139304637908936, loss 1: 1.8896303176879883, loss 2: 0.0022430005483329296
client running:24/59, client loss: 2.0999317169189453, loss 1: 1.8605504035949707, loss 2: 0.0023938121739774942
client running:25/59, client loss: 2.068767547607422, loss 1: 1.8617660999298096, loss 2: 0.0020700141321867704
client running:26/59, client loss: 2.040780782699585, loss 1: 1.8760106563568115, loss 2: 0.0016477005556225777
client running:27/59, client loss: 2.102501392364502, loss 1: 1.888940691947937, loss 2: 0.0021356067154556513
client running:28/59, client loss: 2.0324490070343018, loss 1: 1.8683631420135498, loss 2: 0.0016408597584813833
client running:29/59, client loss: 2.0197203159332275, loss 1: 1.8664058446884155, loss 2: 0.0015331446193158627
client running:30/59, client loss: 2.0933585166931152, loss 1: 1.8833833932876587, loss 2: 0.0020997500978410244
client running:31/59, client loss: 2.052583694458008, loss 1: 1.8957061767578125, loss 2: 0.0015687753912061453
client running:32/59, client loss: 2.046067953109741, loss 1: 1.9056363105773926, loss 2: 0.0014043161645531654
client running:33/59, client loss: 2.07991361618042, loss 1: 1.8859598636627197, loss 2: 0.0019395377021282911
client running:34/59, client loss: 2.0691936016082764, loss 1: 1.9040497541427612, loss 2: 0.0016514380695298314
client running:35/59, client loss: 2.006338357925415, loss 1: 1.869555950164795, loss 2: 0.0013678232207894325
client running:36/59, client loss: 2.0798137187957764, loss 1: 1.873221755027771, loss 2: 0.00206591933965683
client running:37/59, client loss: 2.003603219985962, loss 1: 1.8823022842407227, loss 2: 0.001213008537888527
client running:38/59, client loss: 2.142625331878662, loss 1: 1.9077941179275513, loss 2: 0.0023483133409172297
client running:39/59, client loss: 2.0226500034332275, loss 1: 1.9258123636245728, loss 2: 0.0009683758835308254
client running:40/59, client loss: 2.200155735015869, loss 1: 1.861128568649292, loss 2: 0.0033902726136147976
client running:41/59, client loss: 2.0321056842803955, loss 1: 1.8866349458694458, loss 2: 0.001454707933589816
client running:42/59, client loss: 2.011920213699341, loss 1: 1.9125276803970337, loss 2: 0.0009939244482666254
client running:43/59, client loss: 2.0527262687683105, loss 1: 1.9217008352279663, loss 2: 0.001310253399424255
client running:44/59, client loss: 1.9962257146835327, loss 1: 1.8835035562515259, loss 2: 0.0011272219708189368
client running:45/59, client loss: 2.0850768089294434, loss 1: 1.8823885917663574, loss 2: 0.00202688155695796
client running:46/59, client loss: 2.0170347690582275, loss 1: 1.8994786739349365, loss 2: 0.0011755605228245258
client running:47/59, client loss: 2.0349550247192383, loss 1: 1.8881981372833252, loss 2: 0.0014675699640065432
client running:48/59, client loss: 2.0297255516052246, loss 1: 1.8891396522521973, loss 2: 0.0014058593660593033
client running:49/59, client loss: 2.0759150981903076, loss 1: 1.8920570611953735, loss 2: 0.0018385802395641804
client running:50/59, client loss: 2.021221399307251, loss 1: 1.8754914999008179, loss 2: 0.0014572985237464309
client running:51/59, client loss: 1.9954109191894531, loss 1: 1.8730757236480713, loss 2: 0.0012233518064022064
client running:52/59, client loss: 2.0055251121520996, loss 1: 1.8727242946624756, loss 2: 0.0013280079001560807
client running:53/59, client loss: 2.1557745933532715, loss 1: 1.8837894201278687, loss 2: 0.002719852142035961
client running:54/59, client loss: 1.9746161699295044, loss 1: 1.882262945175171, loss 2: 0.00092353206127882
client running:55/59, client loss: 2.023855209350586, loss 1: 1.9017707109451294, loss 2: 0.0012208446860313416
client running:56/59, client loss: 2.0204155445098877, loss 1: 1.8874460458755493, loss 2: 0.0013296944089233875
client running:57/59, client loss: 2.13759183883667, loss 1: 1.9026654958724976, loss 2: 0.0023492644540965557
client running:58/59, client loss: 2.0684454441070557, loss 1: 1.8895587921142578, loss 2: 0.0017888671718537807
server loss: tensor([[0.8579, 0.5169, 0.5612, 0.6414, 0.5696, 0.6627, 0.5894, 0.6159],
        [0.6524, 0.8077, 0.5078, 0.5357, 0.4755, 0.6516, 0.5523, 0.5899],
        [0.6508, 0.4621, 0.7992, 0.5903, 0.5452, 0.5414, 0.5447, 0.5874],
        [0.7090, 0.4995, 0.5753, 0.8274, 0.5911, 0.6192, 0.5956, 0.6265],
        [0.6539, 0.4876, 0.5396, 0.6179, 0.8145, 0.6047, 0.5225, 0.5810],
        [0.6870, 0.5254, 0.5443, 0.5672, 0.5580, 0.8700, 0.6434, 0.6097],
        [0.6779, 0.5489, 0.5527, 0.5550, 0.5393, 0.6572, 0.8649, 0.6588],
        [0.6583, 0.4978, 0.5356, 0.5918, 0.5333, 0.6053, 0.5951, 0.9537]],
       device='cuda:0')
client running:0/59, client loss: 2.0980963706970215, loss 1: 1.9019496440887451, loss 2: 0.001961466856300831
client running:1/59, client loss: 2.2168917655944824, loss 1: 1.9226394891738892, loss 2: 0.002942523919045925
client running:2/59, client loss: 2.047100782394409, loss 1: 1.8849202394485474, loss 2: 0.0016218050150200725
client running:3/59, client loss: 2.14086651802063, loss 1: 1.886418104171753, loss 2: 0.002544483868405223
client running:4/59, client loss: 2.118046760559082, loss 1: 1.910483479499817, loss 2: 0.002075632568448782
client running:5/59, client loss: 2.1824119091033936, loss 1: 1.900564432144165, loss 2: 0.0028184750117361546
client running:6/59, client loss: 2.1419217586517334, loss 1: 1.9056620597839355, loss 2: 0.0023625968024134636
client running:7/59, client loss: 2.0757126808166504, loss 1: 1.906508445739746, loss 2: 0.001692041289061308
client running:8/59, client loss: 2.1186444759368896, loss 1: 1.8887825012207031, loss 2: 0.002298619830980897
client running:9/59, client loss: 2.0654497146606445, loss 1: 1.8819173574447632, loss 2: 0.00183532340452075
client running:10/59, client loss: 2.181490182876587, loss 1: 1.8889827728271484, loss 2: 0.002925073727965355
client running:11/59, client loss: 2.09259295463562, loss 1: 1.9103004932403564, loss 2: 0.0018229240085929632
client running:12/59, client loss: 2.1798534393310547, loss 1: 1.8735222816467285, loss 2: 0.0030633127316832542
client running:13/59, client loss: 2.159729480743408, loss 1: 1.8848350048065186, loss 2: 0.0027489440981298685
client running:14/59, client loss: 2.0117220878601074, loss 1: 1.8723467588424683, loss 2: 0.0013937538024038076
client running:15/59, client loss: 2.0428688526153564, loss 1: 1.8856068849563599, loss 2: 0.0015726190758869052
client running:16/59, client loss: 2.0885231494903564, loss 1: 1.9056973457336426, loss 2: 0.001828257692977786
client running:17/59, client loss: 2.0803205966949463, loss 1: 1.9036283493041992, loss 2: 0.001766922534443438
client running:18/59, client loss: 2.0773732662200928, loss 1: 1.8857954740524292, loss 2: 0.0019157783826813102
client running:19/59, client loss: 2.1177680492401123, loss 1: 1.8906515836715698, loss 2: 0.0022711639758199453
client running:20/59, client loss: 2.0341060161590576, loss 1: 1.87444269657135, loss 2: 0.0015966335777193308
client running:21/59, client loss: 2.1469056606292725, loss 1: 1.9077732563018799, loss 2: 0.0023913246113806963
client running:22/59, client loss: 2.131286144256592, loss 1: 1.877704381942749, loss 2: 0.0025358169805258512
client running:23/59, client loss: 2.0290451049804688, loss 1: 1.8800902366638184, loss 2: 0.0014895482454448938
client running:24/59, client loss: 2.1004762649536133, loss 1: 1.8905315399169922, loss 2: 0.002099448349326849
client running:25/59, client loss: 2.059483528137207, loss 1: 1.8769292831420898, loss 2: 0.0018255426548421383
client running:26/59, client loss: 2.050027847290039, loss 1: 1.8987040519714355, loss 2: 0.001513238763436675
client running:27/59, client loss: 2.0894577503204346, loss 1: 1.9157606363296509, loss 2: 0.0017369717825204134
client running:28/59, client loss: 2.136596918106079, loss 1: 1.927731990814209, loss 2: 0.002088649198412895
client running:29/59, client loss: 2.114511489868164, loss 1: 1.9000178575515747, loss 2: 0.002144936006516218
client running:30/59, client loss: 2.156561851501465, loss 1: 1.8824294805526733, loss 2: 0.002741324482485652
client running:31/59, client loss: 2.1082358360290527, loss 1: 1.89644455909729, loss 2: 0.002117911819368601
client running:32/59, client loss: 2.1468465328216553, loss 1: 1.8547983169555664, loss 2: 0.0029204823076725006
client running:33/59, client loss: 2.0684988498687744, loss 1: 1.8659778833389282, loss 2: 0.0020252091344445944
client running:34/59, client loss: 2.0848071575164795, loss 1: 1.866255521774292, loss 2: 0.002185516059398651
client running:35/59, client loss: 2.1225833892822266, loss 1: 1.899480938911438, loss 2: 0.0022310232743620872
client running:36/59, client loss: 2.0645134449005127, loss 1: 1.8716795444488525, loss 2: 0.0019283379660919309
client running:37/59, client loss: 2.0584495067596436, loss 1: 1.9182028770446777, loss 2: 0.0014024667907506227
client running:38/59, client loss: 2.0205113887786865, loss 1: 1.8796172142028809, loss 2: 0.0014089426258578897
client running:39/59, client loss: 2.096898317337036, loss 1: 1.9283030033111572, loss 2: 0.0016859532333910465
client running:40/59, client loss: 2.100846767425537, loss 1: 1.8900387287139893, loss 2: 0.0021080796141177416
client running:41/59, client loss: 2.0484132766723633, loss 1: 1.8940322399139404, loss 2: 0.001543810940347612
client running:42/59, client loss: 2.059476852416992, loss 1: 1.8878092765808105, loss 2: 0.0017166752368211746
client running:43/59, client loss: 2.087250232696533, loss 1: 1.8952617645263672, loss 2: 0.0019198848167434335
client running:44/59, client loss: 1.9985215663909912, loss 1: 1.8870198726654053, loss 2: 0.0011150165228173137
client running:45/59, client loss: 2.041598081588745, loss 1: 1.870410442352295, loss 2: 0.0017118756659328938
client running:46/59, client loss: 2.083395004272461, loss 1: 1.9086546897888184, loss 2: 0.0017474042251706123
client running:47/59, client loss: 2.0468108654022217, loss 1: 1.8969529867172241, loss 2: 0.0014985792804509401
client running:48/59, client loss: 1.9927167892456055, loss 1: 1.8563895225524902, loss 2: 0.001363273011520505
client running:49/59, client loss: 2.1891698837280273, loss 1: 1.8832619190216064, loss 2: 0.003059079172089696
client running:50/59, client loss: 2.0255489349365234, loss 1: 1.895713210105896, loss 2: 0.0012983583146706223
client running:51/59, client loss: 2.0304317474365234, loss 1: 1.9117566347122192, loss 2: 0.0011867512948811054
client running:52/59, client loss: 2.0870885848999023, loss 1: 1.9124172925949097, loss 2: 0.0017467139987275004
client running:53/59, client loss: 2.0894994735717773, loss 1: 1.9128135442733765, loss 2: 0.0017668588552623987
client running:54/59, client loss: 2.017430067062378, loss 1: 1.8590301275253296, loss 2: 0.0015839985571801662
client running:55/59, client loss: 2.133436441421509, loss 1: 1.8848936557769775, loss 2: 0.002485428936779499
client running:56/59, client loss: 2.110391139984131, loss 1: 1.8856003284454346, loss 2: 0.002247908152639866
client running:57/59, client loss: 1.9971840381622314, loss 1: 1.8908677101135254, loss 2: 0.0010631636250764132
client running:58/59, client loss: 2.004884719848633, loss 1: 1.8739111423492432, loss 2: 0.001309736748225987
server loss: tensor([[0.6983, 0.6210, 0.5934, 0.5515, 0.5942, 0.6401, 0.6209, 0.6093],
        [0.4484, 0.8814, 0.5752, 0.5216, 0.5936, 0.5610, 0.6131, 0.6486],
        [0.4648, 0.7131, 0.8958, 0.5456, 0.6300, 0.5534, 0.6247, 0.6626],
        [0.5389, 0.6630, 0.5633, 0.8557, 0.6151, 0.6227, 0.6308, 0.6157],
        [0.4954, 0.6809, 0.5699, 0.5321, 0.9597, 0.5272, 0.6397, 0.5906],
        [0.4741, 0.5935, 0.5471, 0.4940, 0.5204, 0.8029, 0.6217, 0.5907],
        [0.4801, 0.7025, 0.5632, 0.5539, 0.6303, 0.6159, 0.9428, 0.6799],
        [0.4800, 0.7347, 0.5862, 0.5188, 0.5966, 0.5480, 0.6725, 0.8910]],
       device='cuda:0')
client running:0/59, client loss: 2.116396427154541, loss 1: 1.8974801301956177, loss 2: 0.0021891631186008453
client running:1/59, client loss: 2.212411642074585, loss 1: 1.8927394151687622, loss 2: 0.0031967228278517723
client running:2/59, client loss: 2.2597129344940186, loss 1: 1.9134304523468018, loss 2: 0.003462825436145067
client running:3/59, client loss: 2.189694881439209, loss 1: 1.90274977684021, loss 2: 0.002869450720027089
client running:4/59, client loss: 2.0762314796447754, loss 1: 1.895551085472107, loss 2: 0.0018068045610561967
client running:5/59, client loss: 2.1667943000793457, loss 1: 1.8647738695144653, loss 2: 0.003020204370841384
client running:6/59, client loss: 2.0798327922821045, loss 1: 1.8906984329223633, loss 2: 0.001891343854367733
client running:7/59, client loss: 2.069793224334717, loss 1: 1.886528730392456, loss 2: 0.0018326451536267996
client running:8/59, client loss: 2.1104605197906494, loss 1: 1.8944025039672852, loss 2: 0.002160580363124609
client running:9/59, client loss: 2.108604669570923, loss 1: 1.8804398775100708, loss 2: 0.0022816481068730354
client running:10/59, client loss: 2.061410903930664, loss 1: 1.8651933670043945, loss 2: 0.0019621748942881823
client running:11/59, client loss: 2.0987472534179688, loss 1: 1.907698392868042, loss 2: 0.0019104898674413562
client running:12/59, client loss: 2.085204601287842, loss 1: 1.9198553562164307, loss 2: 0.0016534932656213641
client running:13/59, client loss: 2.1439828872680664, loss 1: 1.907530665397644, loss 2: 0.0023645232431590557
client running:14/59, client loss: 2.1057040691375732, loss 1: 1.898688554763794, loss 2: 0.002070155693218112
client running:15/59, client loss: 2.0978400707244873, loss 1: 1.8875346183776855, loss 2: 0.0021030553616583347
client running:16/59, client loss: 2.2338759899139404, loss 1: 1.9505932331085205, loss 2: 0.0028328269254416227
client running:17/59, client loss: 2.117522716522217, loss 1: 1.896552324295044, loss 2: 0.002209703903645277
client running:18/59, client loss: 2.125194787979126, loss 1: 1.8999119997024536, loss 2: 0.002252827398478985
client running:19/59, client loss: 2.1442277431488037, loss 1: 1.9067195653915405, loss 2: 0.002375081880018115
client running:20/59, client loss: 2.1133885383605957, loss 1: 1.8705463409423828, loss 2: 0.002428422449156642
client running:21/59, client loss: 2.0521299839019775, loss 1: 1.9042963981628418, loss 2: 0.0014783355873078108
client running:22/59, client loss: 2.047788143157959, loss 1: 1.869710087776184, loss 2: 0.001780779450200498
client running:23/59, client loss: 2.1031413078308105, loss 1: 1.9046155214309692, loss 2: 0.001985257025808096
client running:24/59, client loss: 2.087616205215454, loss 1: 1.8923008441925049, loss 2: 0.0019531534053385258
client running:25/59, client loss: 2.1518476009368896, loss 1: 1.8935644626617432, loss 2: 0.00258283200673759
client running:26/59, client loss: 2.0644164085388184, loss 1: 1.8894562721252441, loss 2: 0.0017496004002168775
client running:27/59, client loss: 2.099952459335327, loss 1: 1.9055969715118408, loss 2: 0.0019435539143159986
client running:28/59, client loss: 2.1125478744506836, loss 1: 1.8904378414154053, loss 2: 0.002221100265160203
client running:29/59, client loss: 2.1156656742095947, loss 1: 1.9122960567474365, loss 2: 0.0020336960442364216
client running:30/59, client loss: 2.057900905609131, loss 1: 1.8807071447372437, loss 2: 0.0017719374736770988
client running:31/59, client loss: 2.0419187545776367, loss 1: 1.8706557750701904, loss 2: 0.0017126299208030105
client running:32/59, client loss: 2.02900767326355, loss 1: 1.8816148042678833, loss 2: 0.0014739277539774776
client running:33/59, client loss: 2.100982427597046, loss 1: 1.9035615921020508, loss 2: 0.001974207814782858
client running:34/59, client loss: 2.0568606853485107, loss 1: 1.8952466249465942, loss 2: 0.0016161397797986865
client running:35/59, client loss: 2.0247867107391357, loss 1: 1.881424903869629, loss 2: 0.0014336187159642577
client running:36/59, client loss: 2.1099772453308105, loss 1: 1.8632582426071167, loss 2: 0.002467188984155655
client running:37/59, client loss: 2.0758440494537354, loss 1: 1.893909215927124, loss 2: 0.0018193472642451525
client running:38/59, client loss: 2.113431692123413, loss 1: 1.8996875286102295, loss 2: 0.002137440722435713
client running:39/59, client loss: 2.188065767288208, loss 1: 1.8795275688171387, loss 2: 0.003085382981225848
client running:40/59, client loss: 2.0802900791168213, loss 1: 1.8949105739593506, loss 2: 0.0018537953728809953
client running:41/59, client loss: 2.10642409324646, loss 1: 1.9043912887573242, loss 2: 0.0020203273743391037
client running:42/59, client loss: 2.029606819152832, loss 1: 1.8829305171966553, loss 2: 0.0014667625073343515
client running:43/59, client loss: 2.041013717651367, loss 1: 1.8834364414215088, loss 2: 0.001575771952047944
client running:44/59, client loss: 2.085221290588379, loss 1: 1.8783161640167236, loss 2: 0.0020690509118139744
client running:45/59, client loss: 2.1031737327575684, loss 1: 1.8981391191482544, loss 2: 0.0020503464620560408
client running:46/59, client loss: 1.998214602470398, loss 1: 1.875422716140747, loss 2: 0.001227918895892799
client running:47/59, client loss: 2.042726755142212, loss 1: 1.877332329750061, loss 2: 0.0016539448406547308
client running:48/59, client loss: 2.0255985260009766, loss 1: 1.8747073411941528, loss 2: 0.001508912886492908
client running:49/59, client loss: 2.0169875621795654, loss 1: 1.905699610710144, loss 2: 0.001112880650907755
client running:50/59, client loss: 2.041203022003174, loss 1: 1.84926176071167, loss 2: 0.0019194113556295633
client running:51/59, client loss: 2.0606722831726074, loss 1: 1.8939050436019897, loss 2: 0.001667672535404563
client running:52/59, client loss: 2.070955276489258, loss 1: 1.900738000869751, loss 2: 0.0017021730309352279
client running:53/59, client loss: 2.036219835281372, loss 1: 1.8991832733154297, loss 2: 0.0013703664299100637
client running:54/59, client loss: 2.128801107406616, loss 1: 1.8930212259292603, loss 2: 0.0023577981628477573
client running:55/59, client loss: 2.011941432952881, loss 1: 1.8857357501983643, loss 2: 0.0012620575726032257
client running:56/59, client loss: 2.028473377227783, loss 1: 1.8997960090637207, loss 2: 0.0012867728946730494
client running:57/59, client loss: 1.9977359771728516, loss 1: 1.8665032386779785, loss 2: 0.0013123273383826017
client running:58/59, client loss: 2.0094921588897705, loss 1: 1.889021635055542, loss 2: 0.0012047045165672898
server loss: tensor([[0.8326, 0.5138, 0.5060, 0.4911, 0.7112, 0.5886, 0.6148, 0.5802],
        [0.5496, 0.8662, 0.5910, 0.5568, 0.6043, 0.6390, 0.6627, 0.5777],
        [0.6096, 0.6022, 0.8694, 0.6390, 0.6151, 0.5963, 0.6712, 0.5940],
        [0.5947, 0.5749, 0.6300, 0.8270, 0.6250, 0.5903, 0.6856, 0.6323],
        [0.7227, 0.5366, 0.5298, 0.5333, 0.9282, 0.6244, 0.6437, 0.6121],
        [0.5477, 0.5617, 0.4876, 0.5242, 0.6195, 0.7895, 0.6872, 0.5458],
        [0.5717, 0.5967, 0.5745, 0.5497, 0.6177, 0.6537, 0.9138, 0.5913],
        [0.6575, 0.5506, 0.5010, 0.5436, 0.6834, 0.5940, 0.6531, 0.7900]],
       device='cuda:0')
client running:0/59, client loss: 2.197479724884033, loss 1: 1.9292126893997192, loss 2: 0.002682671183720231
client running:1/59, client loss: 2.2717220783233643, loss 1: 1.9109728336334229, loss 2: 0.00360749289393425
client running:2/59, client loss: 2.1275408267974854, loss 1: 1.9175739288330078, loss 2: 0.0020996700040996075
client running:3/59, client loss: 2.105844259262085, loss 1: 1.918459177017212, loss 2: 0.0018738508224487305
client running:4/59, client loss: 2.077775239944458, loss 1: 1.8930021524429321, loss 2: 0.0018477309495210648
client running:5/59, client loss: 2.1485824584960938, loss 1: 1.8590887784957886, loss 2: 0.0028949370607733727
client running:6/59, client loss: 2.1283493041992188, loss 1: 1.8990354537963867, loss 2: 0.0022931392304599285
client running:7/59, client loss: 2.0944011211395264, loss 1: 1.867213487625122, loss 2: 0.002271875739097595
client running:8/59, client loss: 2.0718958377838135, loss 1: 1.9082129001617432, loss 2: 0.0016368294600397348
client running:9/59, client loss: 2.1265203952789307, loss 1: 1.8603233098983765, loss 2: 0.0026619709096848965
client running:10/59, client loss: 2.0935070514678955, loss 1: 1.8903859853744507, loss 2: 0.0020312101114541292
client running:11/59, client loss: 2.0243263244628906, loss 1: 1.8784984350204468, loss 2: 0.0014582790900021791
client running:12/59, client loss: 2.0980730056762695, loss 1: 1.9187577962875366, loss 2: 0.001793151255697012
client running:13/59, client loss: 2.113546371459961, loss 1: 1.8954049348831177, loss 2: 0.002181415446102619
client running:14/59, client loss: 2.044025182723999, loss 1: 1.8814189434051514, loss 2: 0.0016260631382465363
client running:15/59, client loss: 2.097538948059082, loss 1: 1.9074523448944092, loss 2: 0.0019008662784472108
client running:16/59, client loss: 2.147620439529419, loss 1: 1.8892067670822144, loss 2: 0.0025841370224952698
client running:17/59, client loss: 2.050631046295166, loss 1: 1.8982630968093872, loss 2: 0.001523678656667471
client running:18/59, client loss: 2.1798174381256104, loss 1: 1.881407618522644, loss 2: 0.0029840990900993347
client running:19/59, client loss: 2.189605474472046, loss 1: 1.917202353477478, loss 2: 0.0027240319177508354
client running:20/59, client loss: 2.084900140762329, loss 1: 1.907660961151123, loss 2: 0.001772392774000764
client running:21/59, client loss: 2.164761543273926, loss 1: 1.8938965797424316, loss 2: 0.002708648331463337
client running:22/59, client loss: 2.1352429389953613, loss 1: 1.8737924098968506, loss 2: 0.002614505821838975
client running:23/59, client loss: 2.0681514739990234, loss 1: 1.8915417194366455, loss 2: 0.001766097149811685
client running:24/59, client loss: 2.0231642723083496, loss 1: 1.8867532014846802, loss 2: 0.001364110503345728
client running:25/59, client loss: 2.092744827270508, loss 1: 1.894340991973877, loss 2: 0.001984039321541786
client running:26/59, client loss: 2.1237375736236572, loss 1: 1.8827416896820068, loss 2: 0.0024099592119455338
client running:27/59, client loss: 2.0856897830963135, loss 1: 1.9006019830703735, loss 2: 0.0018508781213313341
client running:28/59, client loss: 2.146954298019409, loss 1: 1.8581186532974243, loss 2: 0.0028883563354611397
client running:29/59, client loss: 2.0769758224487305, loss 1: 1.8889967203140259, loss 2: 0.0018797917291522026
client running:30/59, client loss: 2.1926357746124268, loss 1: 1.9079185724258423, loss 2: 0.002847172785550356
client running:31/59, client loss: 2.0654354095458984, loss 1: 1.8722946643829346, loss 2: 0.001931407954543829
client running:32/59, client loss: 2.125284194946289, loss 1: 1.881195306777954, loss 2: 0.002440888434648514
client running:33/59, client loss: 2.097134828567505, loss 1: 1.893651008605957, loss 2: 0.002034837147220969
client running:34/59, client loss: 2.086571455001831, loss 1: 1.9248138666152954, loss 2: 0.0016175761120393872
client running:35/59, client loss: 2.047487497329712, loss 1: 1.858237624168396, loss 2: 0.001892499509267509
client running:36/59, client loss: 2.1189117431640625, loss 1: 1.9211838245391846, loss 2: 0.0019772781524807215
client running:37/59, client loss: 2.0595591068267822, loss 1: 1.8755722045898438, loss 2: 0.0018398689571768045
client running:38/59, client loss: 2.0934481620788574, loss 1: 1.8824176788330078, loss 2: 0.0021103047765791416
client running:39/59, client loss: 2.0867807865142822, loss 1: 1.9243725538253784, loss 2: 0.0016240822151303291
client running:40/59, client loss: 1.9910786151885986, loss 1: 1.8715463876724243, loss 2: 0.001195322722196579
client running:41/59, client loss: 2.15514874458313, loss 1: 1.9103403091430664, loss 2: 0.002448083832859993
client running:42/59, client loss: 2.03902530670166, loss 1: 1.882386565208435, loss 2: 0.0015663874801248312
client running:43/59, client loss: 2.014003038406372, loss 1: 1.879775047302246, loss 2: 0.0013422796037048101
client running:44/59, client loss: 2.002357244491577, loss 1: 1.874197006225586, loss 2: 0.0012816023081541061
client running:45/59, client loss: 2.027287483215332, loss 1: 1.8963325023651123, loss 2: 0.0013095492031425238
client running:46/59, client loss: 2.0153369903564453, loss 1: 1.8735125064849854, loss 2: 0.0014182456070557237
client running:47/59, client loss: 1.9875198602676392, loss 1: 1.885566234588623, loss 2: 0.0010195360518991947
client running:48/59, client loss: 2.1130690574645996, loss 1: 1.924911618232727, loss 2: 0.0018815738148987293
client running:49/59, client loss: 2.0876474380493164, loss 1: 1.8964574337005615, loss 2: 0.0019119007047265768
client running:50/59, client loss: 2.0288496017456055, loss 1: 1.8654375076293945, loss 2: 0.0016341217560693622
client running:51/59, client loss: 2.0672316551208496, loss 1: 1.9040985107421875, loss 2: 0.0016313318628817797
client running:52/59, client loss: 2.03316068649292, loss 1: 1.878591775894165, loss 2: 0.0015456884866580367
client running:53/59, client loss: 2.037982702255249, loss 1: 1.8778045177459717, loss 2: 0.0016017807647585869
client running:54/59, client loss: 1.9957990646362305, loss 1: 1.9116719961166382, loss 2: 0.0008412710158154368
client running:55/59, client loss: 2.0526137351989746, loss 1: 1.909345030784607, loss 2: 0.0014326865784823895
client running:56/59, client loss: 2.1283140182495117, loss 1: 1.9077261686325073, loss 2: 0.0022058794274926186
client running:57/59, client loss: 2.147153615951538, loss 1: 1.8792974948883057, loss 2: 0.0026785621885210276
client running:58/59, client loss: 2.064161777496338, loss 1: 1.8864463567733765, loss 2: 0.0017771533457562327
server loss: tensor([[0.8815, 0.4890, 0.4628, 0.5804, 0.5340, 0.5713, 0.5855, 0.5248],
        [0.5239, 0.7521, 0.4937, 0.6224, 0.4991, 0.6825, 0.6643, 0.5602],
        [0.6107, 0.4759, 0.6884, 0.6219, 0.5750, 0.6787, 0.7259, 0.5512],
        [0.6133, 0.5396, 0.5083, 0.9051, 0.6173, 0.7410, 0.7076, 0.5781],
        [0.5673, 0.4861, 0.4860, 0.6515, 0.8611, 0.6900, 0.6776, 0.5541],
        [0.4944, 0.4484, 0.4335, 0.5888, 0.5190, 0.8708, 0.6236, 0.5105],
        [0.5850, 0.5271, 0.4990, 0.6102, 0.5841, 0.7157, 0.8803, 0.5368],
        [0.5792, 0.4700, 0.4769, 0.6185, 0.5138, 0.6729, 0.6582, 0.8505]],
       device='cuda:0')
client running:0/59, client loss: 2.140850067138672, loss 1: 1.8817983865737915, loss 2: 0.002590515650808811
client running:1/59, client loss: 2.1314480304718018, loss 1: 1.8756434917449951, loss 2: 0.0025580457877367735
client running:2/59, client loss: 2.162715196609497, loss 1: 1.8973238468170166, loss 2: 0.0026539131067693233
client running:3/59, client loss: 2.104576826095581, loss 1: 1.8607029914855957, loss 2: 0.0024387373123317957
client running:4/59, client loss: 2.0803756713867188, loss 1: 1.89580500125885, loss 2: 0.001845706021413207
client running:5/59, client loss: 2.1611554622650146, loss 1: 1.8902106285095215, loss 2: 0.0027094478718936443
client running:6/59, client loss: 2.1656453609466553, loss 1: 1.9017583131790161, loss 2: 0.0026388713158667088
client running:7/59, client loss: 2.105940818786621, loss 1: 1.8715652227401733, loss 2: 0.0023437568452209234
client running:8/59, client loss: 2.123528242111206, loss 1: 1.9063801765441895, loss 2: 0.0021714805625379086
client running:9/59, client loss: 2.1650776863098145, loss 1: 1.8852598667144775, loss 2: 0.002798178233206272
client running:10/59, client loss: 2.187119960784912, loss 1: 1.868265151977539, loss 2: 0.0031885479111224413
client running:11/59, client loss: 2.128753423690796, loss 1: 1.9003627300262451, loss 2: 0.0022839067969471216
client running:12/59, client loss: 2.0635032653808594, loss 1: 1.8672165870666504, loss 2: 0.0019628668669611216
client running:13/59, client loss: 2.049551486968994, loss 1: 1.9056408405303955, loss 2: 0.001439106767065823
client running:14/59, client loss: 2.0500144958496094, loss 1: 1.8819254636764526, loss 2: 0.001680890447460115
client running:15/59, client loss: 2.0269765853881836, loss 1: 1.8709242343902588, loss 2: 0.0015605238731950521
client running:16/59, client loss: 2.1671130657196045, loss 1: 1.9059627056121826, loss 2: 0.0026115041691809893
client running:17/59, client loss: 2.080993413925171, loss 1: 1.8844279050827026, loss 2: 0.001965654082596302
client running:18/59, client loss: 2.072930335998535, loss 1: 1.906388759613037, loss 2: 0.0016654151258990169
client running:19/59, client loss: 2.073645830154419, loss 1: 1.871185302734375, loss 2: 0.0020246042404323816
client running:20/59, client loss: 2.1048712730407715, loss 1: 1.8953063488006592, loss 2: 0.002095648553222418
client running:21/59, client loss: 2.0143771171569824, loss 1: 1.8907248973846436, loss 2: 0.0012365226866677403
client running:22/59, client loss: 2.100003957748413, loss 1: 1.9153035879135132, loss 2: 0.00184700358659029
client running:23/59, client loss: 2.2052395343780518, loss 1: 1.9545345306396484, loss 2: 0.0025070509873330593
client running:24/59, client loss: 2.0677382946014404, loss 1: 1.907205581665039, loss 2: 0.0016053273575380445
client running:25/59, client loss: 2.045189619064331, loss 1: 1.895278811454773, loss 2: 0.001499108737334609
client running:26/59, client loss: 2.119171619415283, loss 1: 1.8761663436889648, loss 2: 0.002430052263662219
client running:27/59, client loss: 2.0829665660858154, loss 1: 1.9027425050735474, loss 2: 0.00180224166251719
client running:28/59, client loss: 2.0664496421813965, loss 1: 1.9288240671157837, loss 2: 0.0013762565795332193
client running:29/59, client loss: 2.0186846256256104, loss 1: 1.8975114822387695, loss 2: 0.001211731694638729
client running:30/59, client loss: 2.09151554107666, loss 1: 1.8895128965377808, loss 2: 0.0020200256258249283
client running:31/59, client loss: 2.06256365776062, loss 1: 1.8694653511047363, loss 2: 0.0019309838535264134
client running:32/59, client loss: 2.0393197536468506, loss 1: 1.8776156902313232, loss 2: 0.0016170400194823742
client running:33/59, client loss: 2.015951633453369, loss 1: 1.8972961902618408, loss 2: 0.001186555135063827
client running:34/59, client loss: 2.0574746131896973, loss 1: 1.888974666595459, loss 2: 0.0016849985113367438
client running:35/59, client loss: 2.086451530456543, loss 1: 1.8910173177719116, loss 2: 0.0019543427042663097
client running:36/59, client loss: 2.082881450653076, loss 1: 1.9165135622024536, loss 2: 0.00166367890778929
client running:37/59, client loss: 2.072748899459839, loss 1: 1.878821849822998, loss 2: 0.0019392708782106638
client running:38/59, client loss: 2.0865530967712402, loss 1: 1.8786014318466187, loss 2: 0.002079516649246216
client running:39/59, client loss: 2.0922093391418457, loss 1: 1.9280884265899658, loss 2: 0.0016412092372775078
client running:40/59, client loss: 2.075140953063965, loss 1: 1.9033716917037964, loss 2: 0.0017176924739032984
client running:41/59, client loss: 2.0728721618652344, loss 1: 1.9113143682479858, loss 2: 0.0016155785415321589
client running:42/59, client loss: 2.018331527709961, loss 1: 1.898092269897461, loss 2: 0.0012023927411064506
client running:43/59, client loss: 2.0928831100463867, loss 1: 1.8972381353378296, loss 2: 0.0019564495887607336
client running:44/59, client loss: 2.0007312297821045, loss 1: 1.8828606605529785, loss 2: 0.0011787062976509333
client running:45/59, client loss: 2.0689821243286133, loss 1: 1.9138336181640625, loss 2: 0.0015514863189309835
client running:46/59, client loss: 2.142500638961792, loss 1: 1.9102741479873657, loss 2: 0.0023222651798278093
client running:47/59, client loss: 2.0016472339630127, loss 1: 1.8968112468719482, loss 2: 0.0010483595542609692
client running:48/59, client loss: 2.022451162338257, loss 1: 1.89718759059906, loss 2: 0.0012526358477771282
client running:49/59, client loss: 2.016408681869507, loss 1: 1.9142305850982666, loss 2: 0.00102178193628788
client running:50/59, client loss: 2.0560686588287354, loss 1: 1.913163423538208, loss 2: 0.0014290515100583434
client running:51/59, client loss: 2.156057119369507, loss 1: 1.8838653564453125, loss 2: 0.00272191665135324
client running:52/59, client loss: 2.107111692428589, loss 1: 1.8913650512695312, loss 2: 0.002157467184588313
client running:53/59, client loss: 2.05446195602417, loss 1: 1.8888154029846191, loss 2: 0.001656464533880353
client running:54/59, client loss: 2.1181387901306152, loss 1: 1.8894927501678467, loss 2: 0.0022864602506160736
client running:55/59, client loss: 2.0207865238189697, loss 1: 1.8724807500839233, loss 2: 0.0014830584404990077
client running:56/59, client loss: 2.054957866668701, loss 1: 1.8894751071929932, loss 2: 0.0016548270359635353
client running:57/59, client loss: 2.0229721069335938, loss 1: 1.8937835693359375, loss 2: 0.0012918843422085047
client running:58/59, client loss: 2.013573169708252, loss 1: 1.8765963315963745, loss 2: 0.0013697685208171606
server loss: tensor([[0.9188, 0.5473, 0.5353, 0.4781, 0.6325, 0.5727, 0.6132, 0.5581],
        [0.5580, 0.8472, 0.5149, 0.5441, 0.6629, 0.5271, 0.6236, 0.5827],
        [0.5418, 0.5380, 0.7062, 0.4652, 0.5790, 0.5972, 0.5962, 0.5285],
        [0.5913, 0.6047, 0.4966, 0.7515, 0.6195, 0.5431, 0.5875, 0.5815],
        [0.5655, 0.6056, 0.5184, 0.4753, 0.9236, 0.5621, 0.6734, 0.6164],
        [0.5635, 0.5012, 0.5841, 0.4941, 0.5956, 0.7905, 0.5608, 0.5537],
        [0.6206, 0.5755, 0.5018, 0.4923, 0.6731, 0.5659, 0.9367, 0.6127],
        [0.6068, 0.6179, 0.5351, 0.5386, 0.7404, 0.6304, 0.7079, 0.8562]],
       device='cuda:0')
server average tensor
