!!!!!!!!!!!!!!!client model!!!!!!!!!!!!!!!!!!
<class 'transformers.models.bert.modeling_bert.BertModel'>
!!!!!!!!!!!!!!!client model!!!!!!!!!!!!!!!!!!
<class 'transformers.models.bert.modeling_bert.BertModel'>
!!!!!!!!!!!!!!!client model!!!!!!!!!!!!!!!!!!
<class 'transformers.models.bert.modeling_bert.BertModel'>
!!!!!!!!!!!!!!!client model!!!!!!!!!!!!!!!!!!
<class 'transformers.models.bert.modeling_bert.BertModel'>
!!!!!!!!!!!!!!!client model!!!!!!!!!!!!!!!!!!
<class 'transformers.models.bert.modeling_bert.BertModel'>
<class 'transformers.models.bert.modeling_bert.BertModel'>
client running:0/11, client loss: 2.045941114425659, loss 1: 1.9843087196350098, loss 2: 0.0006163245998322964
client running:1/11, client loss: 2.0448837280273438, loss 1: 1.979555606842041, loss 2: 0.0006532807019539177
client running:2/11, client loss: 2.0837345123291016, loss 1: 1.9954729080200195, loss 2: 0.0008826166158542037
client running:3/11, client loss: 2.0543665885925293, loss 1: 1.9697648286819458, loss 2: 0.0008460166864097118
client running:4/11, client loss: 2.0729308128356934, loss 1: 1.9746828079223633, loss 2: 0.000982479308731854
client running:5/11, client loss: 2.0946803092956543, loss 1: 1.997650384902954, loss 2: 0.0009702986571937799
client running:6/11, client loss: 2.051412582397461, loss 1: 1.9802148342132568, loss 2: 0.0007119763176888227
client running:7/11, client loss: 2.088857650756836, loss 1: 1.9806771278381348, loss 2: 0.0010818049777299166
client running:8/11, client loss: 2.0452427864074707, loss 1: 1.9698171615600586, loss 2: 0.0007542557432316244
client running:9/11, client loss: 2.0510501861572266, loss 1: 1.9725916385650635, loss 2: 0.0007845860673114657
client running:10/11, client loss: 2.0457446575164795, loss 1: 1.9741324186325073, loss 2: 0.0007161232060752809
server loss: tensor([[0.8593, 0.7349, 0.7412, 0.7555, 0.7493, 0.7442, 0.7168, 0.7228],
        [0.6894, 0.9166, 0.7415, 0.7314, 0.7279, 0.7132, 0.6998, 0.7495],
        [0.7731, 0.7231, 0.8608, 0.7179, 0.7858, 0.8088, 0.8071, 0.7569],
        [0.7690, 0.7450, 0.7417, 0.8920, 0.7620, 0.7731, 0.7479, 0.7438],
        [0.7732, 0.7184, 0.7665, 0.7622, 0.9495, 0.8147, 0.7813, 0.7589],
        [0.7732, 0.7173, 0.7852, 0.7500, 0.8292, 0.9218, 0.7727, 0.7579],
        [0.7399, 0.6884, 0.7545, 0.6828, 0.7493, 0.7528, 0.8634, 0.7196],
        [0.7219, 0.7444, 0.7340, 0.7365, 0.7524, 0.7498, 0.7420, 0.8708]],
       device='cuda:0')
client running:0/16, client loss: 2.072979211807251, loss 1: 1.9929614067077637, loss 2: 0.0008001769310794771
client running:1/16, client loss: 2.059725761413574, loss 1: 1.9870854616165161, loss 2: 0.0007264033192768693
client running:2/16, client loss: 2.045095682144165, loss 1: 1.9781897068023682, loss 2: 0.0006690603331662714
client running:3/16, client loss: 2.078364133834839, loss 1: 1.9775358438491821, loss 2: 0.001008283463306725
client running:4/16, client loss: 2.0898122787475586, loss 1: 2.0015156269073486, loss 2: 0.0008829676080495119
client running:5/16, client loss: 2.057539939880371, loss 1: 1.9817731380462646, loss 2: 0.0007576680509373546
client running:6/16, client loss: 2.058337926864624, loss 1: 1.9845105409622192, loss 2: 0.0007382748881354928
client running:7/16, client loss: 2.068221092224121, loss 1: 1.9757205247879028, loss 2: 0.0009250050643458962
client running:8/16, client loss: 2.0737032890319824, loss 1: 1.9956920146942139, loss 2: 0.0007801119354553521
client running:9/16, client loss: 2.0676681995391846, loss 1: 1.9795655012130737, loss 2: 0.0008810264989733696
client running:10/16, client loss: 2.0697405338287354, loss 1: 1.9747929573059082, loss 2: 0.0009494747500866652
client running:11/16, client loss: 2.047588586807251, loss 1: 1.971814513206482, loss 2: 0.0007577413343824446
client running:12/16, client loss: 2.07997727394104, loss 1: 1.9774842262268066, loss 2: 0.0010249314364045858
client running:13/16, client loss: 2.0887343883514404, loss 1: 1.986972451210022, loss 2: 0.0010176196228712797
client running:14/16, client loss: 2.035842180252075, loss 1: 1.9661903381347656, loss 2: 0.0006965195061638951
client running:15/16, client loss: 2.07023549079895, loss 1: 1.9893791675567627, loss 2: 0.0008085642475634813
server loss: tensor([[0.9015, 0.7316, 0.6747, 0.7143, 0.6856, 0.6733, 0.7416, 0.7168],
        [0.7513, 0.8686, 0.7470, 0.7299, 0.8180, 0.8037, 0.7265, 0.7728],
        [0.7143, 0.7656, 0.8948, 0.7423, 0.7638, 0.7876, 0.7010, 0.7766],
        [0.7491, 0.7485, 0.7934, 0.8805, 0.7376, 0.7289, 0.7562, 0.7753],
        [0.7138, 0.7734, 0.7628, 0.7244, 0.8626, 0.8035, 0.7203, 0.7897],
        [0.6957, 0.7894, 0.7673, 0.7226, 0.8047, 0.8818, 0.6972, 0.7692],
        [0.7498, 0.7263, 0.6975, 0.7159, 0.6866, 0.7083, 0.7733, 0.7397],
        [0.7013, 0.7282, 0.7559, 0.7382, 0.7330, 0.7480, 0.6964, 0.8939]],
       device='cuda:0')
client running:0/22, client loss: 2.065084934234619, loss 1: 1.9817363023757935, loss 2: 0.0008334863232448697
client running:1/22, client loss: 2.0696699619293213, loss 1: 2.000379800796509, loss 2: 0.000692902016453445
client running:2/22, client loss: 2.0652835369110107, loss 1: 2.011423349380493, loss 2: 0.0005386021221056581
client running:3/22, client loss: 2.060587167739868, loss 1: 1.990815281867981, loss 2: 0.0006977194570936263
client running:4/22, client loss: 2.0607073307037354, loss 1: 1.9798251390457153, loss 2: 0.0008088210597634315
client running:5/22, client loss: 2.0592422485351562, loss 1: 1.9901208877563477, loss 2: 0.0006912139942869544
client running:6/22, client loss: 2.0717687606811523, loss 1: 1.9925131797790527, loss 2: 0.0007925558602437377
client running:7/22, client loss: 2.0610058307647705, loss 1: 1.9682819843292236, loss 2: 0.0009272382594645023
client running:8/22, client loss: 2.0689635276794434, loss 1: 1.9766565561294556, loss 2: 0.0009230687865056098
client running:9/22, client loss: 2.0852057933807373, loss 1: 1.9884710311889648, loss 2: 0.0009673482272773981
client running:10/22, client loss: 2.086341619491577, loss 1: 1.9864455461502075, loss 2: 0.0009989601094275713
client running:11/22, client loss: 2.0729496479034424, loss 1: 1.983668565750122, loss 2: 0.0008928116294555366
client running:12/22, client loss: 2.081949234008789, loss 1: 1.9856255054473877, loss 2: 0.0009632360888645053
client running:13/22, client loss: 2.068066358566284, loss 1: 1.9993066787719727, loss 2: 0.0006875962135381997
client running:14/22, client loss: 2.0763044357299805, loss 1: 1.9831149578094482, loss 2: 0.0009318935917690396
client running:15/22, client loss: 2.0524630546569824, loss 1: 1.9809305667877197, loss 2: 0.0007153236656449735
client running:16/22, client loss: 2.048539876937866, loss 1: 1.981378436088562, loss 2: 0.0006716136122122407
client running:17/22, client loss: 2.0702788829803467, loss 1: 1.9868258237838745, loss 2: 0.0008345305686816573
client running:18/22, client loss: 2.06877064704895, loss 1: 1.9843225479125977, loss 2: 0.0008444819250144064
client running:19/22, client loss: 2.0624678134918213, loss 1: 1.9744441509246826, loss 2: 0.0008802375523373485
client running:20/22, client loss: 2.057539463043213, loss 1: 2.009122610092163, loss 2: 0.0004841673362534493
client running:21/22, client loss: 2.084963083267212, loss 1: 1.9886245727539062, loss 2: 0.0009633855661377311
server loss: tensor([[0.9043, 0.7903, 0.7370, 0.7258, 0.8626, 0.6971, 0.7821, 0.7116],
        [0.7922, 0.8741, 0.7646, 0.7417, 0.7971, 0.7323, 0.7856, 0.7102],
        [0.7062, 0.7520, 0.8537, 0.7469, 0.7306, 0.7659, 0.7302, 0.7445],
        [0.7127, 0.7175, 0.7057, 0.9077, 0.6986, 0.7218, 0.6880, 0.6681],
        [0.8122, 0.7955, 0.7707, 0.7734, 0.8457, 0.7656, 0.7698, 0.7222],
        [0.6744, 0.7165, 0.7510, 0.7329, 0.7083, 0.8226, 0.7024, 0.6985],
        [0.7683, 0.7514, 0.7082, 0.7030, 0.7952, 0.6964, 0.8480, 0.7413],
        [0.7131, 0.7281, 0.7436, 0.7071, 0.7169, 0.7124, 0.7411, 0.8977]],
       device='cuda:0')
client running:0/16, client loss: 2.057681083679199, loss 1: 1.9688066244125366, loss 2: 0.0008887454168871045
client running:1/16, client loss: 2.094080924987793, loss 1: 1.9905729293823242, loss 2: 0.0010350800585001707
client running:2/16, client loss: 2.0664751529693604, loss 1: 1.9901213645935059, loss 2: 0.0007635379442945123
client running:3/16, client loss: 2.0809507369995117, loss 1: 1.9810140132904053, loss 2: 0.000999366631731391
client running:4/16, client loss: 2.0760486125946045, loss 1: 1.9710443019866943, loss 2: 0.001050043385475874
client running:5/16, client loss: 2.085937738418579, loss 1: 1.976404070854187, loss 2: 0.0010953363962471485
client running:6/16, client loss: 2.064375400543213, loss 1: 1.9831302165985107, loss 2: 0.0008124515879899263
client running:7/16, client loss: 2.0596048831939697, loss 1: 1.9680187702178955, loss 2: 0.0009158606408163905
client running:8/16, client loss: 2.0865187644958496, loss 1: 2.0127830505371094, loss 2: 0.0007373566040769219
client running:9/16, client loss: 2.064397096633911, loss 1: 1.9977281093597412, loss 2: 0.0006666900590062141
client running:10/16, client loss: 2.076847791671753, loss 1: 1.9890464544296265, loss 2: 0.0008780136704444885
client running:11/16, client loss: 2.064558744430542, loss 1: 1.9829349517822266, loss 2: 0.000816237588878721
client running:12/16, client loss: 2.0560426712036133, loss 1: 1.9906889200210571, loss 2: 0.000653537514153868
client running:13/16, client loss: 2.0457067489624023, loss 1: 1.9749001264572144, loss 2: 0.000708067265804857
client running:14/16, client loss: 2.063288927078247, loss 1: 1.979116439819336, loss 2: 0.0008417242206633091
client running:15/16, client loss: 2.091087818145752, loss 1: 2.009166955947876, loss 2: 0.0008192086243070662
server loss: tensor([[0.8077, 0.7538, 0.7591, 0.7875, 0.7549, 0.7798, 0.7706, 0.7711],
        [0.7432, 0.8230, 0.7079, 0.7499, 0.6817, 0.7758, 0.7690, 0.7420],
        [0.7514, 0.7624, 0.8969, 0.7759, 0.7746, 0.7749, 0.7530, 0.8011],
        [0.8123, 0.7934, 0.7782, 0.8788, 0.7371, 0.8225, 0.8065, 0.7953],
        [0.6978, 0.7091, 0.7726, 0.6988, 0.8321, 0.7032, 0.7140, 0.7378],
        [0.8039, 0.8199, 0.7043, 0.7974, 0.7141, 0.8528, 0.8107, 0.8904],
        [0.7631, 0.7769, 0.7104, 0.7883, 0.7030, 0.7656, 0.9082, 0.7576],
        [0.8039, 0.8199, 0.7043, 0.7974, 0.7141, 0.8528, 0.8107, 0.8904]],
       device='cuda:0')
client running:0/50, client loss: 2.068683385848999, loss 1: 1.9614557027816772, loss 2: 0.001072276965714991
client running:1/50, client loss: 2.0878584384918213, loss 1: 2.0038108825683594, loss 2: 0.000840476481243968
client running:2/50, client loss: 2.078646659851074, loss 1: 1.9877763986587524, loss 2: 0.0009087033104151487
client running:3/50, client loss: 2.057457685470581, loss 1: 1.959861159324646, loss 2: 0.000975964532699436
client running:4/50, client loss: 2.058912992477417, loss 1: 1.9916105270385742, loss 2: 0.0006730252644047141
client running:5/50, client loss: 2.0551979541778564, loss 1: 1.9760053157806396, loss 2: 0.0007919259369373322
client running:6/50, client loss: 2.082723617553711, loss 1: 1.9939054250717163, loss 2: 0.0008881830726750195
client running:7/50, client loss: 2.082819700241089, loss 1: 1.9785770177841187, loss 2: 0.0010424270294606686
client running:8/50, client loss: 2.069103956222534, loss 1: 1.986570954322815, loss 2: 0.0008253302657976747
client running:9/50, client loss: 2.056655168533325, loss 1: 1.9708850383758545, loss 2: 0.0008577010594308376
client running:10/50, client loss: 2.0724666118621826, loss 1: 1.992046594619751, loss 2: 0.0008042007102631032
client running:11/50, client loss: 2.0524587631225586, loss 1: 1.9706790447235107, loss 2: 0.0008177979616448283
client running:12/50, client loss: 2.069192886352539, loss 1: 1.9999005794525146, loss 2: 0.0006929229130037129
client running:13/50, client loss: 2.0927035808563232, loss 1: 2.008195161819458, loss 2: 0.0008450840832665563
client running:14/50, client loss: 2.0516293048858643, loss 1: 1.9855214357376099, loss 2: 0.0006610792479477823
client running:15/50, client loss: 2.062769651412964, loss 1: 1.9695125818252563, loss 2: 0.0009325697319582105
client running:16/50, client loss: 2.064809560775757, loss 1: 1.9914547204971313, loss 2: 0.0007335476111620665
client running:17/50, client loss: 2.0743601322174072, loss 1: 1.998084545135498, loss 2: 0.0007627548184245825
client running:18/50, client loss: 2.088568687438965, loss 1: 1.9654326438903809, loss 2: 0.0012313611805438995
client running:19/50, client loss: 2.0732510089874268, loss 1: 1.9868990182876587, loss 2: 0.0008635195554234087
client running:20/50, client loss: 2.0619289875030518, loss 1: 1.989681601524353, loss 2: 0.0007224735454656184
client running:21/50, client loss: 2.068286418914795, loss 1: 1.9900336265563965, loss 2: 0.0007825287175364792
client running:22/50, client loss: 2.0439419746398926, loss 1: 1.9653093814849854, loss 2: 0.0007863263599574566
client running:23/50, client loss: 2.0564117431640625, loss 1: 1.9928747415542603, loss 2: 0.0006353703793138266
client running:24/50, client loss: 2.052316665649414, loss 1: 1.9719750881195068, loss 2: 0.000803415896371007
client running:25/50, client loss: 2.062506675720215, loss 1: 1.9892194271087646, loss 2: 0.0007328719366341829
client running:26/50, client loss: 2.071225643157959, loss 1: 1.9695662260055542, loss 2: 0.0010165954008698463
client running:27/50, client loss: 2.056673049926758, loss 1: 1.9927599430084229, loss 2: 0.000639132282231003
client running:28/50, client loss: 2.094034194946289, loss 1: 1.9789804220199585, loss 2: 0.0011505375150591135
client running:29/50, client loss: 2.037191390991211, loss 1: 1.9743232727050781, loss 2: 0.0006286816205829382
client running:30/50, client loss: 2.0661556720733643, loss 1: 1.9814460277557373, loss 2: 0.0008470962638966739
client running:31/50, client loss: 2.085731029510498, loss 1: 1.9880520105361938, loss 2: 0.0009767902083694935
client running:32/50, client loss: 2.067225933074951, loss 1: 2.001657247543335, loss 2: 0.0006556862499564886
client running:33/50, client loss: 2.042829990386963, loss 1: 1.965559959411621, loss 2: 0.0007727010524831712
client running:34/50, client loss: 2.067230224609375, loss 1: 1.9837523698806763, loss 2: 0.0008347778348252177
client running:35/50, client loss: 2.072230577468872, loss 1: 1.9894698858261108, loss 2: 0.0008276080479845405
client running:36/50, client loss: 2.081047296524048, loss 1: 1.9736568927764893, loss 2: 0.0010739037534222007
client running:37/50, client loss: 2.081468105316162, loss 1: 1.9993115663528442, loss 2: 0.0008215651614591479
client running:38/50, client loss: 2.0688090324401855, loss 1: 1.9674253463745117, loss 2: 0.0010138375218957663
client running:39/50, client loss: 2.0468761920928955, loss 1: 1.9774047136306763, loss 2: 0.0006947154179215431
client running:40/50, client loss: 2.091176748275757, loss 1: 1.9921016693115234, loss 2: 0.0009907511994242668
client running:41/50, client loss: 2.075160026550293, loss 1: 1.9821256399154663, loss 2: 0.0009303446859121323
client running:42/50, client loss: 2.0621745586395264, loss 1: 1.9902458190917969, loss 2: 0.0007192869670689106
client running:43/50, client loss: 2.0883541107177734, loss 1: 1.9996341466903687, loss 2: 0.0008872007601894438
client running:44/50, client loss: 2.083831310272217, loss 1: 1.9876375198364258, loss 2: 0.0009619385236874223
client running:45/50, client loss: 2.062410831451416, loss 1: 2.0051779747009277, loss 2: 0.0005723295034840703
client running:46/50, client loss: 2.0740907192230225, loss 1: 1.9899108409881592, loss 2: 0.0008417977951467037
client running:47/50, client loss: 2.0756914615631104, loss 1: 1.9804874658584595, loss 2: 0.0009520389721728861
client running:48/50, client loss: 2.07832670211792, loss 1: 1.9910259246826172, loss 2: 0.0008730088593438268
client running:49/50, client loss: 2.07342267036438, loss 1: 1.9895848035812378, loss 2: 0.0008383787935599685
server loss: tensor([[0.8345, 0.7174, 0.7037, 0.7606, 0.7119, 0.6990, 0.6639, 0.7001],
        [0.7307, 0.8490, 0.7195, 0.7440, 0.7500, 0.7419, 0.7027, 0.7484],
        [0.7489, 0.7694, 0.8618, 0.7635, 0.7581, 0.7818, 0.7376, 0.7946],
        [0.7711, 0.7300, 0.7780, 0.8728, 0.7808, 0.7224, 0.6940, 0.7539],
        [0.7075, 0.7085, 0.7401, 0.7415, 0.8537, 0.7581, 0.7625, 0.7803],
        [0.7018, 0.7259, 0.7674, 0.7322, 0.7186, 0.8804, 0.8807, 0.7837],
        [0.7018, 0.7259, 0.7674, 0.7322, 0.7186, 0.8804, 0.8807, 0.7837],
        [0.7358, 0.7376, 0.7846, 0.7443, 0.7388, 0.7677, 0.7437, 0.8926]],
       device='cuda:0')
server average tensor
client running:0/11, client loss: 2.076803684234619, loss 1: 1.9922304153442383, loss 2: 0.0008457332151010633
client running:1/11, client loss: 2.0564334392547607, loss 1: 1.9748234748840332, loss 2: 0.0008160993456840515
client running:2/11, client loss: 2.053880453109741, loss 1: 1.9715077877044678, loss 2: 0.0008237265283241868
client running:3/11, client loss: 2.072537660598755, loss 1: 1.991804838180542, loss 2: 0.0008073281496763229
client running:4/11, client loss: 2.0778205394744873, loss 1: 2.009333610534668, loss 2: 0.0006848685443401337
client running:5/11, client loss: 2.0781779289245605, loss 1: 1.9944212436676025, loss 2: 0.0008375656325370073
client running:6/11, client loss: 2.0605242252349854, loss 1: 1.9710628986358643, loss 2: 0.0008946142042987049
client running:7/11, client loss: 2.0597338676452637, loss 1: 1.9711403846740723, loss 2: 0.0008859348599798977
client running:8/11, client loss: 2.0740013122558594, loss 1: 1.9878432750701904, loss 2: 0.0008615796687081456
client running:9/11, client loss: 2.077202558517456, loss 1: 1.982708215713501, loss 2: 0.0009449435747228563
client running:10/11, client loss: 2.069551467895508, loss 1: 1.9939253330230713, loss 2: 0.0007562603568658233
server loss: tensor([[0.8759, 0.7699, 0.7156, 0.7530, 0.7495, 0.7170, 0.9239, 0.7831],
        [0.7552, 0.8240, 0.8032, 0.7890, 0.9246, 0.7559, 0.7609, 0.7967],
        [0.7584, 0.7589, 0.8728, 0.7450, 0.8014, 0.7606, 0.7334, 0.7818],
        [0.7649, 0.7840, 0.7809, 0.8589, 0.8117, 0.7564, 0.7702, 0.7517],
        [0.7552, 0.8240, 0.8032, 0.7890, 0.9246, 0.7559, 0.7609, 0.7967],
        [0.7442, 0.7418, 0.7531, 0.7606, 0.7618, 0.9859, 0.7376, 0.7415],
        [0.8759, 0.7699, 0.7156, 0.7530, 0.7495, 0.7170, 0.9239, 0.7831],
        [0.7929, 0.7562, 0.7756, 0.7426, 0.7931, 0.7126, 0.7648, 0.8986]],
       device='cuda:0')
client running:0/16, client loss: 2.045116424560547, loss 1: 1.9654781818389893, loss 2: 0.0007963823154568672
client running:1/16, client loss: 2.0643210411071777, loss 1: 1.9779211282730103, loss 2: 0.0008639989537186921
client running:2/16, client loss: 2.0730972290039062, loss 1: 1.9633382558822632, loss 2: 0.0010975886834785342
client running:3/16, client loss: 2.058229446411133, loss 1: 1.9912433624267578, loss 2: 0.0006698602810502052
client running:4/16, client loss: 2.0672857761383057, loss 1: 1.9671651124954224, loss 2: 0.0010012057609856129
client running:5/16, client loss: 2.069406509399414, loss 1: 1.9888205528259277, loss 2: 0.0008058603852987289
client running:6/16, client loss: 2.0575664043426514, loss 1: 1.9841737747192383, loss 2: 0.0007339251460507512
client running:7/16, client loss: 2.060356616973877, loss 1: 1.9881138801574707, loss 2: 0.0007224279688671231
client running:8/16, client loss: 2.0461177825927734, loss 1: 1.9934616088867188, loss 2: 0.0005265624495223165
client running:9/16, client loss: 2.0429844856262207, loss 1: 1.9891427755355835, loss 2: 0.0005384160322137177
client running:10/16, client loss: 2.052248477935791, loss 1: 1.970606803894043, loss 2: 0.0008164174505509436
client running:11/16, client loss: 2.0553719997406006, loss 1: 1.9716486930847168, loss 2: 0.0008372336742468178
client running:12/16, client loss: 2.073535919189453, loss 1: 1.9789283275604248, loss 2: 0.000946075189858675
client running:13/16, client loss: 2.069178819656372, loss 1: 1.985998511314392, loss 2: 0.0008318035979755223
client running:14/16, client loss: 2.049558162689209, loss 1: 1.9827007055282593, loss 2: 0.000668574939481914
client running:15/16, client loss: 2.0967326164245605, loss 1: 1.990594506263733, loss 2: 0.0010613810736685991
server loss: tensor([[0.8491, 0.7757, 0.7449, 0.7524, 0.7414, 0.7198, 0.7482, 0.7827],
        [0.7627, 0.8487, 0.7851, 0.6884, 0.7130, 0.6896, 0.7783, 0.7995],
        [0.7355, 0.8167, 0.8934, 0.7264, 0.7148, 0.7051, 0.8869, 0.8349],
        [0.7340, 0.7423, 0.7580, 0.9089, 0.6977, 0.7256, 0.7333, 0.7488],
        [0.7384, 0.7406, 0.6992, 0.7008, 0.8952, 0.6719, 0.7159, 0.7294],
        [0.7143, 0.7308, 0.6879, 0.6907, 0.7224, 0.8588, 0.7175, 0.7580],
        [0.7355, 0.8167, 0.8934, 0.7264, 0.7148, 0.7051, 0.8869, 0.8349],
        [0.7833, 0.8150, 0.8035, 0.7478, 0.7368, 0.7407, 0.7844, 0.8777]],
       device='cuda:0')
client running:0/22, client loss: 2.064326524734497, loss 1: 1.9742205142974854, loss 2: 0.0009010606445372105
client running:1/22, client loss: 2.0581634044647217, loss 1: 1.9936562776565552, loss 2: 0.0006450701621361077
client running:2/22, client loss: 2.0927796363830566, loss 1: 2.0008788108825684, loss 2: 0.0009190075797960162
client running:3/22, client loss: 2.06230092048645, loss 1: 1.9833414554595947, loss 2: 0.0007895937305875123
client running:4/22, client loss: 2.062793493270874, loss 1: 1.9817560911178589, loss 2: 0.000810373923741281
client running:5/22, client loss: 2.0702922344207764, loss 1: 1.9559533596038818, loss 2: 0.0011433885665610433
client running:6/22, client loss: 2.0544817447662354, loss 1: 1.976428508758545, loss 2: 0.0007805328350514174
client running:7/22, client loss: 2.0605859756469727, loss 1: 1.9881312847137451, loss 2: 0.0007245463784784079
client running:8/22, client loss: 2.070910930633545, loss 1: 1.9971171617507935, loss 2: 0.0007379379821941257
client running:9/22, client loss: 2.0763399600982666, loss 1: 1.9946130514144897, loss 2: 0.0008172685047611594
client running:10/22, client loss: 2.0556423664093018, loss 1: 1.9846575260162354, loss 2: 0.0007098491187207401
client running:11/22, client loss: 2.0614633560180664, loss 1: 1.994246006011963, loss 2: 0.000672174384817481
client running:12/22, client loss: 2.0529701709747314, loss 1: 1.9799588918685913, loss 2: 0.0007301135337911546
client running:13/22, client loss: 2.0940091609954834, loss 1: 1.9853856563568115, loss 2: 0.0010862352792173624
client running:14/22, client loss: 2.060645580291748, loss 1: 1.9941275119781494, loss 2: 0.0006651799194514751
client running:15/22, client loss: 2.072200298309326, loss 1: 1.9947370290756226, loss 2: 0.0007746322080492973
client running:16/22, client loss: 2.0740950107574463, loss 1: 1.9950469732284546, loss 2: 0.0007904793601483107
client running:17/22, client loss: 2.0608623027801514, loss 1: 1.9785064458847046, loss 2: 0.0008235584245994687
client running:18/22, client loss: 2.0685667991638184, loss 1: 1.9836989641189575, loss 2: 0.0008486775332130492
client running:19/22, client loss: 2.087491273880005, loss 1: 1.9982600212097168, loss 2: 0.0008923115092329681
client running:20/22, client loss: 2.0785274505615234, loss 1: 1.9904788732528687, loss 2: 0.0008804852841421962
client running:21/22, client loss: 2.0725934505462646, loss 1: 1.9761017560958862, loss 2: 0.0009649168932810426
server loss: tensor([[0.8649, 0.6904, 0.7310, 0.7097, 0.7100, 0.7146, 0.7413, 0.7353],
        [0.7418, 0.9090, 0.7515, 0.7076, 0.7431, 0.7111, 0.7160, 0.7290],
        [0.7305, 0.7648, 0.8821, 0.7283, 0.7487, 0.7681, 0.8666, 0.7548],
        [0.6906, 0.6771, 0.6928, 0.8983, 0.7112, 0.7038, 0.7062, 0.7116],
        [0.7380, 0.7284, 0.7536, 0.7441, 0.8889, 0.7210, 0.7472, 0.7274],
        [0.7577, 0.7519, 0.7663, 0.7428, 0.7378, 0.9289, 0.7811, 0.7956],
        [0.7305, 0.7648, 0.8821, 0.7283, 0.7487, 0.7681, 0.8666, 0.7548],
        [0.7474, 0.7378, 0.7569, 0.7466, 0.7206, 0.7811, 0.7515, 0.8606]],
       device='cuda:0')
client running:0/16, client loss: 2.089662551879883, loss 1: 1.9805448055267334, loss 2: 0.001091177575290203
client running:1/16, client loss: 2.078650712966919, loss 1: 1.990350365638733, loss 2: 0.0008830030565150082
client running:2/16, client loss: 2.0732009410858154, loss 1: 1.9928028583526611, loss 2: 0.0008039807435125113
client running:3/16, client loss: 2.0670392513275146, loss 1: 1.9763705730438232, loss 2: 0.000906687171664089
client running:4/16, client loss: 2.1105756759643555, loss 1: 2.003413677215576, loss 2: 0.0010716207325458527
client running:5/16, client loss: 2.0649008750915527, loss 1: 1.976853609085083, loss 2: 0.0008804734097793698
client running:6/16, client loss: 2.0820505619049072, loss 1: 1.9838478565216064, loss 2: 0.0009820278501138091
client running:7/16, client loss: 2.0741920471191406, loss 1: 1.9973984956741333, loss 2: 0.000767934659961611
client running:8/16, client loss: 2.0797119140625, loss 1: 1.968095064163208, loss 2: 0.0011161681031808257
client running:9/16, client loss: 2.0833590030670166, loss 1: 1.9784045219421387, loss 2: 0.0010495438473299146
client running:10/16, client loss: 2.0796005725860596, loss 1: 1.9796299934387207, loss 2: 0.0009997054003179073
client running:11/16, client loss: 2.0503716468811035, loss 1: 1.9723023176193237, loss 2: 0.0007806942448951304
client running:12/16, client loss: 2.022207021713257, loss 1: 1.9641172885894775, loss 2: 0.00058089813683182
client running:13/16, client loss: 2.0451316833496094, loss 1: 1.972811222076416, loss 2: 0.0007232044008560479
client running:14/16, client loss: 2.068648338317871, loss 1: 1.9928151369094849, loss 2: 0.0007583324331790209
client running:15/16, client loss: 2.0674567222595215, loss 1: 1.9784034490585327, loss 2: 0.0008905334398150444
server loss: tensor([[0.8610, 0.7531, 0.7202, 0.6861, 0.7384, 0.7938, 0.6925, 0.7161],
        [0.7673, 0.8482, 0.6898, 0.6737, 0.7084, 0.7567, 0.6709, 0.6902],
        [0.6841, 0.6883, 0.8621, 0.7076, 0.7719, 0.7341, 0.6905, 0.7231],
        [0.7305, 0.6957, 0.7523, 0.8929, 0.7246, 0.7125, 0.7485, 0.7422],
        [0.7478, 0.7360, 0.7348, 0.7357, 0.8643, 0.7423, 0.7254, 0.7184],
        [0.7478, 0.7623, 0.7309, 0.6619, 0.7541, 0.8755, 0.7014, 0.7124],
        [0.7361, 0.6632, 0.7116, 0.7885, 0.7087, 0.7272, 0.9225, 0.7255],
        [0.7193, 0.6901, 0.7355, 0.7450, 0.6978, 0.7168, 0.7264, 0.8256]],
       device='cuda:0')
client running:0/50, client loss: 2.049264669418335, loss 1: 1.9785499572753906, loss 2: 0.000707147060893476
client running:1/50, client loss: 2.0543437004089355, loss 1: 1.9677622318267822, loss 2: 0.0008658148581162095
client running:2/50, client loss: 2.0739340782165527, loss 1: 1.9923455715179443, loss 2: 0.0008158847922459245
client running:3/50, client loss: 2.0702502727508545, loss 1: 1.9872554540634155, loss 2: 0.0008299484616145492
client running:4/50, client loss: 2.0611112117767334, loss 1: 1.9804620742797852, loss 2: 0.0008064903668127954
client running:5/50, client loss: 2.067913055419922, loss 1: 1.9815870523452759, loss 2: 0.0008632591925561428
client running:6/50, client loss: 2.0476107597351074, loss 1: 1.9600938558578491, loss 2: 0.0008751695859245956
client running:7/50, client loss: 2.0573108196258545, loss 1: 1.9792509078979492, loss 2: 0.0007806000066921115
client running:8/50, client loss: 2.0627408027648926, loss 1: 1.9981067180633545, loss 2: 0.0006463415920734406
client running:9/50, client loss: 2.051044464111328, loss 1: 1.9692047834396362, loss 2: 0.0008183965692296624
client running:10/50, client loss: 2.055588722229004, loss 1: 1.9847726821899414, loss 2: 0.000708160805515945
client running:11/50, client loss: 2.0785021781921387, loss 1: 2.008842945098877, loss 2: 0.0006965929642319679
client running:12/50, client loss: 2.0859038829803467, loss 1: 1.98382568359375, loss 2: 0.0010207811137661338
client running:13/50, client loss: 2.0731618404388428, loss 1: 1.9765735864639282, loss 2: 0.0009658829076215625
client running:14/50, client loss: 2.0837433338165283, loss 1: 1.9887980222702026, loss 2: 0.0009494521655142307
client running:15/50, client loss: 2.0783822536468506, loss 1: 1.9823706150054932, loss 2: 0.0009601154597476125
client running:16/50, client loss: 2.0577964782714844, loss 1: 1.9716110229492188, loss 2: 0.0008618551073595881
client running:17/50, client loss: 2.084488868713379, loss 1: 2.001882553100586, loss 2: 0.0008260625181719661
client running:18/50, client loss: 2.052865982055664, loss 1: 1.9835388660430908, loss 2: 0.0006932708201929927
client running:19/50, client loss: 2.0728585720062256, loss 1: 1.9857937097549438, loss 2: 0.0008706481312401593
client running:20/50, client loss: 2.068169593811035, loss 1: 1.9792041778564453, loss 2: 0.0008896529325284064
client running:21/50, client loss: 2.066483736038208, loss 1: 1.9833406209945679, loss 2: 0.0008314322330988944
client running:22/50, client loss: 2.0782201290130615, loss 1: 1.992523193359375, loss 2: 0.0008569695055484772
client running:23/50, client loss: 2.0587217807769775, loss 1: 1.9769155979156494, loss 2: 0.0008180608856491745
client running:24/50, client loss: 2.0306522846221924, loss 1: 1.9599275588989258, loss 2: 0.0007072478765621781
client running:25/50, client loss: 2.0649380683898926, loss 1: 1.9743127822875977, loss 2: 0.0009062527678906918
client running:26/50, client loss: 2.0652294158935547, loss 1: 1.993314504623413, loss 2: 0.0007191495387814939
client running:27/50, client loss: 2.0839731693267822, loss 1: 1.977576732635498, loss 2: 0.0010639633983373642
client running:28/50, client loss: 2.0631680488586426, loss 1: 1.9781718254089355, loss 2: 0.000849961768835783
client running:29/50, client loss: 2.0692808628082275, loss 1: 1.9957573413848877, loss 2: 0.0007352355751208961
client running:30/50, client loss: 2.0606331825256348, loss 1: 1.9839638471603394, loss 2: 0.0007666945457458496
client running:31/50, client loss: 2.0765187740325928, loss 1: 1.977009654045105, loss 2: 0.000995091162621975
client running:32/50, client loss: 2.0584020614624023, loss 1: 1.9776209592819214, loss 2: 0.0008078111568465829
client running:33/50, client loss: 2.0656824111938477, loss 1: 2.001431465148926, loss 2: 0.0006425098399631679
client running:34/50, client loss: 2.04944109916687, loss 1: 1.9783068895339966, loss 2: 0.0007113427272997797
client running:35/50, client loss: 2.054500102996826, loss 1: 1.988683819770813, loss 2: 0.0006581621710211039
client running:36/50, client loss: 2.059800863265991, loss 1: 1.9655698537826538, loss 2: 0.0009423096780665219
client running:37/50, client loss: 2.0859017372131348, loss 1: 2.0013763904571533, loss 2: 0.0008452538750134408
client running:38/50, client loss: 2.055954694747925, loss 1: 1.981979489326477, loss 2: 0.0007397531298920512
client running:39/50, client loss: 2.0868611335754395, loss 1: 1.9959932565689087, loss 2: 0.0009086791542358696
client running:40/50, client loss: 2.098998546600342, loss 1: 1.976888656616211, loss 2: 0.0012210984714329243
client running:41/50, client loss: 2.094595193862915, loss 1: 1.979790449142456, loss 2: 0.001148047624155879
client running:42/50, client loss: 2.0930745601654053, loss 1: 2.0120763778686523, loss 2: 0.0008099809056147933
client running:43/50, client loss: 2.0872600078582764, loss 1: 1.9877183437347412, loss 2: 0.000995416659861803
client running:44/50, client loss: 2.0472311973571777, loss 1: 1.987575888633728, loss 2: 0.0005965541931800544
client running:45/50, client loss: 2.0681278705596924, loss 1: 1.9731510877609253, loss 2: 0.000949768116697669
client running:46/50, client loss: 2.0633387565612793, loss 1: 1.989824652671814, loss 2: 0.0007351409876719117
client running:47/50, client loss: 2.0783286094665527, loss 1: 2.0008599758148193, loss 2: 0.0007746854098513722
client running:48/50, client loss: 2.056654214859009, loss 1: 1.9808944463729858, loss 2: 0.0007575984345749021
client running:49/50, client loss: 2.03546142578125, loss 1: 1.9741588830947876, loss 2: 0.0006130266119726002
server loss: tensor([[0.9335, 0.7649, 0.7544, 0.7712, 0.7436, 0.7898, 0.7771, 0.7447],
        [0.7542, 0.9206, 0.7562, 0.9066, 0.7598, 0.7681, 0.7799, 0.7402],
        [0.7674, 0.7546, 0.8806, 0.7716, 0.7252, 0.7542, 0.8287, 0.7504],
        [0.7542, 0.9206, 0.7562, 0.9066, 0.7598, 0.7681, 0.7799, 0.7402],
        [0.7377, 0.7553, 0.7131, 0.7468, 0.9700, 0.7661, 0.7291, 0.7061],
        [0.7933, 0.7823, 0.7675, 0.7762, 0.7855, 0.8709, 0.7776, 0.7590],
        [0.7698, 0.7303, 0.8187, 0.7473, 0.6869, 0.7509, 0.8843, 0.7643],
        [0.7556, 0.7460, 0.7683, 0.7432, 0.7238, 0.7385, 0.7831, 0.9158]],
       device='cuda:0')
server average tensor
client running:0/11, client loss: 2.0616953372955322, loss 1: 1.9757916927337646, loss 2: 0.0008590358193032444
client running:1/11, client loss: 2.0554144382476807, loss 1: 1.9936290979385376, loss 2: 0.0006178529001772404
client running:2/11, client loss: 2.064765691757202, loss 1: 1.9897825717926025, loss 2: 0.000749831204302609
client running:3/11, client loss: 2.064636468887329, loss 1: 1.9975780248641968, loss 2: 0.0006705850828438997
client running:4/11, client loss: 2.0524120330810547, loss 1: 1.9677575826644897, loss 2: 0.0008465456776320934
client running:5/11, client loss: 2.085444211959839, loss 1: 1.9823076725006104, loss 2: 0.0010313652455806732
client running:6/11, client loss: 2.0675301551818848, loss 1: 1.9741626977920532, loss 2: 0.0009336745133623481
client running:7/11, client loss: 2.086153984069824, loss 1: 1.998434066772461, loss 2: 0.0008772001601755619
client running:8/11, client loss: 2.0883567333221436, loss 1: 1.9833977222442627, loss 2: 0.0010495898313820362
client running:9/11, client loss: 2.0515618324279785, loss 1: 1.9679372310638428, loss 2: 0.0008362465305253863
client running:10/11, client loss: 2.0593042373657227, loss 1: 1.9800987243652344, loss 2: 0.0007920545758679509
server loss: tensor([[0.9011, 0.7135, 0.6942, 0.7586, 0.7523, 0.7344, 0.7280, 0.7019],
        [0.7136, 0.8456, 0.7250, 0.7209, 0.7433, 0.7312, 0.7039, 0.7322],
        [0.7255, 0.7531, 0.8655, 0.7582, 0.7335, 0.7258, 0.7588, 0.7504],
        [0.7371, 0.7551, 0.7697, 0.7964, 0.7798, 0.7503, 0.7541, 0.7145],
        [0.7278, 0.7371, 0.7402, 0.7338, 0.9396, 0.7306, 0.7388, 0.6904],
        [0.7310, 0.7881, 0.7678, 0.7567, 0.7307, 0.9498, 0.7305, 0.7950],
        [0.6905, 0.7231, 0.7531, 0.7727, 0.7190, 0.6941, 0.8301, 0.7071],
        [0.6905, 0.7862, 0.7501, 0.7170, 0.7071, 0.7846, 0.6906, 0.8758]],
       device='cuda:0')
client running:0/16, client loss: 2.06129789352417, loss 1: 1.9822442531585693, loss 2: 0.0007905364036560059
client running:1/16, client loss: 2.044832944869995, loss 1: 1.972679615020752, loss 2: 0.0007215344230644405
client running:2/16, client loss: 2.0501511096954346, loss 1: 1.9727990627288818, loss 2: 0.0007735197432339191
client running:3/16, client loss: 2.0574045181274414, loss 1: 1.9767705202102661, loss 2: 0.0008063394343480468
client running:4/16, client loss: 2.0543999671936035, loss 1: 1.9653120040893555, loss 2: 0.000890880823135376
client running:5/16, client loss: 2.0345396995544434, loss 1: 1.967000126838684, loss 2: 0.0006753968773409724
client running:6/16, client loss: 2.0579779148101807, loss 1: 1.984510898590088, loss 2: 0.000734669272787869
client running:7/16, client loss: 2.0743110179901123, loss 1: 1.9829576015472412, loss 2: 0.0009135344298556447
client running:8/16, client loss: 2.051813840866089, loss 1: 1.9792201519012451, loss 2: 0.000725938007235527
client running:9/16, client loss: 2.076813220977783, loss 1: 2.0163822174072266, loss 2: 0.0006043107714504004
client running:10/16, client loss: 2.0628602504730225, loss 1: 1.9818432331085205, loss 2: 0.0008101696730591357
client running:11/16, client loss: 2.070425033569336, loss 1: 1.9851839542388916, loss 2: 0.0008524112054146826
client running:12/16, client loss: 2.052839756011963, loss 1: 1.9769628047943115, loss 2: 0.0007587685249745846
client running:13/16, client loss: 2.0576741695404053, loss 1: 1.9839938879013062, loss 2: 0.0007368036895059049
client running:14/16, client loss: 2.0841007232666016, loss 1: 2.004267692565918, loss 2: 0.0007983313407748938
client running:15/16, client loss: 2.065459728240967, loss 1: 1.9730333089828491, loss 2: 0.0009242652449756861
server loss: tensor([[0.8721, 0.7094, 0.7561, 0.7639, 0.7033, 0.7497, 0.7604, 0.7174],
        [0.7332, 0.9142, 0.7653, 0.7683, 0.7504, 0.8123, 0.7661, 0.7392],
        [0.7609, 0.7633, 0.8722, 0.7800, 0.7408, 0.7963, 0.8090, 0.7817],
        [0.7598, 0.6947, 0.7491, 0.8897, 0.7118, 0.7498, 0.7629, 0.7233],
        [0.7208, 0.7245, 0.7391, 0.7500, 0.9557, 0.7294, 0.7562, 0.7266],
        [0.7518, 0.7731, 0.7953, 0.7864, 0.7216, 0.9331, 0.7948, 0.7565],
        [0.7738, 0.7316, 0.7800, 0.7775, 0.7105, 0.7837, 0.8999, 0.7680],
        [0.7789, 0.7243, 0.7932, 0.7437, 0.7053, 0.7418, 0.7749, 0.8917]],
       device='cuda:0')
client running:0/22, client loss: 2.0646603107452393, loss 1: 1.9822229146957397, loss 2: 0.0008243736810982227
client running:1/22, client loss: 2.066409111022949, loss 1: 1.9833555221557617, loss 2: 0.0008305356604978442
client running:2/22, client loss: 2.0727834701538086, loss 1: 1.9742029905319214, loss 2: 0.0009858047123998404
client running:3/22, client loss: 2.0606307983398438, loss 1: 2.0027737617492676, loss 2: 0.000578570063225925
client running:4/22, client loss: 2.076418161392212, loss 1: 1.9953995943069458, loss 2: 0.0008101864950731397
client running:5/22, client loss: 2.0482609272003174, loss 1: 1.9911500215530396, loss 2: 0.0005711090052500367
client running:6/22, client loss: 2.0776021480560303, loss 1: 2.0009665489196777, loss 2: 0.0007663556607440114
client running:7/22, client loss: 2.0683958530426025, loss 1: 1.9856369495391846, loss 2: 0.0008275897125713527
client running:8/22, client loss: 2.0900187492370605, loss 1: 1.9845974445343018, loss 2: 0.0010542122181504965
client running:9/22, client loss: 2.0447890758514404, loss 1: 1.970233678817749, loss 2: 0.0007455536397174001
client running:10/22, client loss: 2.0844671726226807, loss 1: 2.0184059143066406, loss 2: 0.0006606124807149172
client running:11/22, client loss: 2.0790843963623047, loss 1: 1.986689805984497, loss 2: 0.0009239470236934721
client running:12/22, client loss: 2.07710862159729, loss 1: 1.9777661561965942, loss 2: 0.0009934252593666315
client running:13/22, client loss: 2.048497200012207, loss 1: 1.990791916847229, loss 2: 0.00057705317158252
client running:14/22, client loss: 2.0929322242736816, loss 1: 1.9874051809310913, loss 2: 0.0010552714811637998
client running:15/22, client loss: 2.051487445831299, loss 1: 1.972915768623352, loss 2: 0.0007857169839553535
client running:16/22, client loss: 2.07059907913208, loss 1: 1.9943407773971558, loss 2: 0.0007625832222402096
client running:17/22, client loss: 2.0717294216156006, loss 1: 1.9780783653259277, loss 2: 0.0009365115547552705
client running:18/22, client loss: 2.0839390754699707, loss 1: 1.9869740009307861, loss 2: 0.0009696517372503877
client running:19/22, client loss: 2.072000741958618, loss 1: 1.9983856678009033, loss 2: 0.000736151123419404
client running:20/22, client loss: 2.0911731719970703, loss 1: 2.0001025199890137, loss 2: 0.0009107076330110431
client running:21/22, client loss: 2.0820775032043457, loss 1: 1.9901734590530396, loss 2: 0.0009190412238240242
server loss: tensor([[0.8402, 0.7748, 0.7384, 0.7461, 0.6987, 0.7634, 0.7222, 0.7621],
        [0.7959, 0.8714, 0.7711, 0.7493, 0.6769, 0.8056, 0.7182, 0.8244],
        [0.7480, 0.7556, 0.8835, 0.7199, 0.7052, 0.7848, 0.7821, 0.7179],
        [0.7195, 0.7313, 0.7558, 0.8146, 0.6968, 0.7351, 0.7214, 0.7216],
        [0.7378, 0.7373, 0.7416, 0.7161, 0.9202, 0.7573, 0.6932, 0.7357],
        [0.7739, 0.7857, 0.7663, 0.7265, 0.7220, 0.8715, 0.7309, 0.7563],
        [0.7877, 0.7696, 0.8036, 0.7442, 0.6960, 0.7848, 0.9002, 0.7251],
        [0.7796, 0.7962, 0.7561, 0.8321, 0.7089, 0.7640, 0.7611, 0.8666]],
       device='cuda:0')
client running:0/16, client loss: 2.0738272666931152, loss 1: 1.974915862083435, loss 2: 0.0009891134686768055
client running:1/16, client loss: 2.0732126235961914, loss 1: 1.9939374923706055, loss 2: 0.0007927518454380333
client running:2/16, client loss: 2.0628082752227783, loss 1: 1.9663679599761963, loss 2: 0.0009644025703892112
client running:3/16, client loss: 2.0745134353637695, loss 1: 1.9869675636291504, loss 2: 0.0008754597511142492
client running:4/16, client loss: 2.058781385421753, loss 1: 1.978685736656189, loss 2: 0.0008009573211893439
client running:5/16, client loss: 2.0764076709747314, loss 1: 2.008316993713379, loss 2: 0.0006809061160311103
client running:6/16, client loss: 2.0903737545013428, loss 1: 1.980322241783142, loss 2: 0.0011005159467458725
client running:7/16, client loss: 2.054919958114624, loss 1: 1.9760791063308716, loss 2: 0.0007884091464802623
client running:8/16, client loss: 2.0853843688964844, loss 1: 1.999037742614746, loss 2: 0.0008634674595668912
client running:9/16, client loss: 2.06636905670166, loss 1: 1.98485267162323, loss 2: 0.0008151637157425284
client running:10/16, client loss: 2.083219528198242, loss 1: 1.9939014911651611, loss 2: 0.0008931804331950843
client running:11/16, client loss: 2.0760397911071777, loss 1: 1.9580191373825073, loss 2: 0.0011802060762420297
client running:12/16, client loss: 2.07096004486084, loss 1: 1.9859055280685425, loss 2: 0.0008505448931828141
client running:13/16, client loss: 2.079643726348877, loss 1: 1.9893062114715576, loss 2: 0.0009033741662278771
client running:14/16, client loss: 2.07678484916687, loss 1: 1.9860643148422241, loss 2: 0.0009072053944692016
client running:15/16, client loss: 2.084043025970459, loss 1: 1.9868757724761963, loss 2: 0.0009716718923300505
server loss: tensor([[0.8649, 0.7740, 0.7805, 0.7432, 0.7893, 0.8116, 0.7363, 0.8119],
        [0.7105, 0.9171, 0.7400, 0.7564, 0.7057, 0.8739, 0.7325, 0.7318],
        [0.7340, 0.7604, 0.9179, 0.7805, 0.7427, 0.7790, 0.7325, 0.7369],
        [0.7139, 0.7449, 0.8230, 0.8806, 0.7274, 0.7739, 0.7486, 0.7362],
        [0.8188, 0.7243, 0.7355, 0.7516, 0.8937, 0.7642, 0.7361, 0.9218],
        [0.7105, 0.9171, 0.7400, 0.7564, 0.7057, 0.8739, 0.7325, 0.7318],
        [0.7407, 0.7268, 0.7575, 0.7561, 0.6969, 0.7259, 0.8886, 0.7233],
        [0.8188, 0.7243, 0.7355, 0.7516, 0.8937, 0.7642, 0.7361, 0.9218]],
       device='cuda:0')
client running:0/50, client loss: 2.078889846801758, loss 1: 1.9786121845245361, loss 2: 0.0010027755051851273
client running:1/50, client loss: 2.053839921951294, loss 1: 1.9742937088012695, loss 2: 0.0007954626344144344
client running:2/50, client loss: 2.096076726913452, loss 1: 1.9751766920089722, loss 2: 0.00120900000911206
client running:3/50, client loss: 2.0771501064300537, loss 1: 2.006995677947998, loss 2: 0.0007015449809841812
client running:4/50, client loss: 2.081317663192749, loss 1: 1.9994593858718872, loss 2: 0.0008185827755369246
client running:5/50, client loss: 2.0691490173339844, loss 1: 1.9707847833633423, loss 2: 0.0009836412500590086
client running:6/50, client loss: 2.053229570388794, loss 1: 1.9614976644515991, loss 2: 0.0009173192083835602
client running:7/50, client loss: 2.0677952766418457, loss 1: 1.9765681028366089, loss 2: 0.0009122712654061615
client running:8/50, client loss: 2.061815023422241, loss 1: 1.9831016063690186, loss 2: 0.0007871349225752056
client running:9/50, client loss: 2.0906436443328857, loss 1: 1.9948996305465698, loss 2: 0.0009574409923516214
client running:10/50, client loss: 2.0759544372558594, loss 1: 2.0046355724334717, loss 2: 0.0007131880847737193
client running:11/50, client loss: 2.0669867992401123, loss 1: 1.9753289222717285, loss 2: 0.0009165776427835226
client running:12/50, client loss: 2.051661252975464, loss 1: 1.9664708375930786, loss 2: 0.0008519042748957872
client running:13/50, client loss: 2.0792033672332764, loss 1: 1.9733514785766602, loss 2: 0.0010585199343040586
client running:14/50, client loss: 2.0772244930267334, loss 1: 1.9879820346832275, loss 2: 0.0008924254798330367
client running:15/50, client loss: 2.0780954360961914, loss 1: 1.9992060661315918, loss 2: 0.0007888940162956715
client running:16/50, client loss: 2.056262254714966, loss 1: 1.9850168228149414, loss 2: 0.0007124545518308878
client running:17/50, client loss: 2.0965795516967773, loss 1: 1.993038296699524, loss 2: 0.0010354132391512394
client running:18/50, client loss: 2.082916021347046, loss 1: 1.989336609840393, loss 2: 0.0009357942035421729
client running:19/50, client loss: 2.0517187118530273, loss 1: 1.9856411218643188, loss 2: 0.0006607755785807967
client running:20/50, client loss: 2.072239875793457, loss 1: 1.9670132398605347, loss 2: 0.0010522672673687339
client running:21/50, client loss: 2.0486059188842773, loss 1: 1.9828615188598633, loss 2: 0.0006574445869773626
client running:22/50, client loss: 2.0707080364227295, loss 1: 1.9967135190963745, loss 2: 0.0007399454480037093
client running:23/50, client loss: 2.093695640563965, loss 1: 1.9808099269866943, loss 2: 0.0011288566747680306
client running:24/50, client loss: 2.0505995750427246, loss 1: 1.9748562574386597, loss 2: 0.0007574337068945169
client running:25/50, client loss: 2.0817153453826904, loss 1: 1.9860594272613525, loss 2: 0.0009565599029883742
client running:26/50, client loss: 2.067309617996216, loss 1: 1.987680196762085, loss 2: 0.0007962940726429224
client running:27/50, client loss: 2.0950417518615723, loss 1: 1.993798851966858, loss 2: 0.0010124295949935913
client running:28/50, client loss: 2.0440139770507812, loss 1: 1.9907476902008057, loss 2: 0.0005326629034243524
client running:29/50, client loss: 2.063162326812744, loss 1: 1.969551682472229, loss 2: 0.0009361061383970082
client running:30/50, client loss: 2.067699909210205, loss 1: 2.0018563270568848, loss 2: 0.0006584353977814317
client running:31/50, client loss: 2.0712668895721436, loss 1: 1.988784909248352, loss 2: 0.0008248204248957336
client running:32/50, client loss: 2.0794999599456787, loss 1: 1.9843610525131226, loss 2: 0.0009513886179775
client running:33/50, client loss: 2.07267165184021, loss 1: 1.9827508926391602, loss 2: 0.0008992078364826739
client running:34/50, client loss: 2.0995686054229736, loss 1: 1.9863085746765137, loss 2: 0.0011326007079333067
client running:35/50, client loss: 2.0739290714263916, loss 1: 1.986444115638733, loss 2: 0.0008748498512431979
client running:36/50, client loss: 2.0542869567871094, loss 1: 1.9704574346542358, loss 2: 0.0008382943924516439
client running:37/50, client loss: 2.0710103511810303, loss 1: 1.9844541549682617, loss 2: 0.0008655621786601841
client running:38/50, client loss: 2.066103935241699, loss 1: 1.9813750982284546, loss 2: 0.0008472878253087401
client running:39/50, client loss: 2.070516586303711, loss 1: 1.976749062538147, loss 2: 0.000937676290050149
client running:40/50, client loss: 2.068300247192383, loss 1: 1.9849671125411987, loss 2: 0.0008333303267136216
client running:41/50, client loss: 2.054356813430786, loss 1: 1.976842999458313, loss 2: 0.0007751391967758536
client running:42/50, client loss: 2.0695767402648926, loss 1: 1.9892280101776123, loss 2: 0.0008034869097173214
client running:43/50, client loss: 2.0570342540740967, loss 1: 1.9741637706756592, loss 2: 0.0008287051459774375
client running:44/50, client loss: 2.057271957397461, loss 1: 1.9843244552612305, loss 2: 0.0007294756360352039
client running:45/50, client loss: 2.0848000049591064, loss 1: 1.9810047149658203, loss 2: 0.0010379533050581813
client running:46/50, client loss: 2.062797784805298, loss 1: 1.9686863422393799, loss 2: 0.0009411141509190202
client running:47/50, client loss: 2.0499706268310547, loss 1: 2.0001108646392822, loss 2: 0.0004985975101590157
client running:48/50, client loss: 2.079855442047119, loss 1: 1.9898743629455566, loss 2: 0.0008998095872811973
client running:49/50, client loss: 2.0876564979553223, loss 1: 1.9900017976760864, loss 2: 0.0009765475988388062
server loss: tensor([[0.8788, 0.7443, 0.7528, 0.7033, 0.7512, 0.7981, 0.7300, 0.7682],
        [0.7543, 0.8416, 0.7630, 0.7567, 0.7402, 0.7802, 0.7655, 0.7629],
        [0.7367, 0.7541, 0.9123, 0.7241, 0.7813, 0.7656, 0.7919, 0.7575],
        [0.7021, 0.7465, 0.7483, 0.8519, 0.6623, 0.7344, 0.7399, 0.7268],
        [0.7518, 0.7110, 0.7788, 0.6631, 0.9045, 0.7759, 0.7465, 0.7370],
        [0.7740, 0.7582, 0.7447, 0.6776, 0.7526, 0.8880, 0.7667, 0.8535],
        [0.7823, 0.7703, 0.7876, 0.7331, 0.7497, 0.8105, 0.9372, 0.8022],
        [0.7740, 0.7582, 0.7447, 0.6776, 0.7526, 0.8880, 0.7667, 0.8535]],
       device='cuda:0')
server average tensor
client running:0/11, client loss: 2.0704545974731445, loss 1: 1.9956129789352417, loss 2: 0.0007484163506887853
client running:1/11, client loss: 2.0932445526123047, loss 1: 1.992694616317749, loss 2: 0.0010054982267320156
client running:2/11, client loss: 2.0411691665649414, loss 1: 1.9835271835327148, loss 2: 0.0005764199304394424
client running:3/11, client loss: 2.066058874130249, loss 1: 1.9735701084136963, loss 2: 0.0009248880087397993
client running:4/11, client loss: 2.0376334190368652, loss 1: 1.977081537246704, loss 2: 0.0006055193371139467
client running:5/11, client loss: 2.0608603954315186, loss 1: 1.9714945554733276, loss 2: 0.0008936574449762702
client running:6/11, client loss: 2.0595831871032715, loss 1: 1.9708702564239502, loss 2: 0.0008871287573128939
client running:7/11, client loss: 2.0899603366851807, loss 1: 1.984095811843872, loss 2: 0.0010586441494524479
client running:8/11, client loss: 2.0844502449035645, loss 1: 1.978034496307373, loss 2: 0.0010641575790941715
client running:9/11, client loss: 2.068406343460083, loss 1: 1.9726146459579468, loss 2: 0.0009579168981872499
client running:10/11, client loss: 2.047422409057617, loss 1: 1.9593443870544434, loss 2: 0.000880780688021332
server loss: tensor([[0.8658, 0.7843, 0.7221, 0.7326, 0.8296, 0.7229, 0.7671, 0.7618],
        [0.7877, 0.8928, 0.7053, 0.7428, 0.7950, 0.7303, 0.7248, 0.7660],
        [0.6943, 0.7101, 0.9217, 0.7506, 0.7300, 0.6793, 0.7300, 0.6750],
        [0.7216, 0.7449, 0.7441, 0.9442, 0.7577, 0.6979, 0.7053, 0.7232],
        [0.7721, 0.7489, 0.6738, 0.7204, 0.9237, 0.7270, 0.7227, 0.7322],
        [0.8086, 0.8020, 0.6944, 0.7392, 0.8218, 0.8724, 0.7453, 0.7852],
        [0.7079, 0.6926, 0.7042, 0.7005, 0.7224, 0.6606, 0.8976, 0.6785],
        [0.7385, 0.7433, 0.6757, 0.7193, 0.7794, 0.7846, 0.7003, 0.8600]],
       device='cuda:0')
client running:0/16, client loss: 2.045947313308716, loss 1: 1.9893022775650024, loss 2: 0.0005664502386935055
client running:1/16, client loss: 2.0738742351531982, loss 1: 1.9903621673583984, loss 2: 0.0008351209107786417
client running:2/16, client loss: 2.0861103534698486, loss 1: 1.9775731563568115, loss 2: 0.0010853728745132685
client running:3/16, client loss: 2.0669426918029785, loss 1: 1.9875330924987793, loss 2: 0.0007940961513668299
client running:4/16, client loss: 2.0582003593444824, loss 1: 1.9636926651000977, loss 2: 0.0009450774523429573
client running:5/16, client loss: 2.049464225769043, loss 1: 1.9695547819137573, loss 2: 0.0007990934536792338
client running:6/16, client loss: 2.0722668170928955, loss 1: 1.9816768169403076, loss 2: 0.0009059000294655561
client running:7/16, client loss: 2.0563266277313232, loss 1: 1.97722327709198, loss 2: 0.0007910336717031896
client running:8/16, client loss: 2.042294979095459, loss 1: 1.9679187536239624, loss 2: 0.0007437629392370582
client running:9/16, client loss: 2.0543408393859863, loss 1: 1.9709281921386719, loss 2: 0.0008341257926076651
client running:10/16, client loss: 2.0796289443969727, loss 1: 1.9904420375823975, loss 2: 0.0008918697712942958
client running:11/16, client loss: 2.074887752532959, loss 1: 1.9978413581848145, loss 2: 0.0007704643066972494
client running:12/16, client loss: 2.0568902492523193, loss 1: 1.9659581184387207, loss 2: 0.0009093224070966244
client running:13/16, client loss: 2.0559980869293213, loss 1: 1.981224775314331, loss 2: 0.0007477337494492531
client running:14/16, client loss: 2.0843050479888916, loss 1: 1.999482274055481, loss 2: 0.0008482279954478145
client running:15/16, client loss: 2.087930917739868, loss 1: 1.9755576848983765, loss 2: 0.0011237314902245998
server loss: tensor([[0.8992, 0.7817, 0.7438, 0.7323, 0.7256, 0.7725, 0.7234, 0.7524],
        [0.7204, 0.8797, 0.7175, 0.7374, 0.7657, 0.7320, 0.7345, 0.7707],
        [0.7173, 0.6862, 0.8853, 0.6875, 0.6773, 0.7455, 0.6832, 0.7141],
        [0.7342, 0.7481, 0.7454, 0.9638, 0.7641, 0.7255, 0.9580, 0.7512],
        [0.7187, 0.8015, 0.7436, 0.7653, 0.9068, 0.7563, 0.7574, 0.7925],
        [0.7843, 0.7469, 0.7659, 0.7462, 0.7376, 0.8893, 0.7329, 0.7637],
        [0.7342, 0.7481, 0.7454, 0.9638, 0.7641, 0.7255, 0.9580, 0.7512],
        [0.7479, 0.8284, 0.7573, 0.7658, 0.7928, 0.7578, 0.7624, 0.9078]],
       device='cuda:0')
client running:0/22, client loss: 2.1060056686401367, loss 1: 2.0079500675201416, loss 2: 0.0009805560111999512
client running:1/22, client loss: 2.0436995029449463, loss 1: 1.9551695585250854, loss 2: 0.0008852983010001481
client running:2/22, client loss: 2.078789710998535, loss 1: 1.9957202672958374, loss 2: 0.0008306939271278679
client running:3/22, client loss: 2.0543129444122314, loss 1: 1.9999369382858276, loss 2: 0.0005437611835077405
client running:4/22, client loss: 2.08168888092041, loss 1: 1.9902307987213135, loss 2: 0.0009145813528448343
client running:5/22, client loss: 2.070869207382202, loss 1: 1.9929648637771606, loss 2: 0.0007790437084622681
client running:6/22, client loss: 2.064547538757324, loss 1: 1.9680910110473633, loss 2: 0.0009645660175010562
client running:7/22, client loss: 2.0654823780059814, loss 1: 1.9747129678726196, loss 2: 0.0009076932328753173
client running:8/22, client loss: 2.058356523513794, loss 1: 1.9785189628601074, loss 2: 0.0007983765099197626
client running:9/22, client loss: 2.0550248622894287, loss 1: 1.9904978275299072, loss 2: 0.0006452706875279546
client running:10/22, client loss: 2.0695974826812744, loss 1: 1.968611717224121, loss 2: 0.0010098566999658942
client running:11/22, client loss: 2.059370756149292, loss 1: 1.9815974235534668, loss 2: 0.000777733395807445
client running:12/22, client loss: 2.0691370964050293, loss 1: 1.9965242147445679, loss 2: 0.0007261292776092887
client running:13/22, client loss: 2.072467088699341, loss 1: 1.9988219738006592, loss 2: 0.0007364517077803612
client running:14/22, client loss: 2.079616069793701, loss 1: 1.998403787612915, loss 2: 0.0008121223654597998
client running:15/22, client loss: 2.101593255996704, loss 1: 1.9897042512893677, loss 2: 0.0011188905918970704
client running:16/22, client loss: 2.060612916946411, loss 1: 1.9856226444244385, loss 2: 0.000749903847463429
client running:17/22, client loss: 2.062826633453369, loss 1: 1.969559669494629, loss 2: 0.0009326690342277288
client running:18/22, client loss: 2.053549289703369, loss 1: 1.9864245653152466, loss 2: 0.0006712477188557386
client running:19/22, client loss: 2.069959878921509, loss 1: 1.981706976890564, loss 2: 0.0008825280237942934
client running:20/22, client loss: 2.0460336208343506, loss 1: 1.97830069065094, loss 2: 0.0006773282075300813
client running:21/22, client loss: 2.073622941970825, loss 1: 1.9999254941940308, loss 2: 0.0007369749364443123
server loss: tensor([[0.8869, 0.7108, 0.6917, 0.7570, 0.7474, 0.7755, 0.7463, 0.7266],
        [0.7531, 0.8981, 0.8172, 0.7550, 0.7922, 0.7671, 0.8482, 0.7741],
        [0.7366, 0.8318, 0.8539, 0.7224, 0.8183, 0.7246, 0.8300, 0.7764],
        [0.7660, 0.7543, 0.7411, 0.8634, 0.7354, 0.7859, 0.7338, 0.7349],
        [0.7366, 0.8318, 0.8539, 0.7224, 0.8183, 0.7246, 0.8300, 0.7764],
        [0.7691, 0.7483, 0.7508, 0.7816, 0.7477, 0.8666, 0.7602, 0.7626],
        [0.7490, 0.8393, 0.8001, 0.7175, 0.8067, 0.7315, 0.9212, 0.7656],
        [0.7279, 0.7481, 0.7575, 0.7298, 0.7249, 0.7253, 0.7615, 0.8884]],
       device='cuda:0')
client running:0/16, client loss: 2.0800530910491943, loss 1: 1.9945731163024902, loss 2: 0.0008547988254576921
client running:1/16, client loss: 2.05240797996521, loss 1: 1.9798386096954346, loss 2: 0.0007256933022290468
client running:2/16, client loss: 2.0754175186157227, loss 1: 1.9861208200454712, loss 2: 0.0008929664618335664
client running:3/16, client loss: 2.0729739665985107, loss 1: 1.9755488634109497, loss 2: 0.0009742506081238389
client running:4/16, client loss: 2.068023443222046, loss 1: 1.9788789749145508, loss 2: 0.000891443807631731
client running:5/16, client loss: 2.084806203842163, loss 1: 1.9756519794464111, loss 2: 0.0010915418388321996
client running:6/16, client loss: 2.0616371631622314, loss 1: 1.9693114757537842, loss 2: 0.0009232561569660902
client running:7/16, client loss: 2.085651397705078, loss 1: 1.9764699935913086, loss 2: 0.00109181459993124
client running:8/16, client loss: 2.0726168155670166, loss 1: 1.9919929504394531, loss 2: 0.0008062397828325629
client running:9/16, client loss: 2.0508785247802734, loss 1: 1.9738600254058838, loss 2: 0.0007701844442635775
client running:10/16, client loss: 2.0724470615386963, loss 1: 1.9695204496383667, loss 2: 0.0010292655788362026
client running:11/16, client loss: 2.061307668685913, loss 1: 2.003366708755493, loss 2: 0.0005794101161882281
client running:12/16, client loss: 2.0782556533813477, loss 1: 1.9844861030578613, loss 2: 0.0009376953821629286
client running:13/16, client loss: 2.0849623680114746, loss 1: 2.002251148223877, loss 2: 0.0008271128754131496
client running:14/16, client loss: 2.0539016723632812, loss 1: 1.9927620887756348, loss 2: 0.0006113950512371957
client running:15/16, client loss: 2.052381753921509, loss 1: 1.9804641008377075, loss 2: 0.0007191771874204278
server loss: tensor([[0.8674, 0.7860, 0.7368, 0.6912, 0.7557, 0.7132, 0.7677, 0.7654],
        [0.8054, 0.8878, 0.7537, 0.6912, 0.7780, 0.7272, 0.7637, 0.7519],
        [0.7313, 0.7189, 0.8774, 0.7702, 0.7321, 0.7614, 0.7048, 0.7895],
        [0.7244, 0.6885, 0.7458, 0.9286, 0.7105, 0.8248, 0.6870, 0.7610],
        [0.7841, 0.8090, 0.7108, 0.6987, 0.8996, 0.7359, 0.7644, 0.7299],
        [0.7178, 0.6854, 0.7430, 0.8849, 0.6923, 0.8796, 0.6722, 0.7821],
        [0.7868, 0.7564, 0.7475, 0.7182, 0.7538, 0.7363, 0.8290, 0.7760],
        [0.7520, 0.7184, 0.7818, 0.7595, 0.7003, 0.7643, 0.7183, 0.8769]],
       device='cuda:0')
client running:0/50, client loss: 2.108591079711914, loss 1: 1.9895548820495605, loss 2: 0.0011903627309948206
client running:1/50, client loss: 2.055421829223633, loss 1: 1.9769718647003174, loss 2: 0.0007844998617656529
client running:2/50, client loss: 2.035588502883911, loss 1: 1.9693093299865723, loss 2: 0.0006627922412008047
client running:3/50, client loss: 2.0717124938964844, loss 1: 1.9794831275939941, loss 2: 0.0009222936350852251
client running:4/50, client loss: 2.0657413005828857, loss 1: 1.978317379951477, loss 2: 0.0008742400677874684
client running:5/50, client loss: 2.0429201126098633, loss 1: 1.9679906368255615, loss 2: 0.0007492959266528487
client running:6/50, client loss: 2.0688095092773438, loss 1: 1.976546287536621, loss 2: 0.0009226318798027933
client running:7/50, client loss: 2.051933765411377, loss 1: 1.9820671081542969, loss 2: 0.0006986675434745848
client running:8/50, client loss: 2.063629388809204, loss 1: 1.9728106260299683, loss 2: 0.0009081877069547772
client running:9/50, client loss: 2.056480884552002, loss 1: 1.9719653129577637, loss 2: 0.0008451556786894798
client running:10/50, client loss: 2.075486183166504, loss 1: 1.970196008682251, loss 2: 0.0010529016144573689
client running:11/50, client loss: 2.087566375732422, loss 1: 1.9849495887756348, loss 2: 0.0010261686984449625
client running:12/50, client loss: 2.0898897647857666, loss 1: 2.0007870197296143, loss 2: 0.0008910277974791825
client running:13/50, client loss: 2.0890369415283203, loss 1: 1.991945505142212, loss 2: 0.0009709136793389916
client running:14/50, client loss: 2.063523054122925, loss 1: 1.9795194864273071, loss 2: 0.0008400353835895658
client running:15/50, client loss: 2.0869743824005127, loss 1: 2.0000698566436768, loss 2: 0.0008690443355590105
client running:16/50, client loss: 2.07232666015625, loss 1: 1.9834415912628174, loss 2: 0.0008888507727533579
client running:17/50, client loss: 2.048259735107422, loss 1: 2.0015053749084473, loss 2: 0.00046754442155361176
client running:18/50, client loss: 2.0547916889190674, loss 1: 1.9832606315612793, loss 2: 0.0007153094629757106
client running:19/50, client loss: 2.085747480392456, loss 1: 1.9751499891281128, loss 2: 0.0011059739626944065
client running:20/50, client loss: 2.0680856704711914, loss 1: 1.9719194173812866, loss 2: 0.0009616632014513016
client running:21/50, client loss: 2.074918031692505, loss 1: 1.9724502563476562, loss 2: 0.0010246781166642904
client running:22/50, client loss: 2.0974531173706055, loss 1: 1.9991694688796997, loss 2: 0.0009828354232013226
client running:23/50, client loss: 2.0815517902374268, loss 1: 1.9777976274490356, loss 2: 0.0010375410784035921
client running:24/50, client loss: 2.061633586883545, loss 1: 1.9842581748962402, loss 2: 0.0007737536798231304
client running:25/50, client loss: 2.0482780933380127, loss 1: 1.986625075340271, loss 2: 0.0006165290251374245
client running:26/50, client loss: 2.047703266143799, loss 1: 1.981711983680725, loss 2: 0.00065991235896945
client running:27/50, client loss: 2.0687642097473145, loss 1: 1.9773510694503784, loss 2: 0.0009141316986642778
client running:28/50, client loss: 2.0676729679107666, loss 1: 1.9867022037506104, loss 2: 0.0008097079116851091
client running:29/50, client loss: 2.074465751647949, loss 1: 1.9728153944015503, loss 2: 0.0010165043640881777
client running:30/50, client loss: 2.044053316116333, loss 1: 1.9786224365234375, loss 2: 0.0006543092895299196
client running:31/50, client loss: 2.0704421997070312, loss 1: 1.9886144399642944, loss 2: 0.0008182773599401116
client running:32/50, client loss: 2.0758097171783447, loss 1: 2.015023708343506, loss 2: 0.0006078603328205645
client running:33/50, client loss: 2.056000232696533, loss 1: 1.9836795330047607, loss 2: 0.0007232071366161108
client running:34/50, client loss: 2.0922656059265137, loss 1: 1.984042763710022, loss 2: 0.001082229195162654
client running:35/50, client loss: 2.049057960510254, loss 1: 1.969512701034546, loss 2: 0.0007954523316584527
client running:36/50, client loss: 2.071401596069336, loss 1: 1.985992670059204, loss 2: 0.000854089274071157
client running:37/50, client loss: 2.085599660873413, loss 1: 1.9716501235961914, loss 2: 0.0011394948232918978
client running:38/50, client loss: 2.087790012359619, loss 1: 1.9891074895858765, loss 2: 0.0009868252091109753
client running:39/50, client loss: 2.0635757446289062, loss 1: 1.9860776662826538, loss 2: 0.0007749801152385771
client running:40/50, client loss: 2.064018964767456, loss 1: 1.9932005405426025, loss 2: 0.0007081833318807185
client running:41/50, client loss: 2.0522215366363525, loss 1: 1.9786134958267212, loss 2: 0.0007360804593190551
client running:42/50, client loss: 2.0701377391815186, loss 1: 1.9877434968948364, loss 2: 0.0008239419548772275
client running:43/50, client loss: 2.0555384159088135, loss 1: 1.9861429929733276, loss 2: 0.0006939549930393696
client running:44/50, client loss: 2.0747575759887695, loss 1: 2.0029900074005127, loss 2: 0.0007176767103374004
client running:45/50, client loss: 2.0533111095428467, loss 1: 1.9686145782470703, loss 2: 0.0008469644817523658
client running:46/50, client loss: 2.078028678894043, loss 1: 1.9980756044387817, loss 2: 0.0007995313499122858
client running:47/50, client loss: 2.049820899963379, loss 1: 1.9729405641555786, loss 2: 0.0007688028272241354
client running:48/50, client loss: 2.0814454555511475, loss 1: 1.990487813949585, loss 2: 0.0009095766581594944
client running:49/50, client loss: 2.0412397384643555, loss 1: 1.9726839065551758, loss 2: 0.0006855582469142973
server loss: tensor([[0.8809, 0.7257, 0.7396, 0.7089, 0.7054, 0.6930, 0.7228, 0.7264],
        [0.7481, 0.9150, 0.7228, 0.7056, 0.7873, 0.7337, 0.8792, 0.8886],
        [0.7809, 0.7483, 0.9181, 0.7257, 0.7363, 0.7369, 0.7645, 0.7691],
        [0.7531, 0.7367, 0.7446, 0.9218, 0.6970, 0.6941, 0.7520, 0.7440],
        [0.7402, 0.7820, 0.7317, 0.6889, 0.9417, 0.7416, 0.7861, 0.8027],
        [0.7194, 0.7535, 0.7450, 0.6937, 0.7830, 0.8851, 0.7534, 0.7383],
        [0.7481, 0.9150, 0.7228, 0.7056, 0.7873, 0.7337, 0.8792, 0.8886],
        [0.7481, 0.9150, 0.7228, 0.7056, 0.7873, 0.7337, 0.8792, 0.8886]],
       device='cuda:0')
server average tensor
client running:0/11, client loss: 2.047154426574707, loss 1: 1.9887127876281738, loss 2: 0.0005844165571033955
client running:1/11, client loss: 2.0570950508117676, loss 1: 1.9765150547027588, loss 2: 0.000805800489615649
client running:2/11, client loss: 2.076622724533081, loss 1: 1.9871294498443604, loss 2: 0.0008949337061494589
client running:3/11, client loss: 2.05623197555542, loss 1: 1.9753090143203735, loss 2: 0.0008092307252809405
client running:4/11, client loss: 2.076618194580078, loss 1: 1.9912029504776, loss 2: 0.000854152487590909
client running:5/11, client loss: 2.048701047897339, loss 1: 1.962672233581543, loss 2: 0.0008602874586358666
client running:6/11, client loss: 2.0616648197174072, loss 1: 1.9763553142547607, loss 2: 0.0008530940394848585
client running:7/11, client loss: 2.049771308898926, loss 1: 1.9762929677963257, loss 2: 0.0007347828359343112
client running:8/11, client loss: 2.045909881591797, loss 1: 1.984578013420105, loss 2: 0.0006133181741461158
client running:9/11, client loss: 2.0659117698669434, loss 1: 1.996403694152832, loss 2: 0.0006950813694857061
client running:10/11, client loss: 2.058924674987793, loss 1: 1.98873770236969, loss 2: 0.000701870652846992
server loss: tensor([[0.8942, 0.7614, 0.7378, 0.7310, 0.8259, 0.8777, 0.7596, 0.7957],
        [0.7747, 0.9288, 0.6847, 0.7300, 0.7348, 0.7559, 0.7200, 0.7294],
        [0.7501, 0.7347, 0.8803, 0.7496, 0.7472, 0.7310, 0.7735, 0.7552],
        [0.7218, 0.7363, 0.7302, 0.9031, 0.6955, 0.7237, 0.8146, 0.7386],
        [0.7962, 0.7627, 0.8118, 0.7221, 0.8696, 0.7988, 0.7595, 0.7786],
        [0.8942, 0.7614, 0.7378, 0.7310, 0.8259, 0.8777, 0.7596, 0.7957],
        [0.7388, 0.7843, 0.7493, 0.8026, 0.7389, 0.7468, 0.8905, 0.7929],
        [0.7364, 0.7296, 0.7205, 0.7162, 0.7537, 0.7251, 0.7360, 0.8460]],
       device='cuda:0')
client running:0/16, client loss: 2.0677754878997803, loss 1: 1.9791369438171387, loss 2: 0.0008863856783136725
client running:1/16, client loss: 2.0542964935302734, loss 1: 1.9911675453186035, loss 2: 0.0006312906625680625
client running:2/16, client loss: 2.0522003173828125, loss 1: 1.9756290912628174, loss 2: 0.0007657124660909176
client running:3/16, client loss: 2.061713695526123, loss 1: 1.9795830249786377, loss 2: 0.0008213066612370312
client running:4/16, client loss: 2.0702645778656006, loss 1: 1.9812191724777222, loss 2: 0.0008904534042812884
client running:5/16, client loss: 2.068073272705078, loss 1: 1.9641717672348022, loss 2: 0.0010390151292085648
client running:6/16, client loss: 2.0718798637390137, loss 1: 1.9795100688934326, loss 2: 0.0009236967889592052
client running:7/16, client loss: 2.0824949741363525, loss 1: 1.9805911779403687, loss 2: 0.0010190375614911318
client running:8/16, client loss: 2.065098762512207, loss 1: 1.9879155158996582, loss 2: 0.0007718332344666123
client running:9/16, client loss: 2.040600538253784, loss 1: 1.9624472856521606, loss 2: 0.0007815322605893016
client running:10/16, client loss: 2.059007167816162, loss 1: 1.977738618850708, loss 2: 0.0008126846514642239
client running:11/16, client loss: 2.049612283706665, loss 1: 1.9793767929077148, loss 2: 0.0007023559883236885
client running:12/16, client loss: 2.069979429244995, loss 1: 1.9939501285552979, loss 2: 0.0007602929836139083
client running:13/16, client loss: 2.055694341659546, loss 1: 1.9856187105178833, loss 2: 0.0007007570238783956
client running:14/16, client loss: 2.112034320831299, loss 1: 1.9987770318984985, loss 2: 0.0011325734667479992
client running:15/16, client loss: 2.058586835861206, loss 1: 1.982818841934204, loss 2: 0.0007576794596388936
server loss: tensor([[0.9003, 0.7062, 0.7706, 0.7141, 0.7103, 0.7547, 0.7174, 0.7254],
        [0.7167, 0.8992, 0.7575, 0.7794, 0.7889, 0.7162, 0.7156, 0.8091],
        [0.7852, 0.7169, 0.8736, 0.7271, 0.7513, 0.7867, 0.7377, 0.7607],
        [0.7619, 0.8175, 0.7452, 0.8313, 0.8128, 0.7559, 0.7405, 0.7948],
        [0.7663, 0.7723, 0.7680, 0.8028, 0.9283, 0.7634, 0.7753, 0.8010],
        [0.7758, 0.6902, 0.7788, 0.7129, 0.7295, 0.8783, 0.7031, 0.7236],
        [0.7724, 0.7114, 0.7313, 0.7117, 0.7388, 0.7652, 0.9617, 0.7194],
        [0.7597, 0.8079, 0.7819, 0.8040, 0.8160, 0.7803, 0.7549, 0.8478]],
       device='cuda:0')
client running:0/22, client loss: 2.051784038543701, loss 1: 1.9780373573303223, loss 2: 0.0007374660344794393
client running:1/22, client loss: 2.0668487548828125, loss 1: 1.9778388738632202, loss 2: 0.0008900982793420553
client running:2/22, client loss: 2.037529945373535, loss 1: 1.9802875518798828, loss 2: 0.0005724234506487846
client running:3/22, client loss: 2.0894110202789307, loss 1: 1.9862048625946045, loss 2: 0.001032060943543911
client running:4/22, client loss: 2.07379150390625, loss 1: 1.9862173795700073, loss 2: 0.0008757400210015476
client running:5/22, client loss: 2.0616979598999023, loss 1: 1.980446457862854, loss 2: 0.0008125160238705575
client running:6/22, client loss: 2.0610880851745605, loss 1: 1.9926437139511108, loss 2: 0.0006844442686997354
client running:7/22, client loss: 2.061934232711792, loss 1: 1.9889124631881714, loss 2: 0.0007302188314497471
client running:8/22, client loss: 2.1003201007843018, loss 1: 1.9985064268112183, loss 2: 0.0010181363904848695
client running:9/22, client loss: 2.0589487552642822, loss 1: 1.9701564311981201, loss 2: 0.0008879242232069373
client running:10/22, client loss: 2.070537805557251, loss 1: 2.015514612197876, loss 2: 0.0005502315470948815
client running:11/22, client loss: 2.082026243209839, loss 1: 1.9875725507736206, loss 2: 0.0009445364703424275
client running:12/22, client loss: 2.0740902423858643, loss 1: 1.9829857349395752, loss 2: 0.0009110450046136975
client running:13/22, client loss: 2.079789876937866, loss 1: 2.003939628601074, loss 2: 0.0007585013518109918
client running:14/22, client loss: 2.052340269088745, loss 1: 1.9826523065567017, loss 2: 0.0006968802772462368
client running:15/22, client loss: 2.0919225215911865, loss 1: 1.9928052425384521, loss 2: 0.0009911718079820275
client running:16/22, client loss: 2.0780816078186035, loss 1: 1.9817097187042236, loss 2: 0.0009637182811275125
client running:17/22, client loss: 2.0861611366271973, loss 1: 2.0039448738098145, loss 2: 0.0008221614989452064
client running:18/22, client loss: 2.0745248794555664, loss 1: 1.9856234788894653, loss 2: 0.0008890132885426283
client running:19/22, client loss: 2.042928695678711, loss 1: 1.985178828239441, loss 2: 0.0005774990422651172
client running:20/22, client loss: 2.0601143836975098, loss 1: 1.956985354423523, loss 2: 0.0010312902741134167
client running:21/22, client loss: 2.090158462524414, loss 1: 2.0025134086608887, loss 2: 0.0008764505619183183
server loss: tensor([[0.8453, 0.8057, 0.7588, 0.8216, 0.7606, 0.7343, 0.7335, 0.8273],
        [0.7834, 0.9053, 0.7559, 0.7921, 0.7851, 0.7588, 0.7604, 0.7889],
        [0.7376, 0.7804, 0.8108, 0.7499, 0.7222, 0.7226, 0.7043, 0.7683],
        [0.7819, 0.7989, 0.8056, 0.8630, 0.7593, 0.7495, 0.7411, 0.8541],
        [0.7470, 0.7793, 0.7315, 0.7724, 0.8756, 0.7308, 0.7441, 0.7589],
        [0.7373, 0.7253, 0.7515, 0.7260, 0.7413, 0.9162, 0.7463, 0.7618],
        [0.7449, 0.7397, 0.7231, 0.7324, 0.7468, 0.7763, 0.8846, 0.7446],
        [0.7819, 0.7989, 0.8056, 0.8630, 0.7593, 0.7495, 0.7411, 0.8541]],
       device='cuda:0')
client running:0/16, client loss: 2.069499969482422, loss 1: 1.9880797863006592, loss 2: 0.0008142013102769852
client running:1/16, client loss: 2.0693416595458984, loss 1: 1.9844094514846802, loss 2: 0.0008493224158883095
client running:2/16, client loss: 2.075653076171875, loss 1: 1.992836594581604, loss 2: 0.000828165328130126
client running:3/16, client loss: 2.086209774017334, loss 1: 1.9766348600387573, loss 2: 0.0010957500198855996
client running:4/16, client loss: 2.085380792617798, loss 1: 1.9569878578186035, loss 2: 0.0012839303817600012
client running:5/16, client loss: 2.058695077896118, loss 1: 1.9864044189453125, loss 2: 0.000722905620932579
client running:6/16, client loss: 2.0647523403167725, loss 1: 1.979447364807129, loss 2: 0.0008530499180778861
client running:7/16, client loss: 2.0820908546447754, loss 1: 1.9794881343841553, loss 2: 0.001026028417982161
client running:8/16, client loss: 2.0506041049957275, loss 1: 1.9901766777038574, loss 2: 0.0006042745662853122
client running:9/16, client loss: 2.0527894496917725, loss 1: 1.9744318723678589, loss 2: 0.000783574883826077
client running:10/16, client loss: 2.0771400928497314, loss 1: 1.9809495210647583, loss 2: 0.0009619046468287706
client running:11/16, client loss: 2.0891897678375244, loss 1: 1.9974033832550049, loss 2: 0.000917864846996963
client running:12/16, client loss: 2.0884528160095215, loss 1: 2.00734806060791, loss 2: 0.0008110475027933717
client running:13/16, client loss: 2.0705885887145996, loss 1: 1.9877547025680542, loss 2: 0.0008283400675281882
client running:14/16, client loss: 2.091092824935913, loss 1: 1.9785051345825195, loss 2: 0.0011258774902671576
client running:15/16, client loss: 2.0851776599884033, loss 1: 1.978449821472168, loss 2: 0.0010672778589650989
server loss: tensor([[0.8792, 0.7583, 0.8139, 0.7670, 0.7647, 0.7506, 0.7056, 0.7497],
        [0.7134, 0.9359, 0.7325, 0.7120, 0.6834, 0.7063, 0.6589, 0.7053],
        [0.7857, 0.7285, 0.8062, 0.7368, 0.7386, 0.7453, 0.7118, 0.7477],
        [0.7264, 0.6999, 0.7085, 0.8511, 0.6815, 0.6943, 0.6978, 0.7479],
        [0.6931, 0.6931, 0.6950, 0.6833, 0.8429, 0.7750, 0.7174, 0.7187],
        [0.7374, 0.7424, 0.7327, 0.7687, 0.7542, 0.8687, 0.7499, 0.7249],
        [0.6892, 0.7160, 0.7031, 0.7129, 0.7256, 0.7789, 0.8695, 0.7161],
        [0.7506, 0.7028, 0.6880, 0.7032, 0.6925, 0.6738, 0.6773, 0.8722]],
       device='cuda:0')
client running:0/50, client loss: 2.0690672397613525, loss 1: 1.970518708229065, loss 2: 0.00098548480309546
client running:1/50, client loss: 2.0430383682250977, loss 1: 1.972334623336792, loss 2: 0.0007070376304909587
client running:2/50, client loss: 2.056218147277832, loss 1: 1.974189043045044, loss 2: 0.0008202902972698212
client running:3/50, client loss: 2.047977924346924, loss 1: 1.9718000888824463, loss 2: 0.0007617782102897763
client running:4/50, client loss: 2.064744472503662, loss 1: 1.9834100008010864, loss 2: 0.0008133458322845399
client running:5/50, client loss: 2.0480592250823975, loss 1: 1.987015962600708, loss 2: 0.0006104321219027042
client running:6/50, client loss: 2.04119610786438, loss 1: 1.9795985221862793, loss 2: 0.0006159755866974592
client running:7/50, client loss: 2.0523624420166016, loss 1: 1.985246181488037, loss 2: 0.000671162735670805
client running:8/50, client loss: 2.0686419010162354, loss 1: 2.0000977516174316, loss 2: 0.0006854411913082004
client running:9/50, client loss: 2.0741403102874756, loss 1: 2.002748489379883, loss 2: 0.000713918125256896
client running:10/50, client loss: 2.0475802421569824, loss 1: 1.9801437854766846, loss 2: 0.0006743639823980629
client running:11/50, client loss: 2.0598888397216797, loss 1: 1.966991662979126, loss 2: 0.0009289711015298963
client running:12/50, client loss: 2.0470309257507324, loss 1: 1.983858346939087, loss 2: 0.0006317265797406435
client running:13/50, client loss: 2.0807323455810547, loss 1: 1.978613257408142, loss 2: 0.001021191361360252
client running:14/50, client loss: 2.0518476963043213, loss 1: 1.992681860923767, loss 2: 0.0005916588706895709
client running:15/50, client loss: 2.051844596862793, loss 1: 1.9802229404449463, loss 2: 0.0007162166875787079
client running:16/50, client loss: 2.0518879890441895, loss 1: 1.9675161838531494, loss 2: 0.0008437170181423426
client running:17/50, client loss: 2.095031976699829, loss 1: 2.006298303604126, loss 2: 0.0008873373153619468
client running:18/50, client loss: 2.052661180496216, loss 1: 1.9622846841812134, loss 2: 0.0009037654381245375
client running:19/50, client loss: 2.0567991733551025, loss 1: 1.9828770160675049, loss 2: 0.0007392223924398422
client running:20/50, client loss: 2.0789406299591064, loss 1: 1.985553503036499, loss 2: 0.0009338721865788102
client running:21/50, client loss: 2.075247049331665, loss 1: 1.9885436296463013, loss 2: 0.0008670341339893639
client running:22/50, client loss: 2.0693297386169434, loss 1: 1.9864877462387085, loss 2: 0.0008284208597615361
client running:23/50, client loss: 2.07873797416687, loss 1: 1.985427975654602, loss 2: 0.0009331002947874367
client running:24/50, client loss: 2.070058822631836, loss 1: 1.9884473085403442, loss 2: 0.0008161150617524981
client running:25/50, client loss: 2.0813376903533936, loss 1: 1.992569923400879, loss 2: 0.0008876770734786987
client running:26/50, client loss: 2.0447845458984375, loss 1: 1.9741904735565186, loss 2: 0.0007059401250444353
client running:27/50, client loss: 2.088627576828003, loss 1: 1.987121343612671, loss 2: 0.0010150615125894547
client running:28/50, client loss: 2.040443181991577, loss 1: 1.9838204383850098, loss 2: 0.0005662268958985806
client running:29/50, client loss: 2.079132556915283, loss 1: 1.9874387979507446, loss 2: 0.0009169378317892551
client running:30/50, client loss: 2.0639610290527344, loss 1: 1.9725052118301392, loss 2: 0.000914558710064739
client running:31/50, client loss: 2.0603761672973633, loss 1: 1.9842075109481812, loss 2: 0.0007616854854859412
client running:32/50, client loss: 2.062826633453369, loss 1: 1.99300217628479, loss 2: 0.0006982437917031348
client running:33/50, client loss: 2.0784080028533936, loss 1: 1.9806185960769653, loss 2: 0.0009778945241123438
client running:34/50, client loss: 2.0300166606903076, loss 1: 1.9649512767791748, loss 2: 0.0006506538484245539
client running:35/50, client loss: 2.103240728378296, loss 1: 2.0206329822540283, loss 2: 0.000826076720841229
client running:36/50, client loss: 2.090420722961426, loss 1: 1.9976179599761963, loss 2: 0.0009280273225158453
client running:37/50, client loss: 2.0688514709472656, loss 1: 1.991058111190796, loss 2: 0.0007779343868605793
client running:38/50, client loss: 2.0768609046936035, loss 1: 1.9988505840301514, loss 2: 0.0007801036117598414
client running:39/50, client loss: 2.0655293464660645, loss 1: 1.9750796556472778, loss 2: 0.0009044972830452025
client running:40/50, client loss: 2.0707626342773438, loss 1: 1.9935190677642822, loss 2: 0.0007724351016804576
client running:41/50, client loss: 2.062553882598877, loss 1: 1.982283592224121, loss 2: 0.0008027023286558688
client running:42/50, client loss: 2.0817482471466064, loss 1: 1.9790912866592407, loss 2: 0.0010265689343214035
client running:43/50, client loss: 2.0749404430389404, loss 1: 1.977007508277893, loss 2: 0.0009793303906917572
client running:44/50, client loss: 2.078569173812866, loss 1: 1.9677537679672241, loss 2: 0.0011081536067649722
client running:45/50, client loss: 2.080935001373291, loss 1: 1.988914966583252, loss 2: 0.0009201991488225758
client running:46/50, client loss: 2.0751380920410156, loss 1: 1.99347722530365, loss 2: 0.0008166074985638261
client running:47/50, client loss: 2.068676233291626, loss 1: 1.9920201301574707, loss 2: 0.0007665611337870359
client running:48/50, client loss: 2.0745527744293213, loss 1: 1.9910929203033447, loss 2: 0.0008345977985300124
client running:49/50, client loss: 2.0597596168518066, loss 1: 1.9835084676742554, loss 2: 0.000762510928325355
server loss: tensor([[0.9631, 0.7594, 0.7179, 0.7320, 0.7429, 0.7537, 0.7475, 0.7696],
        [0.7662, 0.8488, 0.7402, 0.6873, 0.7142, 0.7850, 0.7448, 0.7555],
        [0.7330, 0.7513, 0.8576, 0.7320, 0.8053, 0.7331, 0.8084, 0.7278],
        [0.7316, 0.7281, 0.7159, 0.9214, 0.7419, 0.7072, 0.7436, 0.7374],
        [0.7680, 0.8026, 0.8143, 0.7562, 0.8745, 0.7622, 0.7980, 0.7531],
        [0.7730, 0.8014, 0.7560, 0.7119, 0.7520, 0.8144, 0.7746, 0.7809],
        [0.7472, 0.7530, 0.7796, 0.7352, 0.7650, 0.7547, 0.9224, 0.7305],
        [0.7723, 0.7445, 0.7517, 0.7325, 0.7211, 0.7388, 0.7650, 0.8663]],
       device='cuda:0')
server average tensor
client running:0/11, client loss: 2.0927388668060303, loss 1: 1.989105224609375, loss 2: 0.0010363359469920397
client running:1/11, client loss: 2.0705513954162598, loss 1: 1.9902000427246094, loss 2: 0.0008035130449570715
client running:2/11, client loss: 2.0809125900268555, loss 1: 1.9945261478424072, loss 2: 0.0008638654253445566
client running:3/11, client loss: 2.04941725730896, loss 1: 1.973321795463562, loss 2: 0.0007609556196257472
client running:4/11, client loss: 2.0713987350463867, loss 1: 1.967859148979187, loss 2: 0.0010353962425142527
client running:5/11, client loss: 2.0603525638580322, loss 1: 1.972914695739746, loss 2: 0.0008743777289055288
client running:6/11, client loss: 2.0620334148406982, loss 1: 1.9830718040466309, loss 2: 0.0007896167226135731
client running:7/11, client loss: 2.053408145904541, loss 1: 1.9706180095672607, loss 2: 0.0008279001340270042
client running:8/11, client loss: 2.070056915283203, loss 1: 1.9937812089920044, loss 2: 0.0007627560989931226
client running:9/11, client loss: 2.053889751434326, loss 1: 1.9710289239883423, loss 2: 0.0008286081720143557
client running:10/11, client loss: 2.070612907409668, loss 1: 1.9819718599319458, loss 2: 0.0008864094270393252
server loss: tensor([[0.8612, 0.7558, 0.7309, 0.7767, 0.7350, 0.7202, 0.7356, 0.7728],
        [0.7536, 0.8750, 0.7422, 0.7469, 0.7577, 0.7337, 0.7425, 0.7429],
        [0.7424, 0.6983, 0.8509, 0.7353, 0.7229, 0.6906, 0.7354, 0.6886],
        [0.8078, 0.7852, 0.7611, 0.9443, 0.7557, 0.7211, 0.7670, 0.7955],
        [0.7222, 0.7339, 0.7194, 0.7316, 0.9069, 0.7592, 0.7798, 0.7202],
        [0.7061, 0.7008, 0.7309, 0.6981, 0.7721, 0.9270, 0.7659, 0.7011],
        [0.7752, 0.7303, 0.7431, 0.7602, 0.7627, 0.7491, 0.8343, 0.7615],
        [0.7473, 0.7371, 0.7399, 0.7687, 0.7594, 0.7383, 0.7856, 0.8751]],
       device='cuda:0')
client running:0/16, client loss: 2.073286533355713, loss 1: 1.987805724143982, loss 2: 0.0008548082550987601
client running:1/16, client loss: 2.0836145877838135, loss 1: 1.9905202388763428, loss 2: 0.0009309438173659146
client running:2/16, client loss: 2.046740770339966, loss 1: 1.973564624786377, loss 2: 0.0007317619165405631
client running:3/16, client loss: 2.094773292541504, loss 1: 1.9883463382720947, loss 2: 0.001064268872141838
client running:4/16, client loss: 2.067035436630249, loss 1: 1.9839988946914673, loss 2: 0.0008303648792207241
client running:5/16, client loss: 2.080613613128662, loss 1: 2.0046064853668213, loss 2: 0.0007600719691254199
client running:6/16, client loss: 2.0610764026641846, loss 1: 1.9889957904815674, loss 2: 0.0007208063034340739
client running:7/16, client loss: 2.0723071098327637, loss 1: 1.964397668838501, loss 2: 0.0010790954111143947
client running:8/16, client loss: 2.066540241241455, loss 1: 1.9814178943634033, loss 2: 0.000851223012432456
client running:9/16, client loss: 2.0883138179779053, loss 1: 1.9964779615402222, loss 2: 0.0009183593792840838
client running:10/16, client loss: 2.0659210681915283, loss 1: 1.981616735458374, loss 2: 0.0008430425659753382
client running:11/16, client loss: 2.062260150909424, loss 1: 1.9724736213684082, loss 2: 0.0008978652767837048
client running:12/16, client loss: 2.051168918609619, loss 1: 1.9657604694366455, loss 2: 0.0008540835697203875
client running:13/16, client loss: 2.048553943634033, loss 1: 1.986830472946167, loss 2: 0.0006172352004796267
client running:14/16, client loss: 2.050898551940918, loss 1: 1.958092451095581, loss 2: 0.000928059802390635
client running:15/16, client loss: 2.057634115219116, loss 1: 1.9916845560073853, loss 2: 0.0006594954174943268
server loss: tensor([[0.8770, 0.7431, 0.7883, 0.7962, 0.7896, 0.7810, 0.7357, 0.7912],
        [0.7393, 0.9070, 0.7087, 0.7898, 0.7154, 0.7055, 0.7052, 0.7825],
        [0.8237, 0.7557, 0.8972, 0.7758, 0.7908, 0.7616, 0.7539, 0.8291],
        [0.7821, 0.7868, 0.7332, 0.8865, 0.7322, 0.7138, 0.7409, 0.7805],
        [0.7907, 0.7272, 0.7806, 0.7609, 0.8582, 0.7961, 0.6959, 0.7452],
        [0.8117, 0.7344, 0.7718, 0.7646, 0.7609, 0.8775, 0.7322, 0.7663],
        [0.7621, 0.7442, 0.7431, 0.7616, 0.7082, 0.7020, 0.8638, 0.7644],
        [0.7556, 0.8137, 0.7572, 0.7673, 0.7306, 0.7168, 0.7636, 0.8783]],
       device='cuda:0')
client running:0/22, client loss: 2.0859925746917725, loss 1: 1.983744740486145, loss 2: 0.0010224793804809451
client running:1/22, client loss: 2.0596883296966553, loss 1: 1.9910767078399658, loss 2: 0.000686115410644561
client running:2/22, client loss: 2.0642285346984863, loss 1: 1.9866478443145752, loss 2: 0.0007758067222312093
client running:3/22, client loss: 2.072784185409546, loss 1: 1.9918899536132812, loss 2: 0.0008089418988674879
client running:4/22, client loss: 2.1176657676696777, loss 1: 1.9974474906921387, loss 2: 0.0012021835427731276
client running:5/22, client loss: 2.0818371772766113, loss 1: 1.9927349090576172, loss 2: 0.0008910223841667175
client running:6/22, client loss: 2.0695061683654785, loss 1: 1.9965591430664062, loss 2: 0.0007294691167771816
client running:7/22, client loss: 2.0826878547668457, loss 1: 2.0051956176757812, loss 2: 0.0007749226642772555
client running:8/22, client loss: 2.0347490310668945, loss 1: 1.9695159196853638, loss 2: 0.0006523309275507927
client running:9/22, client loss: 2.0412590503692627, loss 1: 1.970568060874939, loss 2: 0.0007069091661833227
client running:10/22, client loss: 2.06990122795105, loss 1: 1.9794116020202637, loss 2: 0.0009048970532603562
client running:11/22, client loss: 2.0521328449249268, loss 1: 1.9738212823867798, loss 2: 0.0007831165567040443
client running:12/22, client loss: 2.089204788208008, loss 1: 1.9986066818237305, loss 2: 0.0009059802978299558
client running:13/22, client loss: 2.0574419498443604, loss 1: 2.0077829360961914, loss 2: 0.0004965912667103112
client running:14/22, client loss: 2.0687415599823, loss 1: 1.9882304668426514, loss 2: 0.0008051100885495543
client running:15/22, client loss: 2.033825159072876, loss 1: 1.9761240482330322, loss 2: 0.0005770109710283577
client running:16/22, client loss: 2.0915398597717285, loss 1: 1.9879531860351562, loss 2: 0.0010358658619225025
client running:17/22, client loss: 2.0850226879119873, loss 1: 1.9798988103866577, loss 2: 0.0010512392036616802
client running:18/22, client loss: 2.060431957244873, loss 1: 1.9938740730285645, loss 2: 0.0006655782926827669
client running:19/22, client loss: 2.087761163711548, loss 1: 2.0089011192321777, loss 2: 0.000788601057138294
client running:20/22, client loss: 2.0611860752105713, loss 1: 1.9790407419204712, loss 2: 0.000821454101242125
client running:21/22, client loss: 2.084749460220337, loss 1: 1.9973621368408203, loss 2: 0.0008738736505620182
server loss: tensor([[0.8336, 0.7589, 0.7674, 0.7823, 0.7761, 0.7330, 0.7606, 0.7676],
        [0.8119, 0.8672, 0.7308, 0.7918, 0.7318, 0.7702, 0.7360, 0.7561],
        [0.6913, 0.6812, 0.8561, 0.7176, 0.7454, 0.6706, 0.7390, 0.7234],
        [0.7940, 0.7951, 0.7486, 0.8658, 0.7355, 0.7483, 0.7474, 0.7667],
        [0.7438, 0.7277, 0.7589, 0.7987, 0.8971, 0.7674, 0.9069, 0.7842],
        [0.7874, 0.7418, 0.6998, 0.7554, 0.7067, 0.8103, 0.7158, 0.6993],
        [0.7438, 0.7277, 0.7589, 0.7987, 0.8971, 0.7674, 0.9069, 0.7842],
        [0.7629, 0.7638, 0.7611, 0.7626, 0.7643, 0.7571, 0.7876, 0.9698]],
       device='cuda:0')
client running:0/16, client loss: 2.068633794784546, loss 1: 1.9898195266723633, loss 2: 0.000788143603131175
client running:1/16, client loss: 2.064629316329956, loss 1: 1.9852595329284668, loss 2: 0.0007936988840810955
client running:2/16, client loss: 2.075000047683716, loss 1: 1.986500859260559, loss 2: 0.0008849917212501168
client running:3/16, client loss: 2.0534820556640625, loss 1: 1.966598391532898, loss 2: 0.0008688364760018885
client running:4/16, client loss: 2.0731818675994873, loss 1: 2.00712513923645, loss 2: 0.000660566845908761
client running:5/16, client loss: 2.071715831756592, loss 1: 1.986720323562622, loss 2: 0.0008499555988237262
client running:6/16, client loss: 2.05617618560791, loss 1: 1.9912512302398682, loss 2: 0.0006492490065284073
client running:7/16, client loss: 2.1038005352020264, loss 1: 1.9890522956848145, loss 2: 0.001147481263615191
client running:8/16, client loss: 2.062516212463379, loss 1: 1.9731042385101318, loss 2: 0.0008941198466345668
client running:9/16, client loss: 2.071331739425659, loss 1: 2.007756471633911, loss 2: 0.0006357536767609417
client running:10/16, client loss: 2.0860159397125244, loss 1: 1.9718108177185059, loss 2: 0.0011420520022511482
client running:11/16, client loss: 2.0541810989379883, loss 1: 1.9618247747421265, loss 2: 0.0009235620964318514
client running:12/16, client loss: 2.053250312805176, loss 1: 1.956822156906128, loss 2: 0.000964280916377902
client running:13/16, client loss: 2.0485031604766846, loss 1: 1.9795820713043213, loss 2: 0.000689210370182991
client running:14/16, client loss: 2.0815956592559814, loss 1: 2.00390625, loss 2: 0.0007768942741677165
client running:15/16, client loss: 2.07122802734375, loss 1: 1.986896276473999, loss 2: 0.0008433168986812234
server loss: tensor([[0.8238, 0.7458, 0.7595, 0.6845, 0.7104, 0.7106, 0.7187, 0.7746],
        [0.7802, 0.8939, 0.8242, 0.7036, 0.7370, 0.7384, 0.7523, 0.7673],
        [0.7868, 0.7992, 0.8805, 0.7513, 0.7754, 0.7391, 0.7709, 0.8422],
        [0.7053, 0.7290, 0.7471, 0.9004, 0.7252, 0.7107, 0.7381, 0.8254],
        [0.7593, 0.7577, 0.7807, 0.7232, 0.9176, 0.7774, 0.7509, 0.7834],
        [0.7372, 0.7344, 0.7600, 0.7108, 0.7737, 0.8731, 0.7495, 0.7683],
        [0.7014, 0.6970, 0.7199, 0.6967, 0.7056, 0.6765, 0.8755, 0.7519],
        [0.7601, 0.7610, 0.7765, 0.7666, 0.7118, 0.7129, 0.7626, 0.8943]],
       device='cuda:0')
client running:0/50, client loss: 2.074970006942749, loss 1: 1.9904578924179077, loss 2: 0.0008451205212622881
client running:1/50, client loss: 2.094768524169922, loss 1: 1.9743900299072266, loss 2: 0.0012037858832627535
client running:2/50, client loss: 2.0575430393218994, loss 1: 1.9763838052749634, loss 2: 0.0008115918026305735
client running:3/50, client loss: 2.0402133464813232, loss 1: 1.968341588973999, loss 2: 0.000718718278221786
client running:4/50, client loss: 2.089989185333252, loss 1: 1.980705738067627, loss 2: 0.0010928354458883405
client running:5/50, client loss: 2.048658847808838, loss 1: 1.9905625581741333, loss 2: 0.0005809637950733304
client running:6/50, client loss: 2.088132858276367, loss 1: 1.98124098777771, loss 2: 0.0010689178016036749
client running:7/50, client loss: 2.079860210418701, loss 1: 1.9932069778442383, loss 2: 0.0008665319764986634
client running:8/50, client loss: 2.063967704772949, loss 1: 1.977889895439148, loss 2: 0.0008607773343101144
client running:9/50, client loss: 2.026090383529663, loss 1: 1.9740548133850098, loss 2: 0.0005203566397540271
client running:10/50, client loss: 2.0738656520843506, loss 1: 1.9931378364562988, loss 2: 0.0008072789059951901
client running:11/50, client loss: 2.054518461227417, loss 1: 1.9783289432525635, loss 2: 0.000761894159950316
client running:12/50, client loss: 2.058483600616455, loss 1: 1.9899030923843384, loss 2: 0.0006858059205114841
client running:13/50, client loss: 2.045161485671997, loss 1: 1.9754236936569214, loss 2: 0.0006973781855776906
client running:14/50, client loss: 2.078481674194336, loss 1: 1.975399136543274, loss 2: 0.001030824496410787
client running:15/50, client loss: 2.061361074447632, loss 1: 1.9732930660247803, loss 2: 0.0008806796977296472
client running:16/50, client loss: 2.069413185119629, loss 1: 1.9989919662475586, loss 2: 0.0007042128127068281
client running:17/50, client loss: 2.0650575160980225, loss 1: 1.985357403755188, loss 2: 0.0007970011793076992
client running:18/50, client loss: 2.064199924468994, loss 1: 1.982764720916748, loss 2: 0.0008143518352881074
client running:19/50, client loss: 2.1028480529785156, loss 1: 1.9812126159667969, loss 2: 0.0012163534993305802
client running:20/50, client loss: 2.052063465118408, loss 1: 1.9745609760284424, loss 2: 0.0007750249933451414
client running:21/50, client loss: 2.0660529136657715, loss 1: 1.9836523532867432, loss 2: 0.0008240049937739968
client running:22/50, client loss: 2.061269760131836, loss 1: 1.9741291999816895, loss 2: 0.0008714049472473562
client running:23/50, client loss: 2.081726312637329, loss 1: 1.995252013206482, loss 2: 0.0008647425565868616
client running:24/50, client loss: 2.0677695274353027, loss 1: 1.9702794551849365, loss 2: 0.0009748995653353631
client running:25/50, client loss: 2.061368942260742, loss 1: 1.9792429208755493, loss 2: 0.0008212594548240304
client running:26/50, client loss: 2.0440332889556885, loss 1: 1.981839895248413, loss 2: 0.0006219347706064582
client running:27/50, client loss: 2.0519354343414307, loss 1: 1.9874353408813477, loss 2: 0.000645000021904707
client running:28/50, client loss: 2.0424208641052246, loss 1: 1.9857186079025269, loss 2: 0.0005670232931151986
client running:29/50, client loss: 2.0941359996795654, loss 1: 1.9782353639602661, loss 2: 0.001159006031230092
client running:30/50, client loss: 2.061253786087036, loss 1: 1.993764877319336, loss 2: 0.0006748897721990943
client running:31/50, client loss: 2.0606818199157715, loss 1: 1.969651460647583, loss 2: 0.0009103037882596254
client running:32/50, client loss: 2.0651140213012695, loss 1: 1.9890282154083252, loss 2: 0.0007608589949086308
client running:33/50, client loss: 2.0457420349121094, loss 1: 1.9767606258392334, loss 2: 0.0006898143910802901
client running:34/50, client loss: 2.0695762634277344, loss 1: 1.9837100505828857, loss 2: 0.0008586628828197718
client running:35/50, client loss: 2.074864387512207, loss 1: 2.004744052886963, loss 2: 0.00070120336022228
client running:36/50, client loss: 2.073787212371826, loss 1: 1.9935986995697021, loss 2: 0.00080188421998173
client running:37/50, client loss: 2.056426525115967, loss 1: 1.976491928100586, loss 2: 0.0007993470644578338
client running:38/50, client loss: 2.0480899810791016, loss 1: 1.9750336408615112, loss 2: 0.0007305634208023548
client running:39/50, client loss: 2.0645127296447754, loss 1: 1.9839279651641846, loss 2: 0.0008058478124439716
client running:40/50, client loss: 2.063596725463867, loss 1: 1.9893054962158203, loss 2: 0.0007429116521961987
client running:41/50, client loss: 2.0597240924835205, loss 1: 1.966247320175171, loss 2: 0.0009347687009721994
client running:42/50, client loss: 2.0729517936706543, loss 1: 1.9918105602264404, loss 2: 0.0008114122319966555
client running:43/50, client loss: 2.0830228328704834, loss 1: 1.9827520847320557, loss 2: 0.0010027075186371803
client running:44/50, client loss: 2.052292585372925, loss 1: 1.9995417594909668, loss 2: 0.0005275092553347349
client running:45/50, client loss: 2.052279472351074, loss 1: 1.9748327732086182, loss 2: 0.0007744661998003721
client running:46/50, client loss: 2.049302339553833, loss 1: 1.9813426733016968, loss 2: 0.0006795977824367583
client running:47/50, client loss: 2.057828903198242, loss 1: 1.9778679609298706, loss 2: 0.0007996089989319444
client running:48/50, client loss: 2.065800189971924, loss 1: 2.0062921047210693, loss 2: 0.0005950804334133863
client running:49/50, client loss: 2.059832811355591, loss 1: 1.988777756690979, loss 2: 0.0007105505792424083
server loss: tensor([[0.9102, 0.7423, 0.7189, 0.7117, 0.7396, 0.7308, 0.7454, 0.7905],
        [0.6995, 0.9141, 0.6748, 0.6636, 0.7902, 0.6808, 0.7279, 0.6785],
        [0.7217, 0.7286, 0.8668, 0.8639, 0.7361, 0.8148, 0.7698, 0.7360],
        [0.7217, 0.7286, 0.8668, 0.8639, 0.7361, 0.8148, 0.7698, 0.7360],
        [0.7454, 0.7986, 0.7322, 0.7049, 0.8760, 0.7288, 0.7406, 0.7388],
        [0.7217, 0.7286, 0.8668, 0.8639, 0.7361, 0.8148, 0.7698, 0.7360],
        [0.6982, 0.7247, 0.7995, 0.7874, 0.7358, 0.7843, 0.8568, 0.7538],
        [0.7977, 0.7056, 0.7552, 0.7604, 0.7206, 0.7588, 0.7336, 0.8842]],
       device='cuda:0')
server average tensor
client running:0/11, client loss: 2.0550761222839355, loss 1: 1.9896160364151, loss 2: 0.0006546017830260098
client running:1/11, client loss: 2.047091484069824, loss 1: 1.972717523574829, loss 2: 0.0007437390740960836
client running:2/11, client loss: 2.0647079944610596, loss 1: 1.9695487022399902, loss 2: 0.0009515930432826281
client running:3/11, client loss: 2.1023547649383545, loss 1: 1.9945625066757202, loss 2: 0.0010779214790090919
client running:4/11, client loss: 2.0675032138824463, loss 1: 1.9827945232391357, loss 2: 0.0008470877073705196
client running:5/11, client loss: 2.072329044342041, loss 1: 1.9794886112213135, loss 2: 0.0009284039842896163
client running:6/11, client loss: 2.063577651977539, loss 1: 1.9775322675704956, loss 2: 0.0008604538161307573
client running:7/11, client loss: 2.065518379211426, loss 1: 1.9845026731491089, loss 2: 0.0008101564599201083
client running:8/11, client loss: 2.068592071533203, loss 1: 1.9840505123138428, loss 2: 0.0008454167982563376
client running:9/11, client loss: 2.036933660507202, loss 1: 1.9676742553710938, loss 2: 0.0006925943307578564
client running:10/11, client loss: 2.0677969455718994, loss 1: 1.989488124847412, loss 2: 0.0007830871036276221
server loss: tensor([[0.8517, 0.6970, 0.7632, 0.7043, 0.7036, 0.7390, 0.7077, 0.7065],
        [0.7187, 0.9066, 0.7141, 0.7133, 0.7290, 0.7466, 0.7270, 0.7346],
        [0.7709, 0.7062, 0.9136, 0.7239, 0.7579, 0.7660, 0.7639, 0.6970],
        [0.7269, 0.7063, 0.7293, 0.8903, 0.7930, 0.7165, 0.7813, 0.7494],
        [0.7239, 0.7004, 0.7562, 0.7596, 0.7912, 0.7158, 0.7897, 0.7755],
        [0.7865, 0.7048, 0.8060, 0.7369, 0.7562, 0.9049, 0.7471, 0.7396],
        [0.7511, 0.7638, 0.7461, 0.7408, 0.7578, 0.7110, 0.8220, 0.7275],
        [0.7353, 0.7562, 0.7356, 0.7582, 0.7535, 0.7383, 0.7497, 0.8826]],
       device='cuda:0')
client running:0/16, client loss: 2.083310842514038, loss 1: 2.001899003982544, loss 2: 0.0008141177240759134
client running:1/16, client loss: 2.031855583190918, loss 1: 1.962455153465271, loss 2: 0.0006940035964362323
client running:2/16, client loss: 2.0508227348327637, loss 1: 1.974875807762146, loss 2: 0.0007594703929498792
client running:3/16, client loss: 2.0505428314208984, loss 1: 1.9916107654571533, loss 2: 0.0005893203197047114
client running:4/16, client loss: 2.070051670074463, loss 1: 1.988652229309082, loss 2: 0.000813994905911386
client running:5/16, client loss: 2.1019458770751953, loss 1: 1.9929550886154175, loss 2: 0.001089908997528255
client running:6/16, client loss: 2.0699386596679688, loss 1: 1.9741164445877075, loss 2: 0.0009582225466147065
client running:7/16, client loss: 2.0587055683135986, loss 1: 1.9638265371322632, loss 2: 0.0009487911593168974
client running:8/16, client loss: 2.097744941711426, loss 1: 1.9843330383300781, loss 2: 0.0011341192293912172
client running:9/16, client loss: 2.068249225616455, loss 1: 2.0117647647857666, loss 2: 0.000564844289328903
client running:10/16, client loss: 2.0813639163970947, loss 1: 1.9606715440750122, loss 2: 0.0012069225776940584
client running:11/16, client loss: 2.0570764541625977, loss 1: 1.9754698276519775, loss 2: 0.0008160663419403136
client running:12/16, client loss: 2.048734664916992, loss 1: 1.9772390127182007, loss 2: 0.0007149555021896958
client running:13/16, client loss: 2.0478811264038086, loss 1: 1.9755809307098389, loss 2: 0.0007230010814964771
client running:14/16, client loss: 2.0689609050750732, loss 1: 1.97810697555542, loss 2: 0.0009085390483960509
client running:15/16, client loss: 2.082205057144165, loss 1: 2.0161783695220947, loss 2: 0.0006602667854167521
server loss: tensor([[0.8865, 0.8004, 0.7638, 0.7550, 0.7289, 0.7450, 0.7528, 0.7780],
        [0.7802, 0.8901, 0.7328, 0.7214, 0.6992, 0.7161, 0.6744, 0.7281],
        [0.7553, 0.7609, 0.8666, 0.8087, 0.7956, 0.8416, 0.7909, 0.8790],
        [0.7532, 0.7396, 0.7917, 0.9167, 0.7628, 0.7784, 0.7688, 0.8120],
        [0.7336, 0.7437, 0.7881, 0.7890, 0.8247, 0.7882, 0.8006, 0.8134],
        [0.7553, 0.7609, 0.8666, 0.8087, 0.7956, 0.8416, 0.7909, 0.8790],
        [0.7338, 0.7097, 0.7563, 0.7927, 0.7726, 0.7703, 0.8618, 0.8058],
        [0.7553, 0.7609, 0.8666, 0.8087, 0.7956, 0.8416, 0.7909, 0.8790]],
       device='cuda:0')
client running:0/22, client loss: 2.0775411128997803, loss 1: 1.978866457939148, loss 2: 0.000986746628768742
client running:1/22, client loss: 2.0640933513641357, loss 1: 1.993623971939087, loss 2: 0.000704693840816617
client running:2/22, client loss: 2.078547477722168, loss 1: 1.9742012023925781, loss 2: 0.0010434628929942846
client running:3/22, client loss: 2.0529367923736572, loss 1: 1.974975347518921, loss 2: 0.000779615540523082
client running:4/22, client loss: 2.07981014251709, loss 1: 2.0012764930725098, loss 2: 0.0007853367133066058
client running:5/22, client loss: 2.0762808322906494, loss 1: 1.993668556213379, loss 2: 0.0008261236362159252
client running:6/22, client loss: 2.0816893577575684, loss 1: 1.9754023551940918, loss 2: 0.001062869094312191
client running:7/22, client loss: 2.0644545555114746, loss 1: 2.00054669380188, loss 2: 0.0006390797207131982
client running:8/22, client loss: 2.0948543548583984, loss 1: 1.9724690914154053, loss 2: 0.0012238523922860622
client running:9/22, client loss: 2.076120376586914, loss 1: 2.0022597312927246, loss 2: 0.0007386053912341595
client running:10/22, client loss: 2.0526540279388428, loss 1: 1.9798120260238647, loss 2: 0.0007284205639734864
client running:11/22, client loss: 2.0614356994628906, loss 1: 1.992969036102295, loss 2: 0.0006846660398878157
client running:12/22, client loss: 2.0334324836730957, loss 1: 1.9618022441864014, loss 2: 0.0007163032423704863
client running:13/22, client loss: 2.081819534301758, loss 1: 1.9809625148773193, loss 2: 0.0010085698449984193
client running:14/22, client loss: 2.100465774536133, loss 1: 1.9970498085021973, loss 2: 0.0010341607267037034
client running:15/22, client loss: 2.036613702774048, loss 1: 1.959094762802124, loss 2: 0.0007751896628178656
client running:16/22, client loss: 2.045564889907837, loss 1: 1.9650367498397827, loss 2: 0.0008052823832258582
client running:17/22, client loss: 2.1003196239471436, loss 1: 1.9885342121124268, loss 2: 0.0011178533313795924
client running:18/22, client loss: 2.081423044204712, loss 1: 1.9926419258117676, loss 2: 0.0008878122316673398
client running:19/22, client loss: 2.062337636947632, loss 1: 1.988155484199524, loss 2: 0.0007418209570460021
client running:20/22, client loss: 2.0672740936279297, loss 1: 1.9855133295059204, loss 2: 0.000817607156932354
client running:21/22, client loss: 2.0917224884033203, loss 1: 1.9964497089385986, loss 2: 0.0009527266956865788
server loss: tensor([[0.9444, 0.8077, 0.7431, 0.7673, 0.7114, 0.7536, 0.7604, 0.7601],
        [0.7085, 0.7300, 0.7241, 0.7126, 0.6993, 0.7200, 0.7012, 0.7000],
        [0.7300, 0.7063, 0.9083, 0.7781, 0.7272, 0.7186, 0.7892, 0.7301],
        [0.7096, 0.7077, 0.7860, 0.8714, 0.7344, 0.7041, 0.7265, 0.7115],
        [0.7038, 0.7041, 0.7582, 0.7221, 0.8868, 0.7226, 0.6982, 0.6992],
        [0.7137, 0.6926, 0.7395, 0.7336, 0.7501, 0.7961, 0.7417, 0.7478],
        [0.7765, 0.7681, 0.7934, 0.7641, 0.7302, 0.7455, 0.8161, 0.7877],
        [0.7508, 0.7072, 0.7537, 0.7467, 0.7013, 0.7450, 0.7853, 0.8486]],
       device='cuda:0')
client running:0/16, client loss: 2.0541625022888184, loss 1: 1.983750820159912, loss 2: 0.0007041172357276082
client running:1/16, client loss: 2.0696065425872803, loss 1: 1.9924204349517822, loss 2: 0.0007718612323515117
client running:2/16, client loss: 2.050257444381714, loss 1: 1.9685224294662476, loss 2: 0.0008173494134098291
client running:3/16, client loss: 2.067988634109497, loss 1: 1.9595246315002441, loss 2: 0.0010846392251551151
client running:4/16, client loss: 2.0555419921875, loss 1: 1.9986623525619507, loss 2: 0.0005687957163900137
client running:5/16, client loss: 2.0683467388153076, loss 1: 1.9851948022842407, loss 2: 0.000831519952043891
client running:6/16, client loss: 2.082369089126587, loss 1: 1.9952671527862549, loss 2: 0.0008710202528163791
client running:7/16, client loss: 2.050016403198242, loss 1: 1.9728347063064575, loss 2: 0.0007718180422671139
client running:8/16, client loss: 2.051893949508667, loss 1: 1.9736782312393188, loss 2: 0.000782156188506633
client running:9/16, client loss: 2.0788395404815674, loss 1: 1.9706456661224365, loss 2: 0.0010819393210113049
client running:10/16, client loss: 2.0881998538970947, loss 1: 1.9947490692138672, loss 2: 0.0009345087455585599
client running:11/16, client loss: 2.0673413276672363, loss 1: 1.9932658672332764, loss 2: 0.000740755582228303
client running:12/16, client loss: 2.0572328567504883, loss 1: 1.9879193305969238, loss 2: 0.0006931342650204897
client running:13/16, client loss: 2.084031581878662, loss 1: 1.9757916927337646, loss 2: 0.0010823998600244522
client running:14/16, client loss: 2.0683369636535645, loss 1: 1.9953395128250122, loss 2: 0.0007299747667275369
client running:15/16, client loss: 2.0757553577423096, loss 1: 1.9896177053451538, loss 2: 0.0008613766403868794
server loss: tensor([[0.8268, 0.7228, 0.7206, 0.7535, 0.7197, 0.7458, 0.7363, 0.7444],
        [0.7378, 0.8463, 0.7385, 0.7518, 0.7857, 0.7218, 0.7326, 0.7795],
        [0.7547, 0.7435, 0.8587, 0.7556, 0.7360, 0.7942, 0.7007, 0.7392],
        [0.7459, 0.7005, 0.7481, 0.8775, 0.7650, 0.7468, 0.7804, 0.7787],
        [0.6914, 0.7161, 0.6686, 0.7928, 0.8673, 0.7000, 0.7707, 0.7464],
        [0.7330, 0.7227, 0.7630, 0.7082, 0.7094, 0.8832, 0.6939, 0.7190],
        [0.7057, 0.7489, 0.7043, 0.8278, 0.7867, 0.7243, 0.9249, 0.7571],
        [0.7096, 0.7575, 0.7262, 0.7423, 0.7538, 0.7248, 0.7409, 0.8833]],
       device='cuda:0')
client running:0/50, client loss: 2.0596725940704346, loss 1: 1.98659086227417, loss 2: 0.0007308167405426502
client running:1/50, client loss: 2.0712594985961914, loss 1: 1.9843158721923828, loss 2: 0.0008694359567016363
client running:2/50, client loss: 2.079158067703247, loss 1: 1.9761921167373657, loss 2: 0.001029658829793334
client running:3/50, client loss: 2.0383148193359375, loss 1: 1.9868098497390747, loss 2: 0.0005150504293851554
client running:4/50, client loss: 2.037487745285034, loss 1: 1.9780526161193848, loss 2: 0.0005943502765148878
client running:5/50, client loss: 2.0784242153167725, loss 1: 1.9912214279174805, loss 2: 0.000872027943842113
client running:6/50, client loss: 2.0675201416015625, loss 1: 1.9909261465072632, loss 2: 0.0007659397087991238
client running:7/50, client loss: 2.065450429916382, loss 1: 1.984973669052124, loss 2: 0.0008047667215578258
client running:8/50, client loss: 2.0627119541168213, loss 1: 2.0039546489715576, loss 2: 0.0005875727511011064
client running:9/50, client loss: 2.0824742317199707, loss 1: 1.9980355501174927, loss 2: 0.0008443855913355947
client running:10/50, client loss: 2.056917428970337, loss 1: 1.9807369709014893, loss 2: 0.0007618045201525092
client running:11/50, client loss: 2.064884901046753, loss 1: 1.9686150550842285, loss 2: 0.0009626981918700039
client running:12/50, client loss: 2.121929168701172, loss 1: 1.995787501335144, loss 2: 0.0012614157749339938
client running:13/50, client loss: 2.052520990371704, loss 1: 1.9727613925933838, loss 2: 0.0007975948974490166
client running:14/50, client loss: 2.0489842891693115, loss 1: 1.9540245532989502, loss 2: 0.0009495984413661063
client running:15/50, client loss: 2.0698654651641846, loss 1: 1.9755027294158936, loss 2: 0.0009436264517717063
client running:16/50, client loss: 2.0580368041992188, loss 1: 1.9782956838607788, loss 2: 0.0007974120089784265
client running:17/50, client loss: 2.0631933212280273, loss 1: 1.9906253814697266, loss 2: 0.0007256785174831748
client running:18/50, client loss: 2.049717903137207, loss 1: 1.9725533723831177, loss 2: 0.0007716441177763045
client running:19/50, client loss: 2.087399959564209, loss 1: 2.0032291412353516, loss 2: 0.0008417080389335752
client running:20/50, client loss: 2.0637998580932617, loss 1: 1.9943046569824219, loss 2: 0.0006949531962163746
client running:21/50, client loss: 2.078899383544922, loss 1: 1.995166540145874, loss 2: 0.0008373288437724113
client running:22/50, client loss: 2.0445940494537354, loss 1: 1.985669732093811, loss 2: 0.0005892423214390874
client running:23/50, client loss: 2.0777487754821777, loss 1: 1.9948596954345703, loss 2: 0.0008288913522846997
client running:24/50, client loss: 2.0722830295562744, loss 1: 2.000962257385254, loss 2: 0.0007132085156626999
client running:25/50, client loss: 2.0358777046203613, loss 1: 1.9667177200317383, loss 2: 0.0006916004931554198
client running:26/50, client loss: 2.0768775939941406, loss 1: 1.9736003875732422, loss 2: 0.0010327730560675263
client running:27/50, client loss: 2.1113266944885254, loss 1: 2.0062615871429443, loss 2: 0.0010506502585485578
client running:28/50, client loss: 2.082099437713623, loss 1: 1.9951879978179932, loss 2: 0.0008691149414516985
client running:29/50, client loss: 2.052009344100952, loss 1: 1.9598652124404907, loss 2: 0.0009214421734213829
client running:30/50, client loss: 2.0402753353118896, loss 1: 1.977001428604126, loss 2: 0.0006327399169094861
client running:31/50, client loss: 2.0569639205932617, loss 1: 1.9881105422973633, loss 2: 0.0006885344046168029
client running:32/50, client loss: 2.069150686264038, loss 1: 1.9943742752075195, loss 2: 0.0007477639592252672
client running:33/50, client loss: 2.0679407119750977, loss 1: 2.000054121017456, loss 2: 0.0006788653554394841
client running:34/50, client loss: 2.0710995197296143, loss 1: 1.9936022758483887, loss 2: 0.0007749720243737102
client running:35/50, client loss: 2.0777575969696045, loss 1: 1.9701067209243774, loss 2: 0.0010765076149255037
client running:36/50, client loss: 2.036471366882324, loss 1: 1.9744430780410767, loss 2: 0.000620282837189734
client running:37/50, client loss: 2.0932395458221436, loss 1: 1.9928648471832275, loss 2: 0.0010037459433078766
client running:38/50, client loss: 2.079219102859497, loss 1: 1.9824905395507812, loss 2: 0.0009672866435721517
client running:39/50, client loss: 2.084679126739502, loss 1: 1.9821205139160156, loss 2: 0.001025585108436644
client running:40/50, client loss: 2.052304267883301, loss 1: 1.9836621284484863, loss 2: 0.0006864205934107304
client running:41/50, client loss: 2.0666470527648926, loss 1: 1.9821960926055908, loss 2: 0.000844508467707783
client running:42/50, client loss: 2.042858839035034, loss 1: 1.9740504026412964, loss 2: 0.0006880848668515682
client running:43/50, client loss: 2.075331687927246, loss 1: 1.9836082458496094, loss 2: 0.0009172337595373392
client running:44/50, client loss: 2.047024726867676, loss 1: 1.970239520072937, loss 2: 0.0007678523543290794
client running:45/50, client loss: 2.070991039276123, loss 1: 1.9801385402679443, loss 2: 0.0009085249621421099
client running:46/50, client loss: 2.0665900707244873, loss 1: 1.9876608848571777, loss 2: 0.0007892926223576069
client running:47/50, client loss: 2.0621886253356934, loss 1: 1.983393669128418, loss 2: 0.0007879488985054195
client running:48/50, client loss: 2.067802906036377, loss 1: 1.9710949659347534, loss 2: 0.0009670795989222825
client running:49/50, client loss: 2.0400989055633545, loss 1: 1.9853370189666748, loss 2: 0.000547619245480746
server loss: tensor([[0.9580, 0.7495, 0.7644, 0.7772, 0.7284, 0.7505, 0.7433, 0.7453],
        [0.7319, 0.8440, 0.7680, 0.8024, 0.7055, 0.7269, 0.7485, 0.7797],
        [0.7783, 0.7773, 0.8568, 0.7990, 0.7823, 0.7847, 0.7866, 0.7881],
        [0.7726, 0.7693, 0.7935, 0.8738, 0.7454, 0.7540, 0.7800, 0.7750],
        [0.7138, 0.6807, 0.7317, 0.6718, 0.9330, 0.7790, 0.6984, 0.6947],
        [0.7358, 0.7047, 0.7386, 0.7047, 0.8012, 0.9004, 0.7371, 0.7163],
        [0.7159, 0.7782, 0.7960, 0.7733, 0.6942, 0.7147, 0.8431, 0.7553],
        [0.7430, 0.7594, 0.7794, 0.7487, 0.7449, 0.7568, 0.7948, 0.8774]],
       device='cuda:0')
server average tensor
client running:0/11, client loss: 2.0781965255737305, loss 1: 1.971147060394287, loss 2: 0.0010704947635531425
client running:1/11, client loss: 2.059927225112915, loss 1: 1.9849375486373901, loss 2: 0.000749897095374763
client running:2/11, client loss: 2.1186604499816895, loss 1: 1.9906492233276367, loss 2: 0.001280111726373434
client running:3/11, client loss: 2.0959413051605225, loss 1: 1.9794100522994995, loss 2: 0.0011653134133666754
client running:4/11, client loss: 2.066805124282837, loss 1: 1.9885985851287842, loss 2: 0.000782065384555608
client running:5/11, client loss: 2.071762800216675, loss 1: 1.9724005460739136, loss 2: 0.0009936215355992317
client running:6/11, client loss: 2.058856248855591, loss 1: 1.9669055938720703, loss 2: 0.0009195064194500446
client running:7/11, client loss: 2.067972183227539, loss 1: 1.9932760000228882, loss 2: 0.0007469613337889314
client running:8/11, client loss: 2.0858049392700195, loss 1: 1.9924025535583496, loss 2: 0.0009340246906504035
client running:9/11, client loss: 2.0576751232147217, loss 1: 1.9858633279800415, loss 2: 0.00071811827365309
client running:10/11, client loss: 2.0608408451080322, loss 1: 1.9757694005966187, loss 2: 0.0008507147431373596
server loss: tensor([[0.9007, 0.9271, 0.7124, 0.7579, 0.7009, 0.7202, 0.7078, 0.7559],
        [0.9007, 0.9271, 0.7124, 0.7579, 0.7009, 0.7202, 0.7078, 0.7559],
        [0.6819, 0.6555, 0.8859, 0.7126, 0.6924, 0.6822, 0.7196, 0.6822],
        [0.7354, 0.7322, 0.7571, 0.8638, 0.7403, 0.7588, 0.7379, 0.7934],
        [0.6998, 0.7065, 0.7629, 0.7475, 0.9118, 0.7268, 0.7214, 0.7700],
        [0.7436, 0.7469, 0.7560, 0.8104, 0.7322, 0.9090, 0.7604, 0.7644],
        [0.7059, 0.7042, 0.7933, 0.7381, 0.7220, 0.7067, 0.8891, 0.7140],
        [0.7354, 0.7322, 0.7571, 0.8638, 0.7403, 0.7588, 0.7379, 0.7934]],
       device='cuda:0')
client running:0/16, client loss: 2.0795693397521973, loss 1: 1.9731699228286743, loss 2: 0.001063993200659752
client running:1/16, client loss: 2.0766193866729736, loss 1: 1.9814590215682983, loss 2: 0.0009516030550003052
client running:2/16, client loss: 2.0622189044952393, loss 1: 1.9717991352081299, loss 2: 0.0009041980374604464
client running:3/16, client loss: 2.0594942569732666, loss 1: 1.9927003383636475, loss 2: 0.0006679381476715207
client running:4/16, client loss: 2.0582170486450195, loss 1: 1.9655451774597168, loss 2: 0.0009267193963751197
client running:5/16, client loss: 2.0641860961914062, loss 1: 1.9691838026046753, loss 2: 0.0009500220767222345
client running:6/16, client loss: 2.042621374130249, loss 1: 1.9666072130203247, loss 2: 0.0007601408287882805
client running:7/16, client loss: 2.0461232662200928, loss 1: 1.9769043922424316, loss 2: 0.0006921876920387149
client running:8/16, client loss: 2.0517592430114746, loss 1: 1.9951690435409546, loss 2: 0.0005659017479047179
client running:9/16, client loss: 2.055971622467041, loss 1: 1.9821536540985107, loss 2: 0.0007381790783256292
client running:10/16, client loss: 2.080512285232544, loss 1: 1.987870216369629, loss 2: 0.0009264197433367372
client running:11/16, client loss: 2.044753074645996, loss 1: 1.9811725616455078, loss 2: 0.0006358041428029537
client running:12/16, client loss: 2.0262012481689453, loss 1: 1.9760361909866333, loss 2: 0.0005016494542360306
client running:13/16, client loss: 2.0834786891937256, loss 1: 1.9897452592849731, loss 2: 0.0009373348439112306
client running:14/16, client loss: 2.0617432594299316, loss 1: 1.9933149814605713, loss 2: 0.0006842819275334477
client running:15/16, client loss: 2.0329577922821045, loss 1: 1.9734516143798828, loss 2: 0.0005950629129074514
server loss: tensor([[0.8711, 0.7548, 0.7263, 0.7176, 0.7574, 0.7794, 0.7970, 0.7253],
        [0.7647, 0.8863, 0.7312, 0.7324, 0.7618, 0.7728, 0.7748, 0.7434],
        [0.6739, 0.6964, 0.9311, 0.7413, 0.7286, 0.7042, 0.7258, 0.7440],
        [0.7122, 0.7634, 0.7556, 0.9036, 0.7984, 0.7735, 0.7905, 0.8050],
        [0.7171, 0.7749, 0.7419, 0.7773, 0.9576, 0.7944, 0.8060, 0.7734],
        [0.7632, 0.7890, 0.7211, 0.7423, 0.8273, 0.9145, 0.8011, 0.7683],
        [0.7199, 0.7500, 0.7434, 0.7736, 0.8064, 0.7767, 0.8615, 0.7946],
        [0.6754, 0.7150, 0.7076, 0.7688, 0.7740, 0.7127, 0.7527, 0.8895]],
       device='cuda:0')
client running:0/22, client loss: 2.0643560886383057, loss 1: 1.9819955825805664, loss 2: 0.0008236061548814178
client running:1/22, client loss: 2.0630879402160645, loss 1: 1.975809931755066, loss 2: 0.0008727804524824023
client running:2/22, client loss: 2.0393834114074707, loss 1: 1.979878306388855, loss 2: 0.0005950508057139814
client running:3/22, client loss: 2.0710318088531494, loss 1: 1.9938921928405762, loss 2: 0.0007713957456871867
client running:4/22, client loss: 2.101412773132324, loss 1: 1.9919480085372925, loss 2: 0.001094648614525795
client running:5/22, client loss: 2.126211404800415, loss 1: 2.0034961700439453, loss 2: 0.001227152650244534
client running:6/22, client loss: 2.0539443492889404, loss 1: 1.9818544387817383, loss 2: 0.0007209001341834664
client running:7/22, client loss: 2.0674121379852295, loss 1: 1.9775582551956177, loss 2: 0.0008985389722511172
client running:8/22, client loss: 2.0658960342407227, loss 1: 1.9963988065719604, loss 2: 0.0006949717062525451
client running:9/22, client loss: 2.06124210357666, loss 1: 1.9978970289230347, loss 2: 0.0006334509234875441
client running:10/22, client loss: 2.066366672515869, loss 1: 1.979472041130066, loss 2: 0.0008689463138580322
client running:11/22, client loss: 2.068739891052246, loss 1: 1.9955261945724487, loss 2: 0.0007321378216147423
client running:12/22, client loss: 2.04410982131958, loss 1: 1.9792571067810059, loss 2: 0.0006485277554020286
client running:13/22, client loss: 2.060250997543335, loss 1: 1.9652563333511353, loss 2: 0.0009499469306319952
client running:14/22, client loss: 2.078688621520996, loss 1: 1.9851404428482056, loss 2: 0.000935482676140964
client running:15/22, client loss: 2.0776009559631348, loss 1: 2.005261182785034, loss 2: 0.0007233984069898725
client running:16/22, client loss: 2.067878246307373, loss 1: 1.9828035831451416, loss 2: 0.0008507473976351321
client running:17/22, client loss: 2.062908887863159, loss 1: 1.9760146141052246, loss 2: 0.0008689425303600729
client running:18/22, client loss: 2.064857244491577, loss 1: 1.9787935018539429, loss 2: 0.0008606375195086002
client running:19/22, client loss: 2.083921432495117, loss 1: 1.9927223920822144, loss 2: 0.0009119893074966967
client running:20/22, client loss: 2.0613536834716797, loss 1: 1.9803138971328735, loss 2: 0.0008103967411443591
client running:21/22, client loss: 2.0741631984710693, loss 1: 1.9766714572906494, loss 2: 0.0009749181335791945
server loss: tensor([[0.8633, 0.7300, 0.7628, 0.7394, 0.7416, 0.7401, 0.9738, 0.7074],
        [0.7752, 0.9052, 0.7587, 0.7343, 0.7269, 0.7172, 0.7656, 0.7533],
        [0.7674, 0.8001, 0.8838, 0.7357, 0.7471, 0.7230, 0.7669, 0.7445],
        [0.6872, 0.7408, 0.7555, 0.8193, 0.7003, 0.7095, 0.7117, 0.6925],
        [0.7187, 0.7143, 0.7251, 0.6945, 0.8459, 0.7172, 0.7253, 0.7481],
        [0.7435, 0.7200, 0.7550, 0.7366, 0.7591, 0.9043, 0.7345, 0.7614],
        [0.8633, 0.7300, 0.7628, 0.7394, 0.7416, 0.7401, 0.9738, 0.7074],
        [0.6958, 0.6925, 0.7362, 0.7001, 0.8164, 0.7229, 0.6892, 0.8812]],
       device='cuda:0')
client running:0/16, client loss: 2.0674843788146973, loss 1: 1.97243332862854, loss 2: 0.0009505102643743157
client running:1/16, client loss: 2.081808090209961, loss 1: 1.971053957939148, loss 2: 0.0011075425427407026
client running:2/16, client loss: 2.062344551086426, loss 1: 1.983842134475708, loss 2: 0.0007850233232602477
client running:3/16, client loss: 2.0664663314819336, loss 1: 1.9878170490264893, loss 2: 0.0007864919025450945
client running:4/16, client loss: 2.083122730255127, loss 1: 1.9846007823944092, loss 2: 0.0009852205403149128
client running:5/16, client loss: 2.104796886444092, loss 1: 2.001828670501709, loss 2: 0.0010296832770109177
client running:6/16, client loss: 2.058077335357666, loss 1: 1.978615164756775, loss 2: 0.0007946228142827749
client running:7/16, client loss: 2.0678277015686035, loss 1: 1.984567403793335, loss 2: 0.0008326030801981688
client running:8/16, client loss: 2.0758440494537354, loss 1: 1.9875009059906006, loss 2: 0.0008834306499920785
client running:9/16, client loss: 2.062542200088501, loss 1: 1.9836070537567139, loss 2: 0.0007893515867181122
client running:10/16, client loss: 2.0690646171569824, loss 1: 1.9875080585479736, loss 2: 0.0008155643590725958
client running:11/16, client loss: 2.091825008392334, loss 1: 1.9713677167892456, loss 2: 0.0012045721523463726
client running:12/16, client loss: 2.064223051071167, loss 1: 1.9874629974365234, loss 2: 0.0007676011300645769
client running:13/16, client loss: 2.061021566390991, loss 1: 1.977014183998108, loss 2: 0.0008400738588534296
client running:14/16, client loss: 2.0724661350250244, loss 1: 1.99051833152771, loss 2: 0.0008194779511541128
client running:15/16, client loss: 2.097043037414551, loss 1: 2.002225637435913, loss 2: 0.0009481735760346055
server loss: tensor([[0.8445, 0.7559, 0.6893, 0.7384, 0.7303, 0.7487, 0.7449, 0.7367],
        [0.7249, 0.8747, 0.7574, 0.7445, 0.7598, 0.7816, 0.7461, 0.8027],
        [0.6720, 0.6994, 0.8245, 0.7008, 0.7535, 0.7027, 0.7482, 0.6912],
        [0.7689, 0.7939, 0.7533, 0.8714, 0.7757, 0.8045, 0.7872, 0.8271],
        [0.7163, 0.7567, 0.7079, 0.7176, 0.8337, 0.7418, 0.7550, 0.7455],
        [0.7508, 0.7717, 0.7794, 0.7853, 0.7803, 0.8620, 0.7936, 0.8084],
        [0.6639, 0.7359, 0.8205, 0.6989, 0.7561, 0.7366, 0.8920, 0.7208],
        [0.7316, 0.8228, 0.7082, 0.7917, 0.7451, 0.7989, 0.7634, 0.8907]],
       device='cuda:0')
client running:0/50, client loss: 2.056509256362915, loss 1: 1.9812700748443604, loss 2: 0.0007523924577981234
client running:1/50, client loss: 2.083709478378296, loss 1: 1.975917100906372, loss 2: 0.0010779231088235974
client running:2/50, client loss: 2.051496744155884, loss 1: 1.9755074977874756, loss 2: 0.0007598932133987546
client running:3/50, client loss: 2.0648093223571777, loss 1: 1.989884853363037, loss 2: 0.0007492448203265667
client running:4/50, client loss: 2.0782418251037598, loss 1: 1.9778960943222046, loss 2: 0.001003457815386355
client running:5/50, client loss: 2.0850796699523926, loss 1: 1.9847896099090576, loss 2: 0.0010029016993939877
client running:6/50, client loss: 2.057225227355957, loss 1: 1.9743937253952026, loss 2: 0.000828313990496099
client running:7/50, client loss: 2.0609841346740723, loss 1: 1.9826645851135254, loss 2: 0.0007831964758224785
client running:8/50, client loss: 2.09230637550354, loss 1: 2.019214153289795, loss 2: 0.0007309212815016508
client running:9/50, client loss: 2.1060049533843994, loss 1: 1.9983692169189453, loss 2: 0.001076357439160347
client running:10/50, client loss: 2.061293840408325, loss 1: 1.9827158451080322, loss 2: 0.0007857807795517147
client running:11/50, client loss: 2.041367530822754, loss 1: 1.9653069972991943, loss 2: 0.0007606042781844735
client running:12/50, client loss: 2.0935678482055664, loss 1: 1.9921143054962158, loss 2: 0.0010145362466573715
client running:13/50, client loss: 2.070221424102783, loss 1: 1.9729413986206055, loss 2: 0.0009728006552904844
client running:14/50, client loss: 2.061265707015991, loss 1: 1.984008550643921, loss 2: 0.0007725726463831961
client running:15/50, client loss: 2.071617364883423, loss 1: 1.9992257356643677, loss 2: 0.000723915989510715
client running:16/50, client loss: 2.078033685684204, loss 1: 1.980143666267395, loss 2: 0.0009788996540009975
client running:17/50, client loss: 2.0752015113830566, loss 1: 1.998971939086914, loss 2: 0.0007622953271493316
client running:18/50, client loss: 2.0582942962646484, loss 1: 1.9787849187850952, loss 2: 0.0007950928993523121
client running:19/50, client loss: 2.0366311073303223, loss 1: 1.9699476957321167, loss 2: 0.0006668353453278542
client running:20/50, client loss: 2.0669052600860596, loss 1: 1.985456943511963, loss 2: 0.0008144836174324155
client running:21/50, client loss: 2.053572177886963, loss 1: 2.0008130073547363, loss 2: 0.0005275910953059793
client running:22/50, client loss: 2.0406363010406494, loss 1: 1.9910354614257812, loss 2: 0.0004960083169862628
client running:23/50, client loss: 2.0783209800720215, loss 1: 1.9864554405212402, loss 2: 0.000918654550332576
client running:24/50, client loss: 2.074068069458008, loss 1: 1.9856470823287964, loss 2: 0.0008842098759487271
client running:25/50, client loss: 2.039330005645752, loss 1: 1.9890868663787842, loss 2: 0.0005024319980293512
client running:26/50, client loss: 2.070772171020508, loss 1: 1.9906721115112305, loss 2: 0.0008010010933503509
client running:27/50, client loss: 2.0728304386138916, loss 1: 1.980522632598877, loss 2: 0.0009230771684087813
client running:28/50, client loss: 2.0434207916259766, loss 1: 1.9755059480667114, loss 2: 0.0006791493506170809
client running:29/50, client loss: 2.0648648738861084, loss 1: 1.9692318439483643, loss 2: 0.0009563312050886452
client running:30/50, client loss: 2.062971830368042, loss 1: 1.9811519384384155, loss 2: 0.0008181991870515049
client running:31/50, client loss: 2.073232412338257, loss 1: 1.9814690351486206, loss 2: 0.0009176327148452401
client running:32/50, client loss: 2.046706199645996, loss 1: 1.965717077255249, loss 2: 0.0008098906837403774
client running:33/50, client loss: 2.079540729522705, loss 1: 1.9966591596603394, loss 2: 0.0008288166718557477
client running:34/50, client loss: 2.0538179874420166, loss 1: 1.970919132232666, loss 2: 0.0008289876859635115
client running:35/50, client loss: 2.094492197036743, loss 1: 1.9846404790878296, loss 2: 0.001098517095670104
client running:36/50, client loss: 2.0567870140075684, loss 1: 1.9814703464508057, loss 2: 0.0007531660376116633
client running:37/50, client loss: 2.0351645946502686, loss 1: 1.984948992729187, loss 2: 0.0005021552788093686
client running:38/50, client loss: 2.071338415145874, loss 1: 1.9787614345550537, loss 2: 0.0009257689816877246
client running:39/50, client loss: 2.0679969787597656, loss 1: 1.9759083986282349, loss 2: 0.0009208851843141019
client running:40/50, client loss: 2.0658581256866455, loss 1: 1.997497797012329, loss 2: 0.0006836024695076048
client running:41/50, client loss: 2.054647922515869, loss 1: 1.988834261894226, loss 2: 0.0006581370253115892
client running:42/50, client loss: 2.0695676803588867, loss 1: 1.972580909729004, loss 2: 0.0009698682697489858
client running:43/50, client loss: 2.0772311687469482, loss 1: 1.9924668073654175, loss 2: 0.0008476439979858696
client running:44/50, client loss: 2.0452702045440674, loss 1: 1.9642829895019531, loss 2: 0.0008098717662505805
client running:45/50, client loss: 2.042827844619751, loss 1: 1.9702013731002808, loss 2: 0.0007262658327817917
client running:46/50, client loss: 2.0692272186279297, loss 1: 1.9782214164733887, loss 2: 0.0009100578026846051
client running:47/50, client loss: 2.0396511554718018, loss 1: 1.9884617328643799, loss 2: 0.0005118939443491399
client running:48/50, client loss: 2.0387704372406006, loss 1: 1.979331612586975, loss 2: 0.0005943874130025506
client running:49/50, client loss: 2.0547142028808594, loss 1: 1.9940881729125977, loss 2: 0.0006062607862986624
server loss: tensor([[0.8142, 0.7576, 0.7858, 0.7447, 0.7283, 0.7160, 0.7624, 0.7088],
        [0.7065, 0.8888, 0.7575, 0.7953, 0.8540, 0.7836, 0.8020, 0.7301],
        [0.7895, 0.7784, 0.9105, 0.7457, 0.7578, 0.7211, 0.7940, 0.7265],
        [0.7401, 0.8147, 0.7451, 0.8528, 0.7817, 0.7654, 0.7803, 0.7181],
        [0.7065, 0.8888, 0.7575, 0.7953, 0.8540, 0.7836, 0.8020, 0.7301],
        [0.7025, 0.7966, 0.7414, 0.7819, 0.7840, 0.8649, 0.7918, 0.7163],
        [0.7395, 0.7773, 0.7988, 0.7954, 0.7626, 0.7636, 0.8886, 0.7490],
        [0.7086, 0.7641, 0.7574, 0.7830, 0.7553, 0.7315, 0.7521, 0.9452]],
       device='cuda:0')
server average tensor
client running:0/11, client loss: 2.0640664100646973, loss 1: 1.9896026849746704, loss 2: 0.000744636810850352
client running:1/11, client loss: 2.067567825317383, loss 1: 1.977769374847412, loss 2: 0.0008979835547506809
client running:2/11, client loss: 2.079803228378296, loss 1: 1.9904530048370361, loss 2: 0.0008935023797675967
client running:3/11, client loss: 2.041463613510132, loss 1: 1.9846513271331787, loss 2: 0.0005681222537532449
client running:4/11, client loss: 2.0705583095550537, loss 1: 1.9769378900527954, loss 2: 0.0009362043347209692
client running:5/11, client loss: 2.0566840171813965, loss 1: 1.9723727703094482, loss 2: 0.0008431129390373826
client running:6/11, client loss: 2.0678839683532715, loss 1: 1.9865885972976685, loss 2: 0.0008129544439725578
client running:7/11, client loss: 2.0709333419799805, loss 1: 1.9878215789794922, loss 2: 0.0008311165729537606
client running:8/11, client loss: 2.0842950344085693, loss 1: 1.9911904335021973, loss 2: 0.0009310452733188868
client running:9/11, client loss: 2.064190149307251, loss 1: 1.9551615715026855, loss 2: 0.0010902856010943651
client running:10/11, client loss: 2.0355634689331055, loss 1: 1.967125415802002, loss 2: 0.0006843801820650697
server loss: tensor([[0.9138, 0.7927, 0.7389, 0.7562, 0.7688, 0.7736, 0.7685, 0.7124],
        [0.7348, 0.8858, 0.7783, 0.7658, 0.7704, 0.7956, 0.7802, 0.7574],
        [0.7297, 0.7908, 0.9490, 0.7454, 0.7493, 0.7436, 0.7531, 0.7146],
        [0.7241, 0.7735, 0.7239, 0.9824, 0.7641, 0.7532, 0.7618, 0.7189],
        [0.7401, 0.7679, 0.7470, 0.7418, 0.8599, 0.7476, 0.7371, 0.7202],
        [0.7178, 0.7673, 0.7633, 0.7287, 0.7632, 0.8544, 0.7681, 0.7356],
        [0.7048, 0.7822, 0.7418, 0.7156, 0.7627, 0.7915, 0.9002, 0.6842],
        [0.7167, 0.7360, 0.7076, 0.7078, 0.6910, 0.7544, 0.7074, 0.9235]],
       device='cuda:0')
client running:0/16, client loss: 2.072075843811035, loss 1: 1.9693387746810913, loss 2: 0.0010273701045662165
client running:1/16, client loss: 2.062157392501831, loss 1: 1.9921433925628662, loss 2: 0.0007001397898420691
client running:2/16, client loss: 2.046565532684326, loss 1: 1.9543002843856812, loss 2: 0.000922651553992182
client running:3/16, client loss: 2.061663866043091, loss 1: 1.9809279441833496, loss 2: 0.0008073602220974863
client running:4/16, client loss: 2.0633223056793213, loss 1: 1.991487741470337, loss 2: 0.0007183466223068535
client running:5/16, client loss: 2.0654499530792236, loss 1: 1.9700212478637695, loss 2: 0.0009542874759063125
client running:6/16, client loss: 2.0408875942230225, loss 1: 1.9642510414123535, loss 2: 0.000766365323215723
client running:7/16, client loss: 2.0681612491607666, loss 1: 1.9722914695739746, loss 2: 0.0009586976957507432
client running:8/16, client loss: 2.0685136318206787, loss 1: 1.9982320070266724, loss 2: 0.0007028160034678876
client running:9/16, client loss: 2.034921884536743, loss 1: 1.9861979484558105, loss 2: 0.00048723851796239614
client running:10/16, client loss: 2.084237813949585, loss 1: 1.9886980056762695, loss 2: 0.0009553972631692886
client running:11/16, client loss: 2.0742290019989014, loss 1: 1.9876071214675903, loss 2: 0.0008662195759825408
client running:12/16, client loss: 2.075716018676758, loss 1: 1.9971078634262085, loss 2: 0.0007860809564590454
client running:13/16, client loss: 2.0527634620666504, loss 1: 1.9920059442520142, loss 2: 0.0006075750570744276
client running:14/16, client loss: 2.0710043907165527, loss 1: 1.9851441383361816, loss 2: 0.0008586017647758126
client running:15/16, client loss: 2.0634429454803467, loss 1: 1.986267328262329, loss 2: 0.0007717564003542066
server loss: tensor([[0.8453, 0.7368, 0.7739, 0.7672, 0.7575, 0.7914, 0.7287, 0.6968],
        [0.7352, 0.8783, 0.7072, 0.7603, 0.7771, 0.7577, 0.8004, 0.7735],
        [0.7889, 0.7284, 0.8947, 0.7300, 0.7223, 0.7433, 0.7344, 0.7146],
        [0.7460, 0.7585, 0.7161, 0.8851, 0.7481, 0.7942, 0.7493, 0.7514],
        [0.7592, 0.7731, 0.6942, 0.7392, 0.9275, 0.7855, 0.7953, 0.7062],
        [0.7697, 0.7703, 0.7607, 0.7996, 0.7903, 0.9425, 0.8064, 0.7324],
        [0.7734, 0.7919, 0.7598, 0.7247, 0.7709, 0.7732, 0.8848, 0.7967],
        [0.7306, 0.7592, 0.7152, 0.7162, 0.7336, 0.7456, 0.8001, 0.8778]],
       device='cuda:0')
client running:0/22, client loss: 2.087308406829834, loss 1: 2.005019426345825, loss 2: 0.0008228888036683202
client running:1/22, client loss: 2.092039108276367, loss 1: 1.9787683486938477, loss 2: 0.0011327085085213184
client running:2/22, client loss: 2.045656442642212, loss 1: 1.975226879119873, loss 2: 0.0007042959914542735
client running:3/22, client loss: 2.0639941692352295, loss 1: 1.9903134107589722, loss 2: 0.0007368077058345079
client running:4/22, client loss: 2.043078899383545, loss 1: 1.9671063423156738, loss 2: 0.0007597248768433928
client running:5/22, client loss: 2.055102825164795, loss 1: 1.9774279594421387, loss 2: 0.0007767496863380075
client running:6/22, client loss: 2.073840618133545, loss 1: 1.981710433959961, loss 2: 0.0009213013108819723
client running:7/22, client loss: 2.0716018676757812, loss 1: 1.989427089691162, loss 2: 0.0008217485737986863
client running:8/22, client loss: 2.066676378250122, loss 1: 1.9805047512054443, loss 2: 0.000861716631334275
client running:9/22, client loss: 2.0885841846466064, loss 1: 1.9823459386825562, loss 2: 0.0010623816633597016
client running:10/22, client loss: 2.0656590461730957, loss 1: 1.98039710521698, loss 2: 0.0008526203455403447
client running:11/22, client loss: 2.0486316680908203, loss 1: 1.9853153228759766, loss 2: 0.0006331631448119879
client running:12/22, client loss: 2.049346685409546, loss 1: 1.9841539859771729, loss 2: 0.0006519266171380877
client running:13/22, client loss: 2.0962777137756348, loss 1: 1.998229742050171, loss 2: 0.0009804798755794764
client running:14/22, client loss: 2.055525541305542, loss 1: 1.9826525449752808, loss 2: 0.0007287305779755116
client running:15/22, client loss: 2.063411235809326, loss 1: 1.9781222343444824, loss 2: 0.0008528904290869832
client running:16/22, client loss: 2.0992746353149414, loss 1: 2.00915265083313, loss 2: 0.0009012189111672342
client running:17/22, client loss: 2.0739946365356445, loss 1: 1.9807225465774536, loss 2: 0.0009327215375378728
client running:18/22, client loss: 2.0455198287963867, loss 1: 1.9856399297714233, loss 2: 0.0005987996119074523
client running:19/22, client loss: 2.076613664627075, loss 1: 1.9926683902740479, loss 2: 0.0008394535398110747
client running:20/22, client loss: 2.0628232955932617, loss 1: 1.9856735467910767, loss 2: 0.0007714981911703944
client running:21/22, client loss: 2.0603699684143066, loss 1: 2.002028226852417, loss 2: 0.0005834176554344594
server loss: tensor([[0.8591, 0.7579, 0.7638, 0.7852, 0.8662, 0.7735, 0.7278, 0.7497],
        [0.7440, 0.9287, 0.7279, 0.7702, 0.7317, 0.7742, 0.7633, 0.8056],
        [0.7730, 0.7585, 0.8526, 0.7694, 0.7695, 0.7778, 0.7219, 0.7486],
        [0.7716, 0.7478, 0.7924, 0.8822, 0.7615, 0.7809, 0.7830, 0.7349],
        [0.8591, 0.7579, 0.7638, 0.7852, 0.8662, 0.7735, 0.7278, 0.7497],
        [0.7972, 0.7718, 0.7799, 0.8161, 0.8042, 0.9090, 0.8081, 0.8015],
        [0.7478, 0.7766, 0.7536, 0.7806, 0.7488, 0.8227, 0.8558, 0.8270],
        [0.7259, 0.7976, 0.7230, 0.7530, 0.7209, 0.7988, 0.7969, 0.8847]],
       device='cuda:0')
client running:0/16, client loss: 2.085932970046997, loss 1: 1.977480411529541, loss 2: 0.0010845258366316557
client running:1/16, client loss: 2.073275089263916, loss 1: 1.9938932657241821, loss 2: 0.0007938178023323417
client running:2/16, client loss: 2.0738396644592285, loss 1: 1.9901654720306396, loss 2: 0.0008367425762116909
client running:3/16, client loss: 2.0695316791534424, loss 1: 1.9830454587936401, loss 2: 0.0008648623479530215
client running:4/16, client loss: 2.0726120471954346, loss 1: 1.9735411405563354, loss 2: 0.0009907083585858345
client running:5/16, client loss: 2.089301824569702, loss 1: 1.9989930391311646, loss 2: 0.0009030885412357748
client running:6/16, client loss: 2.077213764190674, loss 1: 1.9891166687011719, loss 2: 0.0008809716091491282
client running:7/16, client loss: 2.076819896697998, loss 1: 1.9827327728271484, loss 2: 0.0009408720070496202
client running:8/16, client loss: 2.081103801727295, loss 1: 1.9779542684555054, loss 2: 0.0010314964456483722
client running:9/16, client loss: 2.0374703407287598, loss 1: 1.9883763790130615, loss 2: 0.0004909406416118145
client running:10/16, client loss: 2.0736472606658936, loss 1: 1.976800799369812, loss 2: 0.0009684644755907357
client running:11/16, client loss: 2.0945053100585938, loss 1: 1.993090033531189, loss 2: 0.00101415254175663
client running:12/16, client loss: 2.072633981704712, loss 1: 1.9874979257583618, loss 2: 0.0008513616630807519
client running:13/16, client loss: 2.0505764484405518, loss 1: 1.9659651517868042, loss 2: 0.0008461136021651328
client running:14/16, client loss: 2.0752205848693848, loss 1: 1.97970712184906, loss 2: 0.0009551343973726034
client running:15/16, client loss: 2.0841619968414307, loss 1: 1.98415207862854, loss 2: 0.0010000994661822915
server loss: tensor([[0.8591, 0.7542, 0.7339, 0.7308, 0.8433, 0.7185, 0.7361, 0.7327],
        [0.7044, 0.8634, 0.7231, 0.6685, 0.7216, 0.6961, 0.7589, 0.7195],
        [0.7188, 0.8144, 0.8526, 0.7684, 0.7567, 0.7742, 0.7535, 0.7668],
        [0.7053, 0.7498, 0.7509, 0.8204, 0.7104, 0.7170, 0.6946, 0.7118],
        [0.8591, 0.7542, 0.7339, 0.7308, 0.8433, 0.7185, 0.7361, 0.7327],
        [0.6926, 0.7686, 0.7839, 0.7394, 0.7268, 0.9324, 0.7162, 0.7551],
        [0.6938, 0.7460, 0.7386, 0.6836, 0.7352, 0.7286, 0.9332, 0.7130],
        [0.7326, 0.7709, 0.7567, 0.7393, 0.7552, 0.7350, 0.7296, 0.9010]],
       device='cuda:0')
client running:0/50, client loss: 2.0485734939575195, loss 1: 1.9637762308120728, loss 2: 0.000847973395138979
client running:1/50, client loss: 2.0698976516723633, loss 1: 1.9950467348098755, loss 2: 0.0007485089590772986
client running:2/50, client loss: 2.072086811065674, loss 1: 2.0017688274383545, loss 2: 0.0007031805580481887
client running:3/50, client loss: 2.0665202140808105, loss 1: 2.0070128440856934, loss 2: 0.0005950737977400422
client running:4/50, client loss: 2.0413410663604736, loss 1: 1.9643080234527588, loss 2: 0.0007703313021920621
client running:5/50, client loss: 2.058588981628418, loss 1: 1.976341724395752, loss 2: 0.0008224730845540762
client running:6/50, client loss: 2.05357027053833, loss 1: 1.9664305448532104, loss 2: 0.0008713971474207938
client running:7/50, client loss: 2.080352544784546, loss 1: 1.9793400764465332, loss 2: 0.0010101248044520617
client running:8/50, client loss: 2.077655076980591, loss 1: 1.9987571239471436, loss 2: 0.000788980454672128
client running:9/50, client loss: 2.0775375366210938, loss 1: 1.9818307161331177, loss 2: 0.0009570681722834706
client running:10/50, client loss: 2.065006732940674, loss 1: 1.985634207725525, loss 2: 0.0007937254849821329
client running:11/50, client loss: 2.072503089904785, loss 1: 2.000843048095703, loss 2: 0.000716600043233484
client running:12/50, client loss: 2.0573508739471436, loss 1: 1.9769030809402466, loss 2: 0.000804477371275425
client running:13/50, client loss: 2.066943883895874, loss 1: 1.986952304840088, loss 2: 0.0007999157533049583
client running:14/50, client loss: 2.054981231689453, loss 1: 1.975773811340332, loss 2: 0.000792074017226696
client running:15/50, client loss: 2.046680450439453, loss 1: 1.9793469905853271, loss 2: 0.0006733352201990783
client running:16/50, client loss: 2.0635838508605957, loss 1: 1.9669915437698364, loss 2: 0.0009659224888309836
client running:17/50, client loss: 2.073976993560791, loss 1: 1.9897723197937012, loss 2: 0.000842045817989856
client running:18/50, client loss: 2.058742046356201, loss 1: 1.9963817596435547, loss 2: 0.0006236027111299336
client running:19/50, client loss: 2.0449557304382324, loss 1: 1.9787194728851318, loss 2: 0.000662361562717706
client running:20/50, client loss: 2.0445597171783447, loss 1: 1.9644122123718262, loss 2: 0.0008014751365408301
client running:21/50, client loss: 2.0417113304138184, loss 1: 1.979404330253601, loss 2: 0.0006230702856555581
client running:22/50, client loss: 2.066413164138794, loss 1: 1.9812698364257812, loss 2: 0.0008514337241649628
client running:23/50, client loss: 2.0644595623016357, loss 1: 1.9996281862258911, loss 2: 0.000648314249701798
client running:24/50, client loss: 2.0914976596832275, loss 1: 1.9827302694320679, loss 2: 0.0010876732412725687
client running:25/50, client loss: 2.073026657104492, loss 1: 1.9980970621109009, loss 2: 0.0007492962176911533
client running:26/50, client loss: 2.0928564071655273, loss 1: 2.003084659576416, loss 2: 0.0008977185934782028
client running:27/50, client loss: 2.0639209747314453, loss 1: 1.9840350151062012, loss 2: 0.0007988590514287353
client running:28/50, client loss: 2.0734145641326904, loss 1: 1.9869409799575806, loss 2: 0.0008647367358207703
client running:29/50, client loss: 2.062864303588867, loss 1: 1.9765899181365967, loss 2: 0.0008627429488115013
client running:30/50, client loss: 2.0462372303009033, loss 1: 1.9893989562988281, loss 2: 0.0005683826748281717
client running:31/50, client loss: 2.076645612716675, loss 1: 1.9991624355316162, loss 2: 0.0007748306961730123
client running:32/50, client loss: 2.061095714569092, loss 1: 1.991613745689392, loss 2: 0.0006948196678422391
client running:33/50, client loss: 2.0648305416107178, loss 1: 1.990081548690796, loss 2: 0.0007474899757653475
client running:34/50, client loss: 2.068662405014038, loss 1: 1.9798580408096313, loss 2: 0.0008880442474037409
client running:35/50, client loss: 2.0699970722198486, loss 1: 2.0021586418151855, loss 2: 0.0006783838616684079
client running:36/50, client loss: 2.0571272373199463, loss 1: 1.9788475036621094, loss 2: 0.0007827964145690203
client running:37/50, client loss: 2.0399792194366455, loss 1: 1.9610093832015991, loss 2: 0.0007896994356997311
client running:38/50, client loss: 2.0838260650634766, loss 1: 2.0003421306610107, loss 2: 0.000834838196169585
client running:39/50, client loss: 2.0656166076660156, loss 1: 1.9643611907958984, loss 2: 0.0010125541593879461
client running:40/50, client loss: 2.0331616401672363, loss 1: 1.985882043838501, loss 2: 0.0004727967898361385
client running:41/50, client loss: 2.069624185562134, loss 1: 1.989898443222046, loss 2: 0.0007972565945237875
client running:42/50, client loss: 2.0714304447174072, loss 1: 1.9853346347808838, loss 2: 0.0008609585929661989
client running:43/50, client loss: 2.0872905254364014, loss 1: 1.985036849975586, loss 2: 0.0010225374717265368
client running:44/50, client loss: 2.0308926105499268, loss 1: 1.9567458629608154, loss 2: 0.0007414676365442574
client running:45/50, client loss: 2.063934326171875, loss 1: 1.9695144891738892, loss 2: 0.0009441986330784857
client running:46/50, client loss: 2.0486557483673096, loss 1: 1.980286955833435, loss 2: 0.0006836878601461649
client running:47/50, client loss: 2.048185110092163, loss 1: 1.9702410697937012, loss 2: 0.0007794404518790543
client running:48/50, client loss: 2.0509262084960938, loss 1: 1.981339931488037, loss 2: 0.0006958618760108948
client running:49/50, client loss: 2.061309576034546, loss 1: 1.9741034507751465, loss 2: 0.0008720610057935119
server loss: tensor([[0.8828, 0.7824, 0.7882, 0.7403, 0.7227, 0.7077, 0.7972, 0.7908],
        [0.8006, 0.9245, 0.7853, 0.7459, 0.7714, 0.7181, 0.7650, 0.7917],
        [0.7778, 0.7587, 0.8916, 0.7320, 0.7540, 0.7552, 0.7633, 0.7492],
        [0.7284, 0.6880, 0.7057, 0.8351, 0.7220, 0.6904, 0.7107, 0.7557],
        [0.7004, 0.7084, 0.6968, 0.7027, 0.8763, 0.7169, 0.6984, 0.7012],
        [0.7535, 0.7539, 0.7541, 0.7131, 0.7679, 0.9573, 0.7231, 0.7296],
        [0.8346, 0.7788, 0.7953, 0.7332, 0.7547, 0.7305, 0.8572, 0.7947],
        [0.7587, 0.7735, 0.7326, 0.7085, 0.7559, 0.6908, 0.7665, 0.8739]],
       device='cuda:0')
server average tensor
client running:0/11, client loss: 2.078077554702759, loss 1: 2.0000052452087402, loss 2: 0.0007807221845723689
client running:1/11, client loss: 2.076441526412964, loss 1: 1.9932512044906616, loss 2: 0.0008319036569446325
client running:2/11, client loss: 2.0680315494537354, loss 1: 1.9629863500595093, loss 2: 0.0010504525853320956
client running:3/11, client loss: 2.0671772956848145, loss 1: 1.9861730337142944, loss 2: 0.0008100427221506834
client running:4/11, client loss: 2.065002918243408, loss 1: 2.0089170932769775, loss 2: 0.0005608589272014797
client running:5/11, client loss: 2.0735561847686768, loss 1: 1.9634313583374023, loss 2: 0.0011012490140274167
client running:6/11, client loss: 2.061577796936035, loss 1: 1.9944275617599487, loss 2: 0.000671502435579896
client running:7/11, client loss: 2.0691077709198, loss 1: 1.9751029014587402, loss 2: 0.0009400477865710855
client running:8/11, client loss: 2.0420072078704834, loss 1: 1.9664216041564941, loss 2: 0.0007558557554148138
client running:9/11, client loss: 2.0672285556793213, loss 1: 1.9817756414413452, loss 2: 0.0008545288583263755
client running:10/11, client loss: 2.082266092300415, loss 1: 1.9742072820663452, loss 2: 0.0010805870406329632
server loss: tensor([[0.9235, 0.6713, 0.6950, 0.7687, 0.7114, 0.7301, 0.7316, 0.6755],
        [0.6874, 0.9279, 0.6796, 0.6999, 0.7314, 0.7002, 0.6802, 0.7325],
        [0.7286, 0.7218, 0.8861, 0.7171, 0.7475, 0.7166, 0.7231, 0.7243],
        [0.7579, 0.6984, 0.7060, 0.8919, 0.7622, 0.7727, 0.7863, 0.7344],
        [0.7337, 0.7194, 0.7257, 0.7849, 0.8597, 0.7667, 0.7906, 0.7563],
        [0.7211, 0.7361, 0.7169, 0.7191, 0.7754, 0.8513, 0.7206, 0.7166],
        [0.7600, 0.7395, 0.7366, 0.7831, 0.7866, 0.8080, 0.8649, 0.7681],
        [0.7296, 0.7299, 0.7525, 0.7441, 0.7396, 0.7305, 0.7314, 0.8720]],
       device='cuda:0')
client running:0/16, client loss: 2.0775444507598877, loss 1: 1.9680116176605225, loss 2: 0.0010953291784971952
client running:1/16, client loss: 2.0457611083984375, loss 1: 1.9833056926727295, loss 2: 0.0006245552795007825
client running:2/16, client loss: 2.0610129833221436, loss 1: 1.9905080795288086, loss 2: 0.0007050484418869019
client running:3/16, client loss: 2.0649940967559814, loss 1: 1.9824453592300415, loss 2: 0.0008254878921434283
client running:4/16, client loss: 2.067894697189331, loss 1: 1.9824392795562744, loss 2: 0.0008545534801669419
client running:5/16, client loss: 2.0502045154571533, loss 1: 1.9720215797424316, loss 2: 0.0007818301673978567
client running:6/16, client loss: 2.0497515201568604, loss 1: 1.9727442264556885, loss 2: 0.0007700729183852673
client running:7/16, client loss: 2.049400806427002, loss 1: 1.985933542251587, loss 2: 0.000634673866443336
client running:8/16, client loss: 2.0560646057128906, loss 1: 1.9821895360946655, loss 2: 0.0007387506775557995
client running:9/16, client loss: 2.07151198387146, loss 1: 1.9872153997421265, loss 2: 0.0008429649751633406
client running:10/16, client loss: 2.0680010318756104, loss 1: 1.9900212287902832, loss 2: 0.0007797990692779422
client running:11/16, client loss: 2.0433757305145264, loss 1: 1.9596816301345825, loss 2: 0.000836940249428153
client running:12/16, client loss: 2.0511984825134277, loss 1: 1.9685392379760742, loss 2: 0.0008265935466624796
client running:13/16, client loss: 2.0708110332489014, loss 1: 1.9877521991729736, loss 2: 0.0008305874653160572
client running:14/16, client loss: 2.048415184020996, loss 1: 1.9666765928268433, loss 2: 0.0008173860842362046
client running:15/16, client loss: 2.075503349304199, loss 1: 1.9830520153045654, loss 2: 0.0009245126275345683
server loss: tensor([[0.9338, 0.7301, 0.7237, 0.7685, 0.7489, 0.7541, 0.7936, 0.7277],
        [0.7177, 0.8693, 0.6621, 0.7182, 0.6964, 0.7374, 0.7394, 0.7184],
        [0.7430, 0.6965, 0.8243, 0.7506, 0.7886, 0.8073, 0.7644, 0.7470],
        [0.7259, 0.7735, 0.6958, 0.8687, 0.7158, 0.7355, 0.7986, 0.7309],
        [0.7177, 0.7244, 0.7606, 0.7544, 0.8700, 0.7592, 0.7570, 0.7803],
        [0.7491, 0.7527, 0.7930, 0.7727, 0.7750, 0.9055, 0.7846, 0.7657],
        [0.7493, 0.7907, 0.7207, 0.8066, 0.7532, 0.7575, 0.8962, 0.7303],
        [0.6981, 0.7326, 0.6872, 0.6995, 0.7452, 0.7378, 0.7308, 0.8838]],
       device='cuda:0')
client running:0/22, client loss: 2.062213182449341, loss 1: 1.9871724843978882, loss 2: 0.0007504060631617904
client running:1/22, client loss: 2.076786994934082, loss 1: 1.999577283859253, loss 2: 0.000772097148001194
client running:2/22, client loss: 2.0688514709472656, loss 1: 1.9797271490097046, loss 2: 0.0008912436314858496
client running:3/22, client loss: 2.042285919189453, loss 1: 1.9770556688308716, loss 2: 0.0006523035699501634
client running:4/22, client loss: 2.0513393878936768, loss 1: 1.9827415943145752, loss 2: 0.0006859778659418225
client running:5/22, client loss: 2.060647964477539, loss 1: 1.9865138530731201, loss 2: 0.0007413406274281442
client running:6/22, client loss: 2.0607290267944336, loss 1: 1.9780783653259277, loss 2: 0.0008265064097940922
client running:7/22, client loss: 2.0682756900787354, loss 1: 1.9809367656707764, loss 2: 0.0008733886643312871
client running:8/22, client loss: 2.054075241088867, loss 1: 1.984390377998352, loss 2: 0.0006968486122786999
client running:9/22, client loss: 2.0538158416748047, loss 1: 1.9780149459838867, loss 2: 0.0007580091478303075
client running:10/22, client loss: 2.120039701461792, loss 1: 2.008812665939331, loss 2: 0.0011122706346213818
client running:11/22, client loss: 2.0881521701812744, loss 1: 1.9964534044265747, loss 2: 0.0009169866098091006
client running:12/22, client loss: 2.0574584007263184, loss 1: 1.9890717267990112, loss 2: 0.0006838672561571002
client running:13/22, client loss: 2.0647737979888916, loss 1: 1.9942046403884888, loss 2: 0.0007056911126710474
client running:14/22, client loss: 2.0708582401275635, loss 1: 1.9894399642944336, loss 2: 0.0008141834987327456
client running:15/22, client loss: 2.064852714538574, loss 1: 1.9708034992218018, loss 2: 0.0009404923766851425
client running:16/22, client loss: 2.0840272903442383, loss 1: 1.9751293659210205, loss 2: 0.0010889796540141106
client running:17/22, client loss: 2.0477240085601807, loss 1: 1.9804209470748901, loss 2: 0.0006730303866788745
client running:18/22, client loss: 2.0637898445129395, loss 1: 1.9878047704696655, loss 2: 0.0007598507800139487
client running:19/22, client loss: 2.062701940536499, loss 1: 1.9778404235839844, loss 2: 0.0008486156584694982
client running:20/22, client loss: 2.0484185218811035, loss 1: 1.974189043045044, loss 2: 0.0007422958733513951
client running:21/22, client loss: 2.077101469039917, loss 1: 2.0006983280181885, loss 2: 0.0007640314288437366
server loss: tensor([[0.8459, 0.7350, 0.7578, 0.8056, 0.8025, 0.7757, 0.8144, 0.7790],
        [0.7523, 0.9021, 0.7386, 0.7438, 0.7611, 0.9468, 0.7164, 0.7064],
        [0.7588, 0.7303, 0.9011, 0.7608, 0.7904, 0.7724, 0.7843, 0.7601],
        [0.7726, 0.7153, 0.7102, 0.9390, 0.7820, 0.7607, 0.7681, 0.7709],
        [0.7871, 0.7435, 0.7431, 0.7697, 0.8682, 0.7782, 0.8035, 0.7583],
        [0.7523, 0.9021, 0.7386, 0.7438, 0.7611, 0.9468, 0.7164, 0.7064],
        [0.7308, 0.7165, 0.6995, 0.7205, 0.7450, 0.7521, 0.7330, 0.7253],
        [0.7869, 0.6946, 0.7214, 0.7760, 0.7674, 0.7206, 0.8238, 0.8796]],
       device='cuda:0')
client running:0/16, client loss: 2.067401885986328, loss 1: 1.9930771589279175, loss 2: 0.0007432465790770948
client running:1/16, client loss: 2.0685737133026123, loss 1: 1.980882167816162, loss 2: 0.0008769159321673214
client running:2/16, client loss: 2.0656578540802, loss 1: 1.973122000694275, loss 2: 0.0009253584430553019
client running:3/16, client loss: 2.067124605178833, loss 1: 1.9991438388824463, loss 2: 0.0006798080867156386
client running:4/16, client loss: 2.1085245609283447, loss 1: 1.979146122932434, loss 2: 0.001293783774599433
client running:5/16, client loss: 2.0531866550445557, loss 1: 1.9805114269256592, loss 2: 0.0007267530309036374
client running:6/16, client loss: 2.0733165740966797, loss 1: 1.9918824434280396, loss 2: 0.0008143404265865684
client running:7/16, client loss: 2.0973732471466064, loss 1: 1.993635654449463, loss 2: 0.0010373760014772415
client running:8/16, client loss: 2.0643115043640137, loss 1: 1.9901896715164185, loss 2: 0.0007412187987938523
client running:9/16, client loss: 2.0791759490966797, loss 1: 1.9925602674484253, loss 2: 0.000866157584823668
client running:10/16, client loss: 2.075584888458252, loss 1: 1.9758669137954712, loss 2: 0.0009971808176487684
client running:11/16, client loss: 2.0655031204223633, loss 1: 1.9731953144073486, loss 2: 0.0009230772848241031
client running:12/16, client loss: 2.075324773788452, loss 1: 1.9832541942596436, loss 2: 0.0009207066614180803
client running:13/16, client loss: 2.098618984222412, loss 1: 1.9755586385726929, loss 2: 0.0012306028511375189
client running:14/16, client loss: 2.088313102722168, loss 1: 1.9840168952941895, loss 2: 0.0010429623071104288
client running:15/16, client loss: 2.0580320358276367, loss 1: 1.9678609371185303, loss 2: 0.0009017100092023611
server loss: tensor([[0.8551, 0.7170, 0.7238, 0.7251, 0.7322, 0.7561, 0.7414, 0.7445],
        [0.6982, 0.9213, 0.7136, 0.6996, 0.7428, 0.6967, 0.7301, 0.9235],
        [0.7698, 0.7532, 0.8929, 0.7189, 0.7281, 0.7593, 0.7465, 0.7497],
        [0.7019, 0.7079, 0.7124, 0.8844, 0.7741, 0.7139, 0.7107, 0.7126],
        [0.7056, 0.7238, 0.7055, 0.7723, 0.8954, 0.7046, 0.7350, 0.7309],
        [0.7750, 0.7172, 0.7171, 0.7177, 0.7257, 0.8544, 0.7653, 0.7224],
        [0.7466, 0.7390, 0.7289, 0.7261, 0.7485, 0.7188, 0.9099, 0.7484],
        [0.6982, 0.9213, 0.7136, 0.6996, 0.7428, 0.6967, 0.7301, 0.9235]],
       device='cuda:0')
client running:0/50, client loss: 2.066693067550659, loss 1: 1.9717216491699219, loss 2: 0.0009497130522504449
client running:1/50, client loss: 2.0641417503356934, loss 1: 1.9896659851074219, loss 2: 0.0007447585230693221
client running:2/50, client loss: 2.048362970352173, loss 1: 2.0070810317993164, loss 2: 0.0004128184518776834
client running:3/50, client loss: 2.0635488033294678, loss 1: 1.9857192039489746, loss 2: 0.0007782966131344438
client running:4/50, client loss: 2.063048839569092, loss 1: 1.9928613901138306, loss 2: 0.0007018746109679341
client running:5/50, client loss: 2.0776257514953613, loss 1: 1.9852699041366577, loss 2: 0.0009235588368028402
client running:6/50, client loss: 2.082479953765869, loss 1: 1.9875459671020508, loss 2: 0.000949339009821415
client running:7/50, client loss: 2.0943188667297363, loss 1: 1.9935228824615479, loss 2: 0.001007960643619299
client running:8/50, client loss: 2.0482945442199707, loss 1: 1.980685830116272, loss 2: 0.0006760865217074752
client running:9/50, client loss: 2.059974431991577, loss 1: 1.9947420358657837, loss 2: 0.0006523236515931785
client running:10/50, client loss: 2.0527727603912354, loss 1: 1.9624258279800415, loss 2: 0.0009034693939611316
client running:11/50, client loss: 2.0696206092834473, loss 1: 1.976708173751831, loss 2: 0.0009291237220168114
client running:12/50, client loss: 2.0756051540374756, loss 1: 1.989609718322754, loss 2: 0.0008599548600614071
client running:13/50, client loss: 2.0804598331451416, loss 1: 1.9914963245391846, loss 2: 0.000889635703060776
client running:14/50, client loss: 2.0466039180755615, loss 1: 1.9708051681518555, loss 2: 0.0007579876109957695
client running:15/50, client loss: 2.0644209384918213, loss 1: 1.9760104417800903, loss 2: 0.0008841057424433529
client running:16/50, client loss: 2.0772387981414795, loss 1: 1.9767060279846191, loss 2: 0.0010053282603621483
client running:17/50, client loss: 2.075100898742676, loss 1: 1.9910500049591064, loss 2: 0.0008405082626268268
client running:18/50, client loss: 2.072019100189209, loss 1: 2.0019712448120117, loss 2: 0.0007004796643741429
client running:19/50, client loss: 2.038473129272461, loss 1: 1.962638258934021, loss 2: 0.0007583479164168239
client running:20/50, client loss: 2.0585267543792725, loss 1: 1.9690300226211548, loss 2: 0.0008949665352702141
client running:21/50, client loss: 2.0673959255218506, loss 1: 1.9914405345916748, loss 2: 0.0007595539791509509
client running:22/50, client loss: 2.0629324913024902, loss 1: 1.9799171686172485, loss 2: 0.0008301533525809646
client running:23/50, client loss: 2.0746333599090576, loss 1: 2.0106685161590576, loss 2: 0.0006396477110683918
client running:24/50, client loss: 2.058919668197632, loss 1: 2.006619691848755, loss 2: 0.0005230008391663432
client running:25/50, client loss: 2.061657190322876, loss 1: 1.9741209745407104, loss 2: 0.0008753618458285928
client running:26/50, client loss: 2.064185857772827, loss 1: 1.9770097732543945, loss 2: 0.0008717604214325547
client running:27/50, client loss: 2.0513134002685547, loss 1: 1.989894986152649, loss 2: 0.0006141846533864737
client running:28/50, client loss: 2.0251169204711914, loss 1: 1.9442983865737915, loss 2: 0.000808185781352222
client running:29/50, client loss: 2.067366600036621, loss 1: 1.9786070585250854, loss 2: 0.0008875948842614889
client running:30/50, client loss: 2.048358201980591, loss 1: 1.987309455871582, loss 2: 0.0006104882340878248
client running:31/50, client loss: 2.06573748588562, loss 1: 1.9915859699249268, loss 2: 0.0007415153668262064
client running:32/50, client loss: 2.071035861968994, loss 1: 1.9784424304962158, loss 2: 0.0009259335929527879
client running:33/50, client loss: 2.07059383392334, loss 1: 1.978358507156372, loss 2: 0.0009223539382219315
client running:34/50, client loss: 2.0694046020507812, loss 1: 2.012305498123169, loss 2: 0.0005709904944524169
client running:35/50, client loss: 2.0495834350585938, loss 1: 1.9789780378341675, loss 2: 0.0007060542120598257
client running:36/50, client loss: 2.0471482276916504, loss 1: 1.978746771812439, loss 2: 0.0006840149872004986
client running:37/50, client loss: 2.052699089050293, loss 1: 1.986413836479187, loss 2: 0.0006628513801842928
client running:38/50, client loss: 2.070988893508911, loss 1: 1.9843909740447998, loss 2: 0.0008659802842885256
client running:39/50, client loss: 2.064115524291992, loss 1: 1.9871689081192017, loss 2: 0.0007694649393670261
client running:40/50, client loss: 2.0313425064086914, loss 1: 1.9706261157989502, loss 2: 0.0006071642274037004
client running:41/50, client loss: 2.0567195415496826, loss 1: 1.9649763107299805, loss 2: 0.0009174326551146805
client running:42/50, client loss: 2.0635459423065186, loss 1: 1.9818302392959595, loss 2: 0.0008171575609594584
client running:43/50, client loss: 2.0562493801116943, loss 1: 1.9794721603393555, loss 2: 0.0007677723770029843
client running:44/50, client loss: 2.042853832244873, loss 1: 1.972449541091919, loss 2: 0.0007040429627522826
client running:45/50, client loss: 2.0482099056243896, loss 1: 1.9831513166427612, loss 2: 0.0006505857454612851
client running:46/50, client loss: 2.060213565826416, loss 1: 1.9841609001159668, loss 2: 0.0007605257560499012
client running:47/50, client loss: 2.0547358989715576, loss 1: 1.9799134731292725, loss 2: 0.0007482237415388227
client running:48/50, client loss: 2.052700996398926, loss 1: 1.9814937114715576, loss 2: 0.000712071661837399
client running:49/50, client loss: 2.0526154041290283, loss 1: 1.9762837886810303, loss 2: 0.000763316813390702
server loss: tensor([[0.8868, 0.7743, 0.7116, 0.7648, 0.7926, 0.7708, 0.7674, 0.7940],
        [0.7431, 0.8978, 0.6923, 0.7638, 0.7690, 0.7503, 0.7269, 0.7453],
        [0.7035, 0.6936, 0.8735, 0.6990, 0.6813, 0.6881, 0.7512, 0.6971],
        [0.7304, 0.7425, 0.7036, 0.8231, 0.7403, 0.7429, 0.7804, 0.7376],
        [0.7771, 0.7963, 0.6622, 0.7677, 0.9393, 0.7876, 0.7934, 0.7825],
        [0.7641, 0.7599, 0.7005, 0.7850, 0.8354, 0.8776, 0.7706, 0.8134],
        [0.7414, 0.7469, 0.7203, 0.7883, 0.7521, 0.7449, 0.9044, 0.7366],
        [0.7734, 0.7795, 0.7030, 0.7953, 0.8054, 0.8055, 0.7482, 0.9387]],
       device='cuda:0')
server average tensor
client running:0/11, client loss: 2.039330005645752, loss 1: 1.971153974533081, loss 2: 0.0006817609537392855
client running:1/11, client loss: 2.0689120292663574, loss 1: 1.974982738494873, loss 2: 0.0009392928914166987
client running:2/11, client loss: 2.088845729827881, loss 1: 2.0055110454559326, loss 2: 0.0008333470905199647
client running:3/11, client loss: 2.0431888103485107, loss 1: 1.9607645273208618, loss 2: 0.0008242424228228629
client running:4/11, client loss: 2.079521894454956, loss 1: 1.9829193353652954, loss 2: 0.0009660254581831396
client running:5/11, client loss: 2.054295301437378, loss 1: 1.9720712900161743, loss 2: 0.0008222411852329969
client running:6/11, client loss: 2.0881669521331787, loss 1: 1.983265995979309, loss 2: 0.0010490103159099817
client running:7/11, client loss: 2.1095354557037354, loss 1: 1.9853485822677612, loss 2: 0.0012418683618307114
client running:8/11, client loss: 2.068946599960327, loss 1: 1.9783955812454224, loss 2: 0.000905509979929775
client running:9/11, client loss: 2.0855329036712646, loss 1: 1.9990477561950684, loss 2: 0.000864850590005517
client running:10/11, client loss: 2.076779842376709, loss 1: 1.9872839450836182, loss 2: 0.0008949600742198527
server loss: tensor([[0.9036, 0.7146, 0.7863, 0.7755, 0.7568, 0.7839, 0.7648, 0.7497],
        [0.7268, 0.9120, 0.7247, 0.7635, 0.7387, 0.7665, 0.7512, 0.8764],
        [0.7659, 0.7224, 0.8922, 0.7705, 0.7577, 0.7732, 0.7841, 0.7207],
        [0.7551, 0.7757, 0.7572, 0.9430, 0.7228, 0.7564, 0.7297, 0.7951],
        [0.7851, 0.7529, 0.7836, 0.7809, 0.8238, 0.8014, 0.7547, 0.7531],
        [0.7179, 0.6962, 0.7155, 0.7279, 0.7419, 0.8517, 0.7424, 0.7006],
        [0.7198, 0.6992, 0.7684, 0.6945, 0.7684, 0.7470, 0.8751, 0.6967],
        [0.7268, 0.9120, 0.7247, 0.7635, 0.7387, 0.7665, 0.7512, 0.8764]],
       device='cuda:0')
client running:0/16, client loss: 2.055499792098999, loss 1: 1.9805119037628174, loss 2: 0.0007498798659071326
client running:1/16, client loss: 2.0710034370422363, loss 1: 1.9801397323608398, loss 2: 0.000908637186512351
client running:2/16, client loss: 2.070896863937378, loss 1: 1.9914240837097168, loss 2: 0.0007947274716570973
client running:3/16, client loss: 2.0453176498413086, loss 1: 1.983170747756958, loss 2: 0.0006214701570570469
client running:4/16, client loss: 2.0479180812835693, loss 1: 1.9761563539505005, loss 2: 0.0007176179788075387
client running:5/16, client loss: 2.081281900405884, loss 1: 1.9834051132202148, loss 2: 0.0009787674061954021
client running:6/16, client loss: 2.0483429431915283, loss 1: 1.968263864517212, loss 2: 0.0008007908472791314
client running:7/16, client loss: 2.0719165802001953, loss 1: 1.9813005924224854, loss 2: 0.0009061607997864485
client running:8/16, client loss: 2.0670418739318848, loss 1: 2.003946304321289, loss 2: 0.0006309545715339482
client running:9/16, client loss: 2.0658135414123535, loss 1: 1.9808846712112427, loss 2: 0.0008492894703522325
client running:10/16, client loss: 2.0719916820526123, loss 1: 1.9787098169326782, loss 2: 0.0009328185115009546
client running:11/16, client loss: 2.0727884769439697, loss 1: 1.992126226425171, loss 2: 0.0008066236041486263
client running:12/16, client loss: 2.08276629447937, loss 1: 1.9831178188323975, loss 2: 0.000996484886854887
client running:13/16, client loss: 2.052889347076416, loss 1: 1.968387246131897, loss 2: 0.0008450206951238215
client running:14/16, client loss: 2.0415329933166504, loss 1: 1.9707915782928467, loss 2: 0.0007074152817949653
client running:15/16, client loss: 2.052934408187866, loss 1: 1.978182315826416, loss 2: 0.0007475207094103098
server loss: tensor([[0.8662, 0.7539, 0.7479, 0.7995, 0.7467, 0.7346, 0.7632, 0.7973],
        [0.7380, 0.9447, 0.7744, 0.7493, 0.7542, 0.7374, 0.7585, 0.7366],
        [0.7017, 0.7482, 0.8620, 0.7637, 0.7553, 0.7704, 0.7680, 0.7569],
        [0.7608, 0.7647, 0.7728, 0.9435, 0.8002, 0.7332, 0.7698, 0.7846],
        [0.7637, 0.7816, 0.7565, 0.7948, 0.9106, 0.7254, 0.7480, 0.7297],
        [0.6905, 0.7594, 0.7611, 0.7460, 0.7600, 0.8791, 0.7603, 0.7049],
        [0.7490, 0.7530, 0.7423, 0.7679, 0.7462, 0.7708, 0.9024, 0.7331],
        [0.7384, 0.7650, 0.7742, 0.7928, 0.7450, 0.7504, 0.7521, 0.8853]],
       device='cuda:0')
client running:0/22, client loss: 2.0558528900146484, loss 1: 1.999267816543579, loss 2: 0.0005658504087477922
client running:1/22, client loss: 2.098208427429199, loss 1: 1.982386827468872, loss 2: 0.0011582153383642435
client running:2/22, client loss: 2.073801279067993, loss 1: 1.979332685470581, loss 2: 0.0009446867043152452
client running:3/22, client loss: 2.0771470069885254, loss 1: 1.9857921600341797, loss 2: 0.0009135473519563675
client running:4/22, client loss: 2.086530923843384, loss 1: 1.9775035381317139, loss 2: 0.0010902737267315388
client running:5/22, client loss: 2.1070034503936768, loss 1: 2.0092172622680664, loss 2: 0.0009778609964996576
client running:6/22, client loss: 2.067537546157837, loss 1: 1.978009581565857, loss 2: 0.0008952805656008422
client running:7/22, client loss: 2.073546886444092, loss 1: 2.0016415119171143, loss 2: 0.0007190532051026821
client running:8/22, client loss: 2.0474772453308105, loss 1: 1.9664263725280762, loss 2: 0.0008105098968371749
client running:9/22, client loss: 2.0653467178344727, loss 1: 1.9825620651245117, loss 2: 0.0008278468158096075
client running:10/22, client loss: 2.074448585510254, loss 1: 2.006849765777588, loss 2: 0.0006759870448149741
client running:11/22, client loss: 2.0776736736297607, loss 1: 1.9612005949020386, loss 2: 0.001164731802418828
client running:12/22, client loss: 2.0735790729522705, loss 1: 1.979236364364624, loss 2: 0.000943426217418164
client running:13/22, client loss: 2.0639617443084717, loss 1: 1.984607219696045, loss 2: 0.0007935456233099103
client running:14/22, client loss: 2.0756702423095703, loss 1: 1.9782447814941406, loss 2: 0.0009742550319060683
client running:15/22, client loss: 2.0695526599884033, loss 1: 1.9760644435882568, loss 2: 0.000934882031287998
client running:16/22, client loss: 2.051814556121826, loss 1: 1.9809815883636475, loss 2: 0.0007083308883011341
client running:17/22, client loss: 2.0698676109313965, loss 1: 1.987979769706726, loss 2: 0.0008188785286620259
client running:18/22, client loss: 2.081693410873413, loss 1: 1.9909735918045044, loss 2: 0.0009071985259652138
client running:19/22, client loss: 2.081591844558716, loss 1: 1.9902467727661133, loss 2: 0.0009134503779932857
client running:20/22, client loss: 2.079583168029785, loss 1: 1.981583595275879, loss 2: 0.0009799966355785728
client running:21/22, client loss: 2.0411901473999023, loss 1: 1.9772895574569702, loss 2: 0.0006390066700987518
server loss: tensor([[0.9114, 0.7669, 0.6908, 0.7495, 0.7481, 0.7435, 0.7527, 0.7535],
        [0.7159, 0.8874, 0.7676, 0.8941, 0.7599, 0.7300, 0.6971, 0.7237],
        [0.7155, 0.7971, 0.8798, 0.7723, 0.7289, 0.7641, 0.7282, 0.7264],
        [0.7159, 0.8874, 0.7676, 0.8941, 0.7599, 0.7300, 0.6971, 0.7237],
        [0.7169, 0.7290, 0.7057, 0.8187, 0.8900, 0.7486, 0.7396, 0.7687],
        [0.7587, 0.7299, 0.7226, 0.7908, 0.7685, 0.8562, 0.7481, 0.7853],
        [0.7497, 0.7084, 0.6877, 0.7245, 0.7240, 0.7697, 0.8618, 0.7294],
        [0.7304, 0.7532, 0.6965, 0.7842, 0.7603, 0.7775, 0.7605, 0.9421]],
       device='cuda:0')
client running:0/16, client loss: 2.0673828125, loss 1: 1.9989469051361084, loss 2: 0.0006843599257990718
client running:1/16, client loss: 2.0604772567749023, loss 1: 1.9843578338623047, loss 2: 0.0007611933979205787
client running:2/16, client loss: 2.059328317642212, loss 1: 1.9788665771484375, loss 2: 0.0008046178845688701
client running:3/16, client loss: 2.0865135192871094, loss 1: 1.9786485433578491, loss 2: 0.001078649191185832
client running:4/16, client loss: 2.074695587158203, loss 1: 1.9900034666061401, loss 2: 0.0008469201857224107
client running:5/16, client loss: 2.072782516479492, loss 1: 1.99251127243042, loss 2: 0.0008027114672586322
client running:6/16, client loss: 2.067034959793091, loss 1: 1.9889671802520752, loss 2: 0.0007806786452420056
client running:7/16, client loss: 2.0566506385803223, loss 1: 1.9851627349853516, loss 2: 0.0007148780860006809
client running:8/16, client loss: 2.0620076656341553, loss 1: 1.989579677581787, loss 2: 0.0007242794963531196
client running:9/16, client loss: 2.102893352508545, loss 1: 1.9668147563934326, loss 2: 0.0013607856817543507
client running:10/16, client loss: 2.0817718505859375, loss 1: 1.9911091327667236, loss 2: 0.000906627275981009
client running:11/16, client loss: 2.0779166221618652, loss 1: 1.981079339981079, loss 2: 0.0009683722164481878
client running:12/16, client loss: 2.0688533782958984, loss 1: 1.9828157424926758, loss 2: 0.0008603763417340815
client running:13/16, client loss: 2.0634348392486572, loss 1: 2.0027520656585693, loss 2: 0.0006068266811780632
client running:14/16, client loss: 2.081843614578247, loss 1: 1.9739868640899658, loss 2: 0.0010785681661218405
client running:15/16, client loss: 2.0631654262542725, loss 1: 1.9801355600357056, loss 2: 0.0008302975329570472
server loss: tensor([[0.8700, 0.6952, 0.7330, 0.7561, 0.7224, 0.7402, 0.6875, 0.7975],
        [0.6795, 0.8305, 0.7435, 0.7406, 0.7260, 0.7086, 0.6889, 0.7223],
        [0.7540, 0.7093, 0.9000, 0.7734, 0.7794, 0.7800, 0.7701, 0.7511],
        [0.7409, 0.7265, 0.7556, 0.9205, 0.7299, 0.7514, 0.7223, 0.8165],
        [0.6967, 0.6982, 0.7613, 0.7332, 0.9189, 0.6920, 0.6577, 0.7230],
        [0.7162, 0.7132, 0.7602, 0.7438, 0.7422, 0.8483, 0.7566, 0.7256],
        [0.6970, 0.6834, 0.7429, 0.7021, 0.6862, 0.8034, 0.8366, 0.6935],
        [0.7779, 0.7250, 0.7499, 0.7914, 0.7506, 0.7688, 0.7698, 0.8834]],
       device='cuda:0')
client running:0/50, client loss: 2.0489614009857178, loss 1: 1.9918774366378784, loss 2: 0.0005708403186872602
client running:1/50, client loss: 2.104320764541626, loss 1: 1.9869495630264282, loss 2: 0.0011737109161913395
client running:2/50, client loss: 2.081413984298706, loss 1: 1.9731910228729248, loss 2: 0.001082228496670723
client running:3/50, client loss: 2.08430552482605, loss 1: 1.9993990659713745, loss 2: 0.0008490635082125664
client running:4/50, client loss: 2.0746350288391113, loss 1: 1.9996261596679688, loss 2: 0.0007500879000872374
client running:5/50, client loss: 2.0586962699890137, loss 1: 1.9941283464431763, loss 2: 0.0006456786650232971
client running:6/50, client loss: 2.0617411136627197, loss 1: 1.984420895576477, loss 2: 0.000773202336858958
client running:7/50, client loss: 2.0418715476989746, loss 1: 1.9630094766616821, loss 2: 0.0007886215462349355
client running:8/50, client loss: 2.051154136657715, loss 1: 1.9560319185256958, loss 2: 0.0009512222604826093
client running:9/50, client loss: 2.0535778999328613, loss 1: 1.9824239015579224, loss 2: 0.000711538945324719
client running:10/50, client loss: 2.0318567752838135, loss 1: 1.9616587162017822, loss 2: 0.0007019817130640149
client running:11/50, client loss: 2.0679268836975098, loss 1: 1.9958804845809937, loss 2: 0.0007204634603112936
client running:12/50, client loss: 2.0730981826782227, loss 1: 1.9726920127868652, loss 2: 0.001004061195999384
client running:13/50, client loss: 2.0406243801116943, loss 1: 1.9906086921691895, loss 2: 0.000500156485941261
client running:14/50, client loss: 2.0477681159973145, loss 1: 1.981229543685913, loss 2: 0.0006653850432485342
client running:15/50, client loss: 2.0644686222076416, loss 1: 1.9838887453079224, loss 2: 0.0008057989180088043
client running:16/50, client loss: 2.0717732906341553, loss 1: 2.009127616882324, loss 2: 0.0006264562252908945
client running:17/50, client loss: 2.055361032485962, loss 1: 1.9926292896270752, loss 2: 0.0006273176404647529
client running:18/50, client loss: 2.087847948074341, loss 1: 1.9900970458984375, loss 2: 0.0009775094222277403
client running:19/50, client loss: 2.086683511734009, loss 1: 1.9776105880737305, loss 2: 0.0010907294927164912
client running:20/50, client loss: 2.056514263153076, loss 1: 1.9950814247131348, loss 2: 0.0006143293576315045
client running:21/50, client loss: 2.0502047538757324, loss 1: 1.9798529148101807, loss 2: 0.0007035186281427741
client running:22/50, client loss: 2.053145408630371, loss 1: 1.9662749767303467, loss 2: 0.0008687031804583967
client running:23/50, client loss: 2.047499656677246, loss 1: 1.9597686529159546, loss 2: 0.0008773092413321137
client running:24/50, client loss: 2.0667476654052734, loss 1: 1.981466293334961, loss 2: 0.0008528141770511866
client running:25/50, client loss: 2.074845314025879, loss 1: 1.9891401529312134, loss 2: 0.0008570522768422961
client running:26/50, client loss: 2.049082040786743, loss 1: 1.979248285293579, loss 2: 0.0006983368075452745
client running:27/50, client loss: 2.056605815887451, loss 1: 1.9919949769973755, loss 2: 0.000646109227091074
client running:28/50, client loss: 2.1033711433410645, loss 1: 1.9941030740737915, loss 2: 0.0010926801478490233
client running:29/50, client loss: 2.037172317504883, loss 1: 1.9838701486587524, loss 2: 0.0005330222193151712
client running:30/50, client loss: 2.0546414852142334, loss 1: 1.9694167375564575, loss 2: 0.0008522465941496193
client running:31/50, client loss: 2.05409574508667, loss 1: 1.9901788234710693, loss 2: 0.0006391698261722922
client running:32/50, client loss: 2.0431036949157715, loss 1: 1.9769065380096436, loss 2: 0.0006619726191274822
client running:33/50, client loss: 2.0776917934417725, loss 1: 1.997175931930542, loss 2: 0.0008051575860008597
client running:34/50, client loss: 2.051461696624756, loss 1: 1.976780652999878, loss 2: 0.0007468114490620792
client running:35/50, client loss: 2.0599021911621094, loss 1: 1.9576090574264526, loss 2: 0.0010229323524981737
client running:36/50, client loss: 2.04472017288208, loss 1: 1.9856390953063965, loss 2: 0.0005908099701628089
client running:37/50, client loss: 2.0645976066589355, loss 1: 1.9643887281417847, loss 2: 0.0010020898189395666
client running:38/50, client loss: 2.0641937255859375, loss 1: 1.9860520362854004, loss 2: 0.0007814179407432675
client running:39/50, client loss: 2.0439300537109375, loss 1: 1.9712200164794922, loss 2: 0.0007270994246937335
client running:40/50, client loss: 2.0401053428649902, loss 1: 1.9927165508270264, loss 2: 0.0004738869902212173
client running:41/50, client loss: 2.029557466506958, loss 1: 1.9809964895248413, loss 2: 0.00048560864524915814
client running:42/50, client loss: 2.052393913269043, loss 1: 1.9900027513504028, loss 2: 0.0006239116191864014
client running:43/50, client loss: 2.045933485031128, loss 1: 1.9881564378738403, loss 2: 0.0005777700571343303
client running:44/50, client loss: 2.082996368408203, loss 1: 1.995839238166809, loss 2: 0.0008715701987966895
client running:45/50, client loss: 2.078972816467285, loss 1: 1.9804394245147705, loss 2: 0.0009853350929915905
client running:46/50, client loss: 2.0660126209259033, loss 1: 1.9792426824569702, loss 2: 0.0008676997385919094
client running:47/50, client loss: 2.0573570728302, loss 1: 1.98611319065094, loss 2: 0.0007124397670850158
client running:48/50, client loss: 2.05924129486084, loss 1: 1.980313777923584, loss 2: 0.0007892759749665856
client running:49/50, client loss: 2.0472567081451416, loss 1: 1.9838199615478516, loss 2: 0.0006343668792396784
server loss: tensor([[0.9331, 0.7246, 0.7368, 0.7171, 0.7343, 0.7343, 0.8118, 0.7418],
        [0.7492, 0.9151, 0.7947, 0.6978, 0.7641, 0.7213, 0.7782, 0.7586],
        [0.7591, 0.8100, 0.8722, 0.6936, 0.7666, 0.7554, 0.7798, 0.7567],
        [0.7367, 0.7122, 0.6913, 0.9107, 0.7036, 0.7467, 0.7334, 0.7341],
        [0.7706, 0.7755, 0.8073, 0.7445, 0.8243, 0.7692, 0.7764, 0.7580],
        [0.7351, 0.6995, 0.7013, 0.7459, 0.7427, 0.8669, 0.7237, 0.8260],
        [0.7516, 0.7471, 0.7407, 0.6734, 0.7435, 0.7051, 0.9074, 0.7306],
        [0.7826, 0.7624, 0.7583, 0.7164, 0.7667, 0.8100, 0.7719, 0.8583]],
       device='cuda:0')
server average tensor
client running:0/11, client loss: 2.060342311859131, loss 1: 1.9820942878723145, loss 2: 0.0007824792992323637
client running:1/11, client loss: 2.072368860244751, loss 1: 1.9984499216079712, loss 2: 0.0007391895051114261
client running:2/11, client loss: 2.0647106170654297, loss 1: 1.976086139678955, loss 2: 0.000886244815774262
client running:3/11, client loss: 2.0473978519439697, loss 1: 1.9546689987182617, loss 2: 0.0009272873867303133
client running:4/11, client loss: 2.0829222202301025, loss 1: 1.9935204982757568, loss 2: 0.0008940170519053936
client running:5/11, client loss: 2.044295072555542, loss 1: 1.9675105810165405, loss 2: 0.0007678451365791261
client running:6/11, client loss: 2.0481820106506348, loss 1: 1.9772597551345825, loss 2: 0.0007092232699505985
client running:7/11, client loss: 2.0798892974853516, loss 1: 1.988755464553833, loss 2: 0.0009113373816944659
client running:8/11, client loss: 2.0434839725494385, loss 1: 1.969581127166748, loss 2: 0.0007390280370600522
client running:9/11, client loss: 2.089514970779419, loss 1: 1.981917381286621, loss 2: 0.001075976761057973
client running:10/11, client loss: 2.080181837081909, loss 1: 1.983742356300354, loss 2: 0.0009643944795243442
server loss: tensor([[0.9046, 0.7446, 0.7744, 0.7575, 0.6582, 0.7997, 0.7556, 0.7766],
        [0.7448, 0.9083, 0.7532, 0.7541, 0.7237, 0.7819, 0.7617, 0.7797],
        [0.7681, 0.7043, 0.9012, 0.7445, 0.6644, 0.7564, 0.7155, 0.6987],
        [0.8089, 0.7058, 0.7641, 0.8442, 0.6481, 0.7836, 0.7108, 0.7294],
        [0.6779, 0.7302, 0.6808, 0.6997, 0.8529, 0.7069, 0.7109, 0.7399],
        [0.7760, 0.7464, 0.7637, 0.7829, 0.6949, 0.9491, 0.7544, 0.7545],
        [0.7146, 0.7568, 0.7282, 0.7420, 0.7173, 0.7458, 0.7906, 0.7305],
        [0.7427, 0.7481, 0.7180, 0.7301, 0.6748, 0.7044, 0.7125, 0.8543]],
       device='cuda:0')
client running:0/16, client loss: 2.059880018234253, loss 1: 1.9837253093719482, loss 2: 0.0007615481736138463
client running:1/16, client loss: 2.068338632583618, loss 1: 1.9894099235534668, loss 2: 0.0007892864523455501
client running:2/16, client loss: 2.051234245300293, loss 1: 2.009206771850586, loss 2: 0.00042027459130622447
client running:3/16, client loss: 2.0719895362854004, loss 1: 1.9839035272598267, loss 2: 0.0008808593265712261
client running:4/16, client loss: 2.0640909671783447, loss 1: 1.982351541519165, loss 2: 0.0008173945243470371
client running:5/16, client loss: 2.044904947280884, loss 1: 1.9838768243789673, loss 2: 0.0006102807819843292
client running:6/16, client loss: 2.0556211471557617, loss 1: 1.964339017868042, loss 2: 0.0009128219680860639
client running:7/16, client loss: 2.0733330249786377, loss 1: 1.9795392751693726, loss 2: 0.0009379367111250758
client running:8/16, client loss: 2.0793333053588867, loss 1: 1.9885879755020142, loss 2: 0.0009074535919353366
client running:9/16, client loss: 2.055708646774292, loss 1: 1.9715220928192139, loss 2: 0.000841866189148277
client running:10/16, client loss: 2.060713529586792, loss 1: 1.980151891708374, loss 2: 0.000805616844445467
client running:11/16, client loss: 2.095796823501587, loss 1: 1.9869135618209839, loss 2: 0.001088833436369896
client running:12/16, client loss: 2.0770297050476074, loss 1: 1.9835917949676514, loss 2: 0.0009343796991743147
client running:13/16, client loss: 2.050311326980591, loss 1: 1.9800907373428345, loss 2: 0.0007022066274657845
client running:14/16, client loss: 2.054039478302002, loss 1: 1.9799638986587524, loss 2: 0.0007407562807202339
client running:15/16, client loss: 2.0548534393310547, loss 1: 1.9841618537902832, loss 2: 0.0007069153944030404
server loss: tensor([[0.8624, 0.7349, 0.7899, 0.7942, 0.7838, 0.7315, 0.8054, 0.7315],
        [0.7295, 0.8479, 0.7305, 0.7189, 0.7859, 0.6866, 0.7265, 0.6949],
        [0.7643, 0.7397, 0.8964, 0.7524, 0.7475, 0.7535, 0.7321, 0.7570],
        [0.7201, 0.7108, 0.7042, 0.8781, 0.7401, 0.7026, 0.7731, 0.7145],
        [0.7963, 0.7936, 0.7426, 0.7678, 0.9137, 0.6943, 0.7655, 0.7083],
        [0.7524, 0.7407, 0.7963, 0.7720, 0.7528, 0.9084, 0.7637, 0.8906],
        [0.8013, 0.7661, 0.7798, 0.8019, 0.7771, 0.7591, 0.9059, 0.7621],
        [0.7524, 0.7407, 0.7963, 0.7720, 0.7528, 0.9084, 0.7637, 0.8906]],
       device='cuda:0')
client running:0/22, client loss: 2.0585951805114746, loss 1: 1.9652307033538818, loss 2: 0.0009336450602859259
client running:1/22, client loss: 2.0598223209381104, loss 1: 1.9887137413024902, loss 2: 0.0007110857404768467
client running:2/22, client loss: 2.0834238529205322, loss 1: 1.9816434383392334, loss 2: 0.0010178051888942719
client running:3/22, client loss: 2.110316753387451, loss 1: 2.009962558746338, loss 2: 0.0010035421000793576
client running:4/22, client loss: 2.0591461658477783, loss 1: 1.9783196449279785, loss 2: 0.000808265118394047
client running:5/22, client loss: 2.0712215900421143, loss 1: 1.9929672479629517, loss 2: 0.0007825427455827594
client running:6/22, client loss: 2.051727771759033, loss 1: 1.9882431030273438, loss 2: 0.0006348463357426226
client running:7/22, client loss: 2.0741424560546875, loss 1: 1.9867287874221802, loss 2: 0.0008741372730582952
client running:8/22, client loss: 2.060535192489624, loss 1: 1.9786216020584106, loss 2: 0.000819134758785367
client running:9/22, client loss: 2.0547564029693604, loss 1: 1.9780213832855225, loss 2: 0.0007673494983464479
client running:10/22, client loss: 2.08597469329834, loss 1: 1.9913691282272339, loss 2: 0.0009460554574616253
client running:11/22, client loss: 2.068434000015259, loss 1: 1.9769929647445679, loss 2: 0.000914410687983036
client running:12/22, client loss: 2.0572502613067627, loss 1: 1.986156940460205, loss 2: 0.0007109332946129143
client running:13/22, client loss: 2.062350034713745, loss 1: 2.001142978668213, loss 2: 0.0006120714824646711
client running:14/22, client loss: 2.097390651702881, loss 1: 2.001037359237671, loss 2: 0.0009635339956730604
client running:15/22, client loss: 2.087019205093384, loss 1: 1.9968533515930176, loss 2: 0.0009016592521220446
client running:16/22, client loss: 2.057936668395996, loss 1: 1.966204047203064, loss 2: 0.000917326076887548
client running:17/22, client loss: 2.0716702938079834, loss 1: 1.9764530658721924, loss 2: 0.000952172267716378
client running:18/22, client loss: 2.042750835418701, loss 1: 1.9837626218795776, loss 2: 0.0005898817908018827
client running:19/22, client loss: 2.0677268505096436, loss 1: 1.97673499584198, loss 2: 0.0009099187445826828
client running:20/22, client loss: 2.0813944339752197, loss 1: 2.0047056674957275, loss 2: 0.0007668867474421859
client running:21/22, client loss: 2.0550498962402344, loss 1: 1.9801782369613647, loss 2: 0.0007487173425033689
server loss: tensor([[0.8435, 0.7871, 0.7369, 0.7695, 0.7238, 0.7066, 0.7338, 0.6906],
        [0.7547, 0.8266, 0.7158, 0.7641, 0.7783, 0.7562, 0.7528, 0.7586],
        [0.7296, 0.7389, 0.8923, 0.7412, 0.7230, 0.6925, 0.7489, 0.6798],
        [0.7432, 0.7572, 0.7462, 0.8507, 0.7327, 0.7348, 0.7622, 0.7136],
        [0.6936, 0.7049, 0.7019, 0.7399, 0.9185, 0.8081, 0.7640, 0.7559],
        [0.6986, 0.7057, 0.6990, 0.7301, 0.8319, 0.8784, 0.7505, 0.7616],
        [0.7378, 0.7593, 0.7469, 0.7831, 0.7753, 0.7557, 0.9319, 0.7409],
        [0.7268, 0.7175, 0.6876, 0.7540, 0.7582, 0.7651, 0.7279, 0.8843]],
       device='cuda:0')
client running:0/16, client loss: 2.079322338104248, loss 1: 1.9908661842346191, loss 2: 0.0008845608099363744
client running:1/16, client loss: 2.1030750274658203, loss 1: 1.9971952438354492, loss 2: 0.0010587973520159721
client running:2/16, client loss: 2.0798070430755615, loss 1: 1.9807014465332031, loss 2: 0.000991055741906166
client running:3/16, client loss: 2.0593881607055664, loss 1: 1.9996713399887085, loss 2: 0.0005971682840026915
client running:4/16, client loss: 2.0529518127441406, loss 1: 1.9752888679504395, loss 2: 0.0007766303606331348
client running:5/16, client loss: 2.064178466796875, loss 1: 1.977055549621582, loss 2: 0.0008712286362424493
client running:6/16, client loss: 2.1002252101898193, loss 1: 1.9694069623947144, loss 2: 0.0013081814395263791
client running:7/16, client loss: 2.106757640838623, loss 1: 2.0139758586883545, loss 2: 0.0009278177749365568
client running:8/16, client loss: 2.088839530944824, loss 1: 2.0047996044158936, loss 2: 0.0008403994725085795
client running:9/16, client loss: 2.0568628311157227, loss 1: 1.9757541418075562, loss 2: 0.0008110856870189309
client running:10/16, client loss: 2.0537941455841064, loss 1: 1.981256365776062, loss 2: 0.0007253773510456085
client running:11/16, client loss: 2.0523247718811035, loss 1: 1.9663301706314087, loss 2: 0.0008599462453275919
client running:12/16, client loss: 2.063863754272461, loss 1: 1.9699432849884033, loss 2: 0.0009392036590725183
client running:13/16, client loss: 2.0800979137420654, loss 1: 1.9801241159439087, loss 2: 0.0009997379966080189
client running:14/16, client loss: 2.079392910003662, loss 1: 1.986903190612793, loss 2: 0.0009248960996046662
client running:15/16, client loss: 2.081141471862793, loss 1: 1.9895875453948975, loss 2: 0.0009155392763204873
server loss: tensor([[0.8749, 0.7300, 0.7328, 0.7237, 0.7088, 0.8661, 0.7260, 0.7297],
        [0.6912, 0.8751, 0.7509, 0.7505, 0.7448, 0.6819, 0.7580, 0.7469],
        [0.7308, 0.7785, 0.8579, 0.7735, 0.7638, 0.7066, 0.8092, 0.7711],
        [0.6648, 0.7653, 0.7328, 0.8883, 0.8119, 0.6730, 0.7182, 0.7427],
        [0.7542, 0.7636, 0.7770, 0.7857, 0.8201, 0.7199, 0.7423, 0.7547],
        [0.8749, 0.7300, 0.7328, 0.7237, 0.7088, 0.8661, 0.7260, 0.7297],
        [0.7155, 0.7512, 0.7985, 0.7468, 0.7067, 0.7048, 0.9132, 0.7781],
        [0.7295, 0.7404, 0.7718, 0.7473, 0.7253, 0.7118, 0.7402, 0.8703]],
       device='cuda:0')
client running:0/50, client loss: 2.0359368324279785, loss 1: 1.9815754890441895, loss 2: 0.0005436125211417675
client running:1/50, client loss: 2.065279006958008, loss 1: 1.9917042255401611, loss 2: 0.0007357467547990382
client running:2/50, client loss: 2.037327527999878, loss 1: 1.9754939079284668, loss 2: 0.0006183362565934658
client running:3/50, client loss: 2.0604965686798096, loss 1: 2.0100901126861572, loss 2: 0.000504064722917974
client running:4/50, client loss: 2.079185962677002, loss 1: 2.004995822906494, loss 2: 0.0007419020403176546
client running:5/50, client loss: 2.0662899017333984, loss 1: 2.010014533996582, loss 2: 0.0005627542268484831
client running:6/50, client loss: 2.068430185317993, loss 1: 1.9830410480499268, loss 2: 0.0008538917172700167
client running:7/50, client loss: 2.031316041946411, loss 1: 1.966416358947754, loss 2: 0.0006489964434877038
client running:8/50, client loss: 2.0622353553771973, loss 1: 2.0021867752075195, loss 2: 0.0006004865281283855
client running:9/50, client loss: 2.050199031829834, loss 1: 1.9807742834091187, loss 2: 0.0006942467880435288
client running:10/50, client loss: 2.0745460987091064, loss 1: 1.991032600402832, loss 2: 0.00083513418212533
client running:11/50, client loss: 2.0650033950805664, loss 1: 1.998860239982605, loss 2: 0.0006614318699575961
client running:12/50, client loss: 2.055382251739502, loss 1: 1.97105073928833, loss 2: 0.0008433148614130914
client running:13/50, client loss: 2.071561336517334, loss 1: 1.9795305728912354, loss 2: 0.0009203071822412312
client running:14/50, client loss: 2.0592827796936035, loss 1: 1.984721302986145, loss 2: 0.0007456152234226465
client running:15/50, client loss: 2.080307960510254, loss 1: 1.987955093383789, loss 2: 0.0009235286852344871
client running:16/50, client loss: 2.0451819896698, loss 1: 1.9744819402694702, loss 2: 0.0007070013671182096
client running:17/50, client loss: 2.056941509246826, loss 1: 1.9926804304122925, loss 2: 0.0006426111795008183
client running:18/50, client loss: 2.0608625411987305, loss 1: 1.98527193069458, loss 2: 0.0007559054065495729
client running:19/50, client loss: 2.0607550144195557, loss 1: 2.0049657821655273, loss 2: 0.0005578923737630248
client running:20/50, client loss: 2.066807508468628, loss 1: 1.9754765033721924, loss 2: 0.0009133090497925878
client running:21/50, client loss: 2.0799152851104736, loss 1: 1.9732705354690552, loss 2: 0.001066447701305151
client running:22/50, client loss: 2.0527305603027344, loss 1: 1.9695391654968262, loss 2: 0.0008319150656461716
client running:23/50, client loss: 2.048593282699585, loss 1: 1.964918851852417, loss 2: 0.0008367454283870757
client running:24/50, client loss: 2.05431866645813, loss 1: 1.980391502380371, loss 2: 0.000739271636120975
client running:25/50, client loss: 2.057858943939209, loss 1: 1.9771745204925537, loss 2: 0.0008068445022217929
client running:26/50, client loss: 2.0496392250061035, loss 1: 1.970642328262329, loss 2: 0.0007899678312242031
client running:27/50, client loss: 2.0614755153656006, loss 1: 1.9900517463684082, loss 2: 0.0007142386166378856
client running:28/50, client loss: 2.0677428245544434, loss 1: 2.001162052154541, loss 2: 0.000665807630866766
client running:29/50, client loss: 2.04184889793396, loss 1: 1.9863678216934204, loss 2: 0.0005548097542487085
client running:30/50, client loss: 2.051856279373169, loss 1: 1.9624392986297607, loss 2: 0.0008941689156927168
client running:31/50, client loss: 2.0591440200805664, loss 1: 1.9795820713043213, loss 2: 0.0007956191548146307
client running:32/50, client loss: 2.0682690143585205, loss 1: 1.9902937412261963, loss 2: 0.0007797526195645332
client running:33/50, client loss: 2.070633888244629, loss 1: 1.9838405847549438, loss 2: 0.0008679329766891897
client running:34/50, client loss: 2.0648157596588135, loss 1: 1.9769679307937622, loss 2: 0.0008784792153164744
client running:35/50, client loss: 2.039994716644287, loss 1: 1.9686641693115234, loss 2: 0.0007133058970794082
client running:36/50, client loss: 2.048323154449463, loss 1: 1.9818285703659058, loss 2: 0.0006649451097473502
client running:37/50, client loss: 2.0432863235473633, loss 1: 1.9843776226043701, loss 2: 0.0005890870233997703
client running:38/50, client loss: 2.0579936504364014, loss 1: 1.975812554359436, loss 2: 0.0008218106813728809
client running:39/50, client loss: 2.054849147796631, loss 1: 1.9912229776382446, loss 2: 0.0006362610729411244
client running:40/50, client loss: 2.0601937770843506, loss 1: 1.9818326234817505, loss 2: 0.000783611903898418
client running:41/50, client loss: 2.0804383754730225, loss 1: 1.973175287246704, loss 2: 0.0010726314503699541
client running:42/50, client loss: 2.090480089187622, loss 1: 1.9913876056671143, loss 2: 0.00099092535674572
client running:43/50, client loss: 2.0837931632995605, loss 1: 1.983546495437622, loss 2: 0.0010024658404290676
client running:44/50, client loss: 2.0407776832580566, loss 1: 1.989467978477478, loss 2: 0.0005130971549078822
client running:45/50, client loss: 2.054755210876465, loss 1: 1.9869991540908813, loss 2: 0.000677559757605195
client running:46/50, client loss: 2.0384366512298584, loss 1: 1.969416856765747, loss 2: 0.0006901989108882844
client running:47/50, client loss: 2.0449819564819336, loss 1: 1.9670723676681519, loss 2: 0.0007790963863953948
client running:48/50, client loss: 2.040358304977417, loss 1: 1.970237135887146, loss 2: 0.0007012118585407734
client running:49/50, client loss: 2.061021566390991, loss 1: 1.9882395267486572, loss 2: 0.0007278202101588249
server loss: tensor([[0.8990, 0.7365, 0.7128, 0.8085, 0.7474, 0.7209, 0.7147, 0.8422],
        [0.7635, 0.8312, 0.7186, 0.7688, 0.7792, 0.7338, 0.7552, 0.7325],
        [0.7388, 0.7470, 0.8877, 0.7530, 0.7414, 0.7704, 0.7249, 0.7017],
        [0.8158, 0.7813, 0.7487, 0.8562, 0.7937, 0.7648, 0.7807, 0.7718],
        [0.7770, 0.7713, 0.7338, 0.7761, 0.8084, 0.7410, 0.7226, 0.7710],
        [0.7309, 0.7211, 0.7360, 0.7512, 0.7380, 0.9255, 0.7165, 0.6862],
        [0.7351, 0.7968, 0.7152, 0.7639, 0.7736, 0.7491, 0.9768, 0.7195],
        [0.8990, 0.7365, 0.7128, 0.8085, 0.7474, 0.7209, 0.7147, 0.8422]],
       device='cuda:0')
server average tensor
client running:0/11, client loss: 2.0647456645965576, loss 1: 1.9885939359664917, loss 2: 0.0007615182548761368
client running:1/11, client loss: 2.0878024101257324, loss 1: 1.974404215812683, loss 2: 0.0011339809279888868
client running:2/11, client loss: 2.0605390071868896, loss 1: 1.9709973335266113, loss 2: 0.0008954171789810061
client running:3/11, client loss: 2.0803439617156982, loss 1: 1.9797228574752808, loss 2: 0.0010062113869935274
client running:4/11, client loss: 2.0707361698150635, loss 1: 1.9868953227996826, loss 2: 0.0008384077227674425
client running:5/11, client loss: 2.0510292053222656, loss 1: 1.9795794486999512, loss 2: 0.0007144969422370195
client running:6/11, client loss: 2.072735071182251, loss 1: 1.9865987300872803, loss 2: 0.0008613625541329384
client running:7/11, client loss: 2.074789524078369, loss 1: 1.9752155542373657, loss 2: 0.0009957407601177692
client running:8/11, client loss: 2.087369918823242, loss 1: 1.9864413738250732, loss 2: 0.0010092860320582986
client running:9/11, client loss: 2.0621590614318848, loss 1: 1.9756025075912476, loss 2: 0.0008655659621581435
client running:10/11, client loss: 2.057844400405884, loss 1: 1.9797041416168213, loss 2: 0.0007814026321284473
server loss: tensor([[0.8735, 0.8191, 0.7140, 0.7419, 0.7748, 0.7776, 0.7156, 0.7272],
        [0.7950, 0.8648, 0.7248, 0.7497, 0.7562, 0.7814, 0.7520, 0.7153],
        [0.7160, 0.7193, 0.9177, 0.7240, 0.7440, 0.7366, 0.7571, 0.7734],
        [0.7423, 0.7266, 0.7140, 0.8790, 0.8235, 0.7542, 0.7628, 0.8073],
        [0.7804, 0.7713, 0.7372, 0.8115, 0.9447, 0.7687, 0.7788, 0.8026],
        [0.8048, 0.7957, 0.7227, 0.7583, 0.7749, 0.9642, 0.7515, 0.7498],
        [0.7357, 0.7424, 0.7421, 0.7866, 0.7735, 0.7202, 0.8620, 0.7785],
        [0.7191, 0.6901, 0.7651, 0.8082, 0.8038, 0.7175, 0.7972, 0.8992]],
       device='cuda:0')
client running:0/16, client loss: 2.0828659534454346, loss 1: 1.9837805032730103, loss 2: 0.0009908551583066583
client running:1/16, client loss: 2.075793981552124, loss 1: 1.9811817407608032, loss 2: 0.0009461219888180494
client running:2/16, client loss: 2.0467329025268555, loss 1: 1.97073495388031, loss 2: 0.0007599804666824639
client running:3/16, client loss: 2.066370964050293, loss 1: 1.9874012470245361, loss 2: 0.0007896977476775646
client running:4/16, client loss: 2.0577456951141357, loss 1: 1.9841394424438477, loss 2: 0.0007360617164522409
client running:5/16, client loss: 2.0623252391815186, loss 1: 1.9883660078048706, loss 2: 0.0007395933498628438
client running:6/16, client loss: 2.0754177570343018, loss 1: 1.9997504949569702, loss 2: 0.0007566727581433952
client running:7/16, client loss: 2.0955514907836914, loss 1: 1.9828464984893799, loss 2: 0.0011270507238805294
client running:8/16, client loss: 2.04630184173584, loss 1: 1.9788655042648315, loss 2: 0.0006743636913597584
client running:9/16, client loss: 2.066831588745117, loss 1: 1.974351406097412, loss 2: 0.0009248019778169692
client running:10/16, client loss: 2.052372932434082, loss 1: 1.9730502367019653, loss 2: 0.0007932276930660009
client running:11/16, client loss: 2.070161819458008, loss 1: 1.9834930896759033, loss 2: 0.0008666871581226587
client running:12/16, client loss: 2.063114643096924, loss 1: 1.994356393814087, loss 2: 0.0006875821272842586
client running:13/16, client loss: 2.031905174255371, loss 1: 1.9665312767028809, loss 2: 0.0006537400186061859
client running:14/16, client loss: 2.0516231060028076, loss 1: 1.966723918914795, loss 2: 0.0008489913307130337
client running:15/16, client loss: 2.0416336059570312, loss 1: 1.958294153213501, loss 2: 0.000833395286463201
server loss: tensor([[0.9108, 0.7681, 0.7198, 0.7332, 0.7913, 0.7804, 0.7448, 0.7188],
        [0.7884, 0.8942, 0.6963, 0.6990, 0.7590, 0.7526, 0.7134, 0.7376],
        [0.7334, 0.7099, 0.9452, 0.7234, 0.7623, 0.7773, 0.7224, 0.6932],
        [0.7293, 0.6847, 0.6873, 0.9233, 0.7213, 0.7192, 0.8953, 0.7375],
        [0.7920, 0.7571, 0.7378, 0.7366, 0.9677, 0.7571, 0.7270, 0.7261],
        [0.7845, 0.7429, 0.7313, 0.7348, 0.7530, 0.8731, 0.7275, 0.6777],
        [0.7293, 0.6847, 0.6873, 0.9233, 0.7213, 0.7192, 0.8953, 0.7375],
        [0.7395, 0.7500, 0.6727, 0.7554, 0.7299, 0.6833, 0.7372, 0.8921]],
       device='cuda:0')
client running:0/22, client loss: 2.059356689453125, loss 1: 1.977993130683899, loss 2: 0.0008136349497362971
client running:1/22, client loss: 2.0682854652404785, loss 1: 1.983400583267212, loss 2: 0.0008488493040204048
client running:2/22, client loss: 2.0758583545684814, loss 1: 1.9819679260253906, loss 2: 0.0009389035403728485
client running:3/22, client loss: 2.0754547119140625, loss 1: 2.004269599914551, loss 2: 0.0007118502398952842
client running:4/22, client loss: 2.0610246658325195, loss 1: 1.9751410484313965, loss 2: 0.0008588350610807538
client running:5/22, client loss: 2.0729336738586426, loss 1: 1.9880051612854004, loss 2: 0.0008492846973240376
client running:6/22, client loss: 2.0470545291900635, loss 1: 1.974467158317566, loss 2: 0.0007258731056936085
client running:7/22, client loss: 2.0854508876800537, loss 1: 1.9956691265106201, loss 2: 0.0008978178957477212
client running:8/22, client loss: 2.0635557174682617, loss 1: 1.981413722038269, loss 2: 0.0008214189438149333
client running:9/22, client loss: 2.097537040710449, loss 1: 2.0002028942108154, loss 2: 0.0009733402403071523
client running:10/22, client loss: 2.069890022277832, loss 1: 1.9924594163894653, loss 2: 0.0007743070018477738
client running:11/22, client loss: 2.0753262042999268, loss 1: 1.9781793355941772, loss 2: 0.0009714686311781406
client running:12/22, client loss: 2.067420244216919, loss 1: 1.986952781677246, loss 2: 0.0008046746952459216
client running:13/22, client loss: 2.065099000930786, loss 1: 1.9834365844726562, loss 2: 0.0008166232146322727
client running:14/22, client loss: 2.0849647521972656, loss 1: 1.990028977394104, loss 2: 0.0009493579855188727
client running:15/22, client loss: 2.04767107963562, loss 1: 1.9746453762054443, loss 2: 0.0007302562589757144
client running:16/22, client loss: 2.0426440238952637, loss 1: 1.9772231578826904, loss 2: 0.0006542092887684703
client running:17/22, client loss: 2.0665273666381836, loss 1: 1.999497890472412, loss 2: 0.000670294335577637
client running:18/22, client loss: 2.0850062370300293, loss 1: 1.9907467365264893, loss 2: 0.0009425951866433024
client running:19/22, client loss: 2.0595831871032715, loss 1: 1.9945621490478516, loss 2: 0.0006502099568024278
client running:20/22, client loss: 2.0818912982940674, loss 1: 1.9784897565841675, loss 2: 0.001034015091136098
client running:21/22, client loss: 2.070117473602295, loss 1: 1.9873409271240234, loss 2: 0.0008277645101770759
server loss: tensor([[0.8224, 0.6935, 0.6810, 0.7409, 0.7023, 0.7645, 0.7086, 0.7082],
        [0.7018, 0.9001, 0.7145, 0.7871, 0.7928, 0.7452, 0.8121, 0.7326],
        [0.6995, 0.7086, 0.8904, 0.7188, 0.7393, 0.7378, 0.7591, 0.7117],
        [0.7684, 0.7851, 0.7245, 0.8452, 0.7676, 0.7798, 0.8109, 0.7663],
        [0.6957, 0.7279, 0.7128, 0.7658, 0.8618, 0.7050, 0.7525, 0.7513],
        [0.8090, 0.7332, 0.7259, 0.7720, 0.7300, 0.8716, 0.7504, 0.7591],
        [0.7363, 0.7808, 0.7507, 0.8082, 0.7769, 0.7481, 0.9124, 0.7073],
        [0.7052, 0.6978, 0.7000, 0.7229, 0.7458, 0.7269, 0.7000, 0.8844]],
       device='cuda:0')
client running:0/16, client loss: 2.0556812286376953, loss 1: 1.9872229099273682, loss 2: 0.0006845822208561003
client running:1/16, client loss: 2.0827693939208984, loss 1: 1.9877941608428955, loss 2: 0.0009497532155364752
client running:2/16, client loss: 2.064563035964966, loss 1: 1.9843230247497559, loss 2: 0.0008024011040106416
client running:3/16, client loss: 2.075207233428955, loss 1: 1.9744927883148193, loss 2: 0.0010071441065520048
client running:4/16, client loss: 2.0855553150177, loss 1: 1.9942902326583862, loss 2: 0.0009126515360549092
client running:5/16, client loss: 2.0683350563049316, loss 1: 1.9812161922454834, loss 2: 0.0008711898699402809
client running:6/16, client loss: 2.0655505657196045, loss 1: 1.9810590744018555, loss 2: 0.0008449158631265163
client running:7/16, client loss: 2.064419746398926, loss 1: 1.9803818464279175, loss 2: 0.0008403797401115298
client running:8/16, client loss: 2.0872507095336914, loss 1: 1.9865309000015259, loss 2: 0.0010071985889226198
client running:9/16, client loss: 2.0531718730926514, loss 1: 1.9751472473144531, loss 2: 0.0007802464533597231
client running:10/16, client loss: 2.068136692047119, loss 1: 1.9839760065078735, loss 2: 0.0008416064083576202
client running:11/16, client loss: 2.0850939750671387, loss 1: 1.9837334156036377, loss 2: 0.0010136055061593652
client running:12/16, client loss: 2.0707991123199463, loss 1: 1.9931191205978394, loss 2: 0.0007767990464344621
client running:13/16, client loss: 2.072110176086426, loss 1: 1.9868273735046387, loss 2: 0.0008528287289664149
client running:14/16, client loss: 2.062194585800171, loss 1: 1.9643863439559937, loss 2: 0.0009780825348570943
client running:15/16, client loss: 2.0725386142730713, loss 1: 1.9947574138641357, loss 2: 0.0007778116269037127
server loss: tensor([[0.8639, 0.7350, 0.7476, 0.7416, 0.7684, 0.7411, 0.7550, 0.7580],
        [0.6714, 0.8717, 0.7547, 0.7454, 0.7706, 0.7893, 0.7145, 0.7621],
        [0.7151, 0.7713, 0.9203, 0.7878, 0.8316, 0.7744, 0.7472, 0.7883],
        [0.7364, 0.7753, 0.7769, 0.8666, 0.7727, 0.7775, 0.7885, 0.7825],
        [0.6862, 0.7488, 0.7889, 0.7344, 0.8877, 0.7492, 0.7007, 0.7475],
        [0.6620, 0.7604, 0.7604, 0.7399, 0.7612, 0.8846, 0.7032, 0.7604],
        [0.7388, 0.7861, 0.7584, 0.7870, 0.7802, 0.7473, 0.8514, 0.7579],
        [0.7113, 0.7727, 0.7918, 0.7528, 0.7920, 0.7641, 0.7505, 0.8789]],
       device='cuda:0')
client running:0/50, client loss: 2.047274112701416, loss 1: 1.971975326538086, loss 2: 0.0007529869908466935
client running:1/50, client loss: 2.067193031311035, loss 1: 1.978114366531372, loss 2: 0.000890787341631949
client running:2/50, client loss: 2.0785441398620605, loss 1: 1.9825599193572998, loss 2: 0.0009598412434570491
client running:3/50, client loss: 2.0539932250976562, loss 1: 1.9698376655578613, loss 2: 0.0008415547199547291
client running:4/50, client loss: 2.0521891117095947, loss 1: 1.9843931198120117, loss 2: 0.000677959353197366
client running:5/50, client loss: 2.0551395416259766, loss 1: 1.9786916971206665, loss 2: 0.0007644783472642303
client running:6/50, client loss: 2.055318832397461, loss 1: 1.9802708625793457, loss 2: 0.0007504808017984033
client running:7/50, client loss: 2.070382595062256, loss 1: 1.990654706954956, loss 2: 0.0007972795283421874
client running:8/50, client loss: 2.0717804431915283, loss 1: 1.9673869609832764, loss 2: 0.0010439343750476837
client running:9/50, client loss: 2.0703368186950684, loss 1: 1.9983255863189697, loss 2: 0.0007201123517006636
client running:10/50, client loss: 2.097005605697632, loss 1: 1.9880403280258179, loss 2: 0.0010896519524976611
client running:11/50, client loss: 2.059070348739624, loss 1: 1.9852781295776367, loss 2: 0.0007379213930107653
client running:12/50, client loss: 2.06965708732605, loss 1: 1.9812954664230347, loss 2: 0.0008836162742227316
client running:13/50, client loss: 2.0653390884399414, loss 1: 1.9882651567459106, loss 2: 0.0007707395125180483
client running:14/50, client loss: 2.0715136528015137, loss 1: 1.9698543548583984, loss 2: 0.0010165928397327662
client running:15/50, client loss: 2.0567305088043213, loss 1: 1.9828712940216064, loss 2: 0.0007385910721495748
client running:16/50, client loss: 2.0619919300079346, loss 1: 2.0058085918426514, loss 2: 0.0005618324503302574
client running:17/50, client loss: 2.046628475189209, loss 1: 1.9708325862884521, loss 2: 0.000757959671318531
client running:18/50, client loss: 2.065497875213623, loss 1: 1.9956530332565308, loss 2: 0.0006984494393691421
client running:19/50, client loss: 2.0516912937164307, loss 1: 1.9872894287109375, loss 2: 0.0006440186989493668
client running:20/50, client loss: 2.0821094512939453, loss 1: 1.9953187704086304, loss 2: 0.0008679080056026578
client running:21/50, client loss: 2.049107551574707, loss 1: 1.986920952796936, loss 2: 0.0006218666676431894
client running:22/50, client loss: 2.0822055339813232, loss 1: 1.9926940202713013, loss 2: 0.0008951161289587617
client running:23/50, client loss: 2.029379367828369, loss 1: 1.9574910402297974, loss 2: 0.0007188839372247458
client running:24/50, client loss: 2.077056646347046, loss 1: 1.985386610031128, loss 2: 0.0009167014504782856
client running:25/50, client loss: 2.0499048233032227, loss 1: 1.963919997215271, loss 2: 0.0008598482818342745
client running:26/50, client loss: 2.0687549114227295, loss 1: 1.974544882774353, loss 2: 0.0009420999558642507
client running:27/50, client loss: 2.0673327445983887, loss 1: 2.0000367164611816, loss 2: 0.0006729593733325601
client running:28/50, client loss: 2.0532243251800537, loss 1: 1.9812448024749756, loss 2: 0.0007197942468337715
client running:29/50, client loss: 2.0395419597625732, loss 1: 1.9810807704925537, loss 2: 0.0005846127169206738
client running:30/50, client loss: 2.051462173461914, loss 1: 1.992142915725708, loss 2: 0.0005931919440627098
client running:31/50, client loss: 2.0457639694213867, loss 1: 1.9716908931732178, loss 2: 0.0007407310185953975
client running:32/50, client loss: 2.054896354675293, loss 1: 1.9900752305984497, loss 2: 0.0006482104072347283
client running:33/50, client loss: 2.0620102882385254, loss 1: 1.993760108947754, loss 2: 0.0006825026357546449
client running:34/50, client loss: 2.0642619132995605, loss 1: 1.982126235961914, loss 2: 0.0008213568944483995
client running:35/50, client loss: 2.0513405799865723, loss 1: 1.9750680923461914, loss 2: 0.0007627260638400912
client running:36/50, client loss: 2.0519046783447266, loss 1: 1.9771877527236938, loss 2: 0.0007471692515537143
client running:37/50, client loss: 2.058863639831543, loss 1: 1.9864131212234497, loss 2: 0.0007245044689625502
client running:38/50, client loss: 2.066923141479492, loss 1: 1.991979718208313, loss 2: 0.0007494339370168746
client running:39/50, client loss: 2.0616893768310547, loss 1: 1.9972199201583862, loss 2: 0.0006446934421546757
client running:40/50, client loss: 2.0442299842834473, loss 1: 1.973619818687439, loss 2: 0.000706100428942591
client running:41/50, client loss: 2.035428285598755, loss 1: 1.9750721454620361, loss 2: 0.0006035604164935648
client running:42/50, client loss: 2.0519118309020996, loss 1: 1.986267328262329, loss 2: 0.0006564445793628693
client running:43/50, client loss: 2.059748888015747, loss 1: 1.9922288656234741, loss 2: 0.0006752010667696595
client running:44/50, client loss: 2.0711135864257812, loss 1: 1.9895884990692139, loss 2: 0.0008152513764798641
client running:45/50, client loss: 2.0455996990203857, loss 1: 1.986615538597107, loss 2: 0.0005898420349694788
client running:46/50, client loss: 2.048492431640625, loss 1: 1.974536657333374, loss 2: 0.0007395584252662957
client running:47/50, client loss: 2.0612902641296387, loss 1: 1.9694260358810425, loss 2: 0.0009186420356854796
client running:48/50, client loss: 2.06545352935791, loss 1: 1.9981361627578735, loss 2: 0.0006731741596013308
client running:49/50, client loss: 2.037482976913452, loss 1: 1.9787862300872803, loss 2: 0.0005869671003893018
server loss: tensor([[0.8688, 0.7850, 0.7449, 0.7254, 0.7376, 0.7274, 0.7447, 0.7447],
        [0.7492, 0.9155, 0.7542, 0.6963, 0.7436, 0.7357, 0.7188, 0.7504],
        [0.7403, 0.7441, 0.9030, 0.7896, 0.8740, 0.7747, 0.7910, 0.7722],
        [0.7028, 0.7086, 0.7614, 0.9194, 0.7920, 0.7742, 0.8008, 0.7591],
        [0.7403, 0.7441, 0.9030, 0.7896, 0.8740, 0.7747, 0.7910, 0.7722],
        [0.7086, 0.7451, 0.7479, 0.7708, 0.7840, 0.9353, 0.7412, 0.7321],
        [0.7376, 0.7309, 0.7814, 0.8066, 0.8020, 0.7787, 0.9064, 0.7584],
        [0.7439, 0.7299, 0.8118, 0.7705, 0.7745, 0.7546, 0.7497, 0.9158]],
       device='cuda:0')
server average tensor
client running:0/11, client loss: 2.0308709144592285, loss 1: 1.9472899436950684, loss 2: 0.0008358109043911099
client running:1/11, client loss: 2.1008243560791016, loss 1: 1.9936875104904175, loss 2: 0.0010713688097894192
client running:2/11, client loss: 2.0717549324035645, loss 1: 1.9825897216796875, loss 2: 0.0008916526567190886
client running:3/11, client loss: 2.0526235103607178, loss 1: 1.9719940423965454, loss 2: 0.0008062944980338216
client running:4/11, client loss: 2.069969654083252, loss 1: 1.9903490543365479, loss 2: 0.0007962066447362304
client running:5/11, client loss: 2.073047161102295, loss 1: 1.9893105030059814, loss 2: 0.0008373656892217696
client running:6/11, client loss: 2.1040701866149902, loss 1: 1.9826676845550537, loss 2: 0.0012140253093093634
client running:7/11, client loss: 2.0782315731048584, loss 1: 1.9995194673538208, loss 2: 0.0007871217676438391
client running:8/11, client loss: 2.047598361968994, loss 1: 1.9680187702178955, loss 2: 0.0007957961643114686
client running:9/11, client loss: 2.067641496658325, loss 1: 1.978414535522461, loss 2: 0.0008922702400013804
client running:10/11, client loss: 2.092566728591919, loss 1: 1.9742193222045898, loss 2: 0.0011834733886644244
server loss: tensor([[0.8753, 0.7205, 0.6571, 0.7162, 0.6918, 0.7660, 0.6979, 0.7471],
        [0.7280, 0.8897, 0.7083, 0.7383, 0.7837, 0.7408, 0.7302, 0.7781],
        [0.6773, 0.6878, 0.8543, 0.7314, 0.6669, 0.7044, 0.7191, 0.7504],
        [0.7465, 0.7115, 0.6780, 0.8814, 0.7522, 0.7351, 0.7904, 0.7744],
        [0.7517, 0.7618, 0.6958, 0.7701, 0.8818, 0.7550, 0.7585, 0.7635],
        [0.7596, 0.7228, 0.6835, 0.7508, 0.7113, 0.9302, 0.7202, 0.7090],
        [0.7392, 0.7097, 0.6935, 0.8245, 0.7175, 0.7385, 0.8892, 0.7745],
        [0.7454, 0.7203, 0.6847, 0.7465, 0.7286, 0.7060, 0.7288, 0.8617]],
       device='cuda:0')
client running:0/16, client loss: 2.0571112632751465, loss 1: 1.9837181568145752, loss 2: 0.0007339321309700608
client running:1/16, client loss: 2.058054208755493, loss 1: 1.9636808633804321, loss 2: 0.0009437332628294826
client running:2/16, client loss: 2.051743984222412, loss 1: 1.9924081563949585, loss 2: 0.000593357312027365
client running:3/16, client loss: 2.0563066005706787, loss 1: 1.9896026849746704, loss 2: 0.0006670387228950858
client running:4/16, client loss: 2.059056520462036, loss 1: 1.9819687604904175, loss 2: 0.0007708779303357005
client running:5/16, client loss: 2.0882890224456787, loss 1: 1.99147629737854, loss 2: 0.0009681276278570294
client running:6/16, client loss: 2.0643296241760254, loss 1: 1.9772733449935913, loss 2: 0.0008705622749403119
client running:7/16, client loss: 2.0700080394744873, loss 1: 1.981649398803711, loss 2: 0.0008835872868075967
client running:8/16, client loss: 2.05425763130188, loss 1: 1.9759526252746582, loss 2: 0.000783050898462534
client running:9/16, client loss: 2.0730297565460205, loss 1: 1.9734760522842407, loss 2: 0.0009955359855666757
client running:10/16, client loss: 2.088501214981079, loss 1: 1.9907171726226807, loss 2: 0.0009778410894796252
client running:11/16, client loss: 2.081963300704956, loss 1: 1.9828932285308838, loss 2: 0.0009907016064971685
client running:12/16, client loss: 2.084184408187866, loss 1: 1.9748252630233765, loss 2: 0.00109359179623425
client running:13/16, client loss: 2.044114112854004, loss 1: 1.9802076816558838, loss 2: 0.0006390649359673262
client running:14/16, client loss: 2.080388069152832, loss 1: 1.9602017402648926, loss 2: 0.001201864331960678
client running:15/16, client loss: 2.050518751144409, loss 1: 1.9603567123413086, loss 2: 0.0009016214171424508
server loss: tensor([[0.9697, 0.7127, 0.7643, 0.9554, 0.7341, 0.7513, 0.7451, 0.7634],
        [0.7038, 0.9118, 0.7438, 0.6942, 0.7158, 0.7256, 0.7241, 0.7126],
        [0.7507, 0.7410, 0.9711, 0.7467, 0.7497, 0.7686, 0.7141, 0.7540],
        [0.9697, 0.7127, 0.7643, 0.9554, 0.7341, 0.7513, 0.7451, 0.7634],
        [0.7289, 0.7472, 0.7545, 0.7312, 0.8839, 0.7774, 0.7127, 0.7479],
        [0.7058, 0.7184, 0.7275, 0.7074, 0.7567, 0.8892, 0.6708, 0.7490],
        [0.7641, 0.7465, 0.7676, 0.7413, 0.7085, 0.7442, 0.8770, 0.7388],
        [0.7539, 0.7357, 0.7586, 0.7577, 0.7241, 0.7537, 0.7225, 0.8873]],
       device='cuda:0')
client running:0/22, client loss: 2.0823588371276855, loss 1: 1.9837162494659424, loss 2: 0.0009864249732345343
client running:1/22, client loss: 2.0827689170837402, loss 1: 1.9963252544403076, loss 2: 0.0008644371409900486
client running:2/22, client loss: 2.059673309326172, loss 1: 1.9801812171936035, loss 2: 0.0007949204300530255
client running:3/22, client loss: 2.068044662475586, loss 1: 1.9682159423828125, loss 2: 0.0009982883930206299
client running:4/22, client loss: 2.043097496032715, loss 1: 1.9703388214111328, loss 2: 0.0007275858661159873
client running:5/22, client loss: 2.0499014854431152, loss 1: 1.976081132888794, loss 2: 0.0007382032927125692
client running:6/22, client loss: 2.1048285961151123, loss 1: 2.0027785301208496, loss 2: 0.0010205017169937491
client running:7/22, client loss: 2.0670478343963623, loss 1: 1.9991168975830078, loss 2: 0.0006793102947995067
client running:8/22, client loss: 2.054229974746704, loss 1: 1.968667984008789, loss 2: 0.0008556193788535893
client running:9/22, client loss: 2.06233286857605, loss 1: 1.9758505821228027, loss 2: 0.0008648231159895658
client running:10/22, client loss: 2.064526319503784, loss 1: 1.987734079360962, loss 2: 0.0007679233094677329
client running:11/22, client loss: 2.0754547119140625, loss 1: 1.9706467390060425, loss 2: 0.001048079808242619
client running:12/22, client loss: 2.0760183334350586, loss 1: 1.9975712299346924, loss 2: 0.0007844713982194662
client running:13/22, client loss: 2.086292028427124, loss 1: 1.997073769569397, loss 2: 0.000892183103132993
client running:14/22, client loss: 2.0654852390289307, loss 1: 1.9805269241333008, loss 2: 0.00084958306979388
client running:15/22, client loss: 2.0812463760375977, loss 1: 2.005314826965332, loss 2: 0.0007593160262331367
client running:16/22, client loss: 2.0687096118927, loss 1: 1.9694809913635254, loss 2: 0.0009922870667651296
client running:17/22, client loss: 2.077256202697754, loss 1: 1.9847091436386108, loss 2: 0.000925470027141273
client running:18/22, client loss: 2.061652183532715, loss 1: 1.9828237295150757, loss 2: 0.0007882833597250283
client running:19/22, client loss: 2.062495708465576, loss 1: 1.9844695329666138, loss 2: 0.0007802625186741352
client running:20/22, client loss: 2.0460262298583984, loss 1: 1.9787646532058716, loss 2: 0.0006726145511493087
client running:21/22, client loss: 2.075385808944702, loss 1: 2.0096371173858643, loss 2: 0.0006574872531928122
server loss: tensor([[0.7337, 0.7298, 0.7105, 0.7399, 0.7219, 0.7031, 0.7520, 0.7264],
        [0.7612, 0.8603, 0.7330, 0.7852, 0.7616, 0.7953, 0.7762, 0.7591],
        [0.8133, 0.7614, 0.8642, 0.7473, 0.7394, 0.7751, 0.7663, 0.8151],
        [0.7597, 0.7731, 0.7161, 0.8713, 0.7803, 0.7870, 0.7734, 0.7693],
        [0.7079, 0.7475, 0.7187, 0.7765, 0.8603, 0.7462, 0.7919, 0.7211],
        [0.7649, 0.7941, 0.7528, 0.7478, 0.7610, 0.8505, 0.7375, 0.7506],
        [0.7162, 0.7601, 0.7212, 0.7714, 0.7626, 0.7334, 0.9452, 0.7463],
        [0.7890, 0.7606, 0.7619, 0.7592, 0.7935, 0.7715, 0.7754, 0.8424]],
       device='cuda:0')
client running:0/16, client loss: 2.063786268234253, loss 1: 1.9930238723754883, loss 2: 0.0007076248293742537
client running:1/16, client loss: 2.0853688716888428, loss 1: 1.9890878200531006, loss 2: 0.0009628113475628197
client running:2/16, client loss: 2.0563154220581055, loss 1: 1.9619919061660767, loss 2: 0.0009432347142137587
client running:3/16, client loss: 2.0820915699005127, loss 1: 1.9946187734603882, loss 2: 0.0008747276151552796
client running:4/16, client loss: 2.1025514602661133, loss 1: 1.9888906478881836, loss 2: 0.0011366078397259116
client running:5/16, client loss: 2.0827364921569824, loss 1: 1.987123727798462, loss 2: 0.0009561280603520572
client running:6/16, client loss: 2.04133939743042, loss 1: 1.9734983444213867, loss 2: 0.0006784112192690372
client running:7/16, client loss: 2.0658531188964844, loss 1: 1.9747319221496582, loss 2: 0.0009112113039009273
client running:8/16, client loss: 2.0672974586486816, loss 1: 1.9885036945343018, loss 2: 0.0007879369659349322
client running:9/16, client loss: 2.072786331176758, loss 1: 2.0006656646728516, loss 2: 0.0007212077034637332
client running:10/16, client loss: 2.0503153800964355, loss 1: 1.9752781391143799, loss 2: 0.0007503724191337824
client running:11/16, client loss: 2.097561836242676, loss 1: 1.9993655681610107, loss 2: 0.0009819614933803678
client running:12/16, client loss: 2.076180934906006, loss 1: 1.9720675945281982, loss 2: 0.0010411335388198495
client running:13/16, client loss: 2.0791313648223877, loss 1: 1.9769006967544556, loss 2: 0.0010223069693893194
client running:14/16, client loss: 2.066587448120117, loss 1: 1.9751331806182861, loss 2: 0.0009145429939962924
client running:15/16, client loss: 2.053903341293335, loss 1: 1.9750875234603882, loss 2: 0.000788157107308507
server loss: tensor([[0.8791, 0.6871, 0.7428, 0.7136, 0.8839, 0.6746, 0.6900, 0.7761],
        [0.7070, 0.8596, 0.7512, 0.7654, 0.7137, 0.7243, 0.7531, 0.7584],
        [0.7840, 0.7216, 0.8426, 0.7440, 0.7539, 0.7041, 0.7024, 0.8495],
        [0.7585, 0.8061, 0.7594, 0.8993, 0.7310, 0.7201, 0.7908, 0.7958],
        [0.8142, 0.7133, 0.7147, 0.7383, 0.9255, 0.6847, 0.7068, 0.7688],
        [0.7024, 0.7604, 0.6889, 0.7217, 0.7008, 0.9309, 0.7070, 0.7508],
        [0.7612, 0.8010, 0.7059, 0.8171, 0.6957, 0.6773, 0.8995, 0.7600],
        [0.7840, 0.7216, 0.8426, 0.7440, 0.7539, 0.7041, 0.7024, 0.8495]],
       device='cuda:0')
client running:0/50, client loss: 2.0585944652557373, loss 1: 1.9747645854949951, loss 2: 0.0008382996893487871
client running:1/50, client loss: 2.051388740539551, loss 1: 1.977006435394287, loss 2: 0.0007438224274665117
client running:2/50, client loss: 2.0320708751678467, loss 1: 1.9729081392288208, loss 2: 0.0005916269728913903
client running:3/50, client loss: 2.0422112941741943, loss 1: 1.978989839553833, loss 2: 0.000632213894277811
client running:4/50, client loss: 2.050992965698242, loss 1: 1.9859896898269653, loss 2: 0.0006500331219285727
client running:5/50, client loss: 2.0559189319610596, loss 1: 1.9859764575958252, loss 2: 0.0006994247087277472
client running:6/50, client loss: 2.046079635620117, loss 1: 1.9706451892852783, loss 2: 0.0007543433457612991
client running:7/50, client loss: 2.0606672763824463, loss 1: 1.9810290336608887, loss 2: 0.0007963827811181545
client running:8/50, client loss: 2.04986834526062, loss 1: 1.9662195444107056, loss 2: 0.0008364884415641427
client running:9/50, client loss: 2.0796332359313965, loss 1: 1.9968969821929932, loss 2: 0.000827362178824842
client running:10/50, client loss: 2.0351641178131104, loss 1: 1.9691325426101685, loss 2: 0.0006603164365515113
client running:11/50, client loss: 2.0666561126708984, loss 1: 1.9815963506698608, loss 2: 0.0008505975129082799
client running:12/50, client loss: 2.0668222904205322, loss 1: 1.980995535850525, loss 2: 0.0008582676528021693
client running:13/50, client loss: 2.0783233642578125, loss 1: 1.9972317218780518, loss 2: 0.0008109160698950291
client running:14/50, client loss: 2.049124002456665, loss 1: 1.9611059427261353, loss 2: 0.000880181323736906
client running:15/50, client loss: 2.0355658531188965, loss 1: 1.9815630912780762, loss 2: 0.0005400278605520725
client running:16/50, client loss: 2.050978899002075, loss 1: 1.9792969226837158, loss 2: 0.0007168200681917369
client running:17/50, client loss: 2.0356194972991943, loss 1: 1.9672260284423828, loss 2: 0.0006839340785518289
client running:18/50, client loss: 2.068223714828491, loss 1: 1.9840532541275024, loss 2: 0.0008417040226049721
client running:19/50, client loss: 2.05016827583313, loss 1: 1.9713314771652222, loss 2: 0.0007883686921559274
client running:20/50, client loss: 2.068171977996826, loss 1: 2.0005500316619873, loss 2: 0.0006762194680050015
client running:21/50, client loss: 2.0722391605377197, loss 1: 1.9824719429016113, loss 2: 0.0008976724348030984
client running:22/50, client loss: 2.089686632156372, loss 1: 1.9823455810546875, loss 2: 0.0010734100360423326
client running:23/50, client loss: 2.0508179664611816, loss 1: 1.9811925888061523, loss 2: 0.0006962548359297216
client running:24/50, client loss: 2.0470592975616455, loss 1: 1.9807757139205933, loss 2: 0.0006628367118537426
client running:25/50, client loss: 2.039280891418457, loss 1: 1.9694058895111084, loss 2: 0.0006987500237300992
client running:26/50, client loss: 2.0629971027374268, loss 1: 1.999730110168457, loss 2: 0.0006326696602627635
client running:27/50, client loss: 2.077143430709839, loss 1: 1.995350956916809, loss 2: 0.0008179245633073151
client running:28/50, client loss: 2.0562751293182373, loss 1: 1.978410243988037, loss 2: 0.0007786480127833784
client running:29/50, client loss: 2.083519458770752, loss 1: 1.9962880611419678, loss 2: 0.0008723137434571981
client running:30/50, client loss: 2.036952495574951, loss 1: 1.9873002767562866, loss 2: 0.0004965222324244678
client running:31/50, client loss: 2.057257890701294, loss 1: 1.9905362129211426, loss 2: 0.0006672178860753775
client running:32/50, client loss: 2.0258126258850098, loss 1: 1.9727742671966553, loss 2: 0.0005303825601004064
client running:33/50, client loss: 2.0611588954925537, loss 1: 1.9668291807174683, loss 2: 0.0009432981023564935
client running:34/50, client loss: 2.09635329246521, loss 1: 1.9980159997940063, loss 2: 0.0009833738440647721
client running:35/50, client loss: 2.061645030975342, loss 1: 1.9639071226119995, loss 2: 0.0009773782221600413
client running:36/50, client loss: 2.0669333934783936, loss 1: 1.9938082695007324, loss 2: 0.0007312503294087946
client running:37/50, client loss: 2.04660701751709, loss 1: 1.9775947332382202, loss 2: 0.0006901234155520797
client running:38/50, client loss: 2.075244903564453, loss 1: 1.990161657333374, loss 2: 0.0008508334867656231
client running:39/50, client loss: 2.0242180824279785, loss 1: 1.969398856163025, loss 2: 0.0005481918342411518
client running:40/50, client loss: 2.059454917907715, loss 1: 1.9966908693313599, loss 2: 0.0006276416825130582
client running:41/50, client loss: 2.0486109256744385, loss 1: 1.9692111015319824, loss 2: 0.0007939984789118171
client running:42/50, client loss: 2.062082052230835, loss 1: 1.9882780313491821, loss 2: 0.0007380401948466897
client running:43/50, client loss: 2.0572009086608887, loss 1: 1.9879019260406494, loss 2: 0.0006929886294528842
client running:44/50, client loss: 2.097217321395874, loss 1: 1.9866557121276855, loss 2: 0.0011056169169023633
client running:45/50, client loss: 2.044004201889038, loss 1: 1.9758580923080444, loss 2: 0.0006814613589085639
client running:46/50, client loss: 2.0549042224884033, loss 1: 1.9719183444976807, loss 2: 0.0008298580069094896
client running:47/50, client loss: 2.053422212600708, loss 1: 1.9726059436798096, loss 2: 0.0008081624982878566
client running:48/50, client loss: 2.059382677078247, loss 1: 2.000145673751831, loss 2: 0.0005923697026446462
client running:49/50, client loss: 2.0784220695495605, loss 1: 1.9945837259292603, loss 2: 0.0008383840322494507
server loss: tensor([[0.8551, 0.7551, 0.7236, 0.7394, 0.7592, 0.7560, 0.7626, 0.7606],
        [0.7785, 0.8838, 0.7319, 0.7272, 0.7832, 0.7371, 0.7554, 0.7435],
        [0.7261, 0.7350, 0.8500, 0.7729, 0.7073, 0.8058, 0.7256, 0.8059],
        [0.7611, 0.7418, 0.7764, 0.8916, 0.7441, 0.8049, 0.7542, 0.7948],
        [0.7786, 0.7755, 0.7142, 0.7435, 0.8736, 0.7390, 0.7603, 0.7508],
        [0.7470, 0.7375, 0.7541, 0.7706, 0.7402, 0.9650, 0.7206, 0.8119],
        [0.7755, 0.7899, 0.7703, 0.7909, 0.7988, 0.7923, 0.8283, 0.7962],
        [0.7425, 0.7647, 0.7838, 0.7728, 0.7361, 0.8407, 0.7436, 0.8975]],
       device='cuda:0')
server average tensor
client running:0/11, client loss: 2.049696922302246, loss 1: 1.982283592224121, loss 2: 0.0006741327815689147
client running:1/11, client loss: 2.089648962020874, loss 1: 1.9859962463378906, loss 2: 0.0010365277994424105
client running:2/11, client loss: 2.051433801651001, loss 1: 1.9734731912612915, loss 2: 0.0007796052377671003
client running:3/11, client loss: 2.0544259548187256, loss 1: 1.9804503917694092, loss 2: 0.0007397567387670279
client running:4/11, client loss: 2.082547664642334, loss 1: 1.986981749534607, loss 2: 0.0009556593140587211
client running:5/11, client loss: 2.063333034515381, loss 1: 1.9876452684402466, loss 2: 0.0007568775909021497
client running:6/11, client loss: 2.072533369064331, loss 1: 1.9697318077087402, loss 2: 0.001028014812618494
client running:7/11, client loss: 2.05991792678833, loss 1: 1.989091396331787, loss 2: 0.0007082651718519628
client running:8/11, client loss: 2.0633108615875244, loss 1: 1.982535481452942, loss 2: 0.0008077539969235659
client running:9/11, client loss: 2.0818490982055664, loss 1: 1.9740495681762695, loss 2: 0.0010779941221699119
client running:10/11, client loss: 2.0584399700164795, loss 1: 1.9900853633880615, loss 2: 0.0006835461826995015
server loss: tensor([[0.8678, 0.7580, 0.7425, 0.7394, 0.7836, 0.7755, 0.7794, 0.7963],
        [0.7206, 0.8905, 0.6942, 0.7675, 0.6867, 0.7048, 0.7350, 0.7263],
        [0.7484, 0.7099, 0.8604, 0.7297, 0.7268, 0.7244, 0.7394, 0.7243],
        [0.7897, 0.8155, 0.7590, 0.9257, 0.7498, 0.7688, 0.8006, 0.7805],
        [0.7951, 0.7196, 0.7790, 0.7383, 0.9014, 0.7754, 0.8069, 0.7868],
        [0.8003, 0.7319, 0.7977, 0.7214, 0.7690, 0.9023, 0.7803, 0.7986],
        [0.8065, 0.7743, 0.7634, 0.8018, 0.7999, 0.7828, 0.9422, 0.8167],
        [0.7794, 0.7234, 0.7357, 0.7410, 0.7481, 0.7722, 0.7872, 0.8277]],
       device='cuda:0')
client running:0/16, client loss: 2.044206380844116, loss 1: 1.9642198085784912, loss 2: 0.0007998659857548773
client running:1/16, client loss: 2.070143222808838, loss 1: 1.9860713481903076, loss 2: 0.0008407193818129599
client running:2/16, client loss: 2.0850281715393066, loss 1: 1.9832484722137451, loss 2: 0.0010177972726523876
client running:3/16, client loss: 2.0603673458099365, loss 1: 1.9910681247711182, loss 2: 0.0006929911905899644
client running:4/16, client loss: 2.0435233116149902, loss 1: 1.9661883115768433, loss 2: 0.0007733510574325919
client running:5/16, client loss: 2.062166213989258, loss 1: 1.9673172235488892, loss 2: 0.0009484910406172276
client running:6/16, client loss: 2.045046091079712, loss 1: 1.984707236289978, loss 2: 0.0006033882382325828
client running:7/16, client loss: 2.0335705280303955, loss 1: 1.9695227146148682, loss 2: 0.0006404781015589833
client running:8/16, client loss: 2.0730161666870117, loss 1: 1.9811198711395264, loss 2: 0.0009189629927277565
client running:9/16, client loss: 2.072100877761841, loss 1: 1.9729993343353271, loss 2: 0.000991015462204814
client running:10/16, client loss: 2.09214186668396, loss 1: 1.9774070978164673, loss 2: 0.001147346687503159
client running:11/16, client loss: 2.0561342239379883, loss 1: 1.992356300354004, loss 2: 0.0006377790705300868
client running:12/16, client loss: 2.073296070098877, loss 1: 1.9895436763763428, loss 2: 0.0008375240722671151
client running:13/16, client loss: 2.0578725337982178, loss 1: 1.9803639650344849, loss 2: 0.0007750858785584569
client running:14/16, client loss: 2.0592761039733887, loss 1: 1.962227702140808, loss 2: 0.0009704841068014503
client running:15/16, client loss: 2.048795700073242, loss 1: 1.9711225032806396, loss 2: 0.0007767316419631243
server loss: tensor([[0.9100, 0.7233, 0.7552, 0.7694, 0.8839, 0.7556, 0.7825, 0.7530],
        [0.7282, 0.9154, 0.7043, 0.7263, 0.7291, 0.7708, 0.7127, 0.6987],
        [0.7380, 0.7076, 0.8706, 0.7198, 0.7389, 0.7159, 0.7900, 0.7193],
        [0.7430, 0.7498, 0.7394, 0.8909, 0.7322, 0.7365, 0.7507, 0.7048],
        [0.9100, 0.7233, 0.7552, 0.7694, 0.8839, 0.7556, 0.7825, 0.7530],
        [0.7459, 0.7571, 0.7217, 0.7303, 0.7666, 0.9324, 0.7343, 0.7319],
        [0.7636, 0.7376, 0.7539, 0.7482, 0.7813, 0.7481, 0.8889, 0.7471],
        [0.7582, 0.7102, 0.7341, 0.7316, 0.7888, 0.7551, 0.7744, 0.9347]],
       device='cuda:0')
client running:0/22, client loss: 2.079922676086426, loss 1: 1.982210636138916, loss 2: 0.0009771200129762292
client running:1/22, client loss: 2.076538562774658, loss 1: 1.9794317483901978, loss 2: 0.0009710672893561423
client running:2/22, client loss: 2.039771795272827, loss 1: 1.9887421131134033, loss 2: 0.0005102958530187607
client running:3/22, client loss: 2.0557823181152344, loss 1: 1.9731698036193848, loss 2: 0.0008261248585768044
client running:4/22, client loss: 2.069784641265869, loss 1: 1.974424123764038, loss 2: 0.0009536047000437975
client running:5/22, client loss: 2.0723142623901367, loss 1: 1.9944206476211548, loss 2: 0.0007789364899508655
client running:6/22, client loss: 2.101067304611206, loss 1: 1.993722915649414, loss 2: 0.0010734428651630878
client running:7/22, client loss: 2.066143751144409, loss 1: 1.9781897068023682, loss 2: 0.0008795401081442833
client running:8/22, client loss: 2.0836310386657715, loss 1: 1.9929959774017334, loss 2: 0.0009063500910997391
client running:9/22, client loss: 2.0571346282958984, loss 1: 1.9905691146850586, loss 2: 0.0006656550685875118
client running:10/22, client loss: 2.100841522216797, loss 1: 2.0016427040100098, loss 2: 0.000991987413726747
client running:11/22, client loss: 2.049636125564575, loss 1: 1.9636616706848145, loss 2: 0.0008597443229518831
client running:12/22, client loss: 2.07501220703125, loss 1: 1.9874229431152344, loss 2: 0.0008758919429965317
client running:13/22, client loss: 2.066147804260254, loss 1: 1.9866058826446533, loss 2: 0.0007954181637614965
client running:14/22, client loss: 2.080447196960449, loss 1: 1.9875303506851196, loss 2: 0.000929167727008462
client running:15/22, client loss: 2.058009147644043, loss 1: 1.9773768186569214, loss 2: 0.0008063240093179047
client running:16/22, client loss: 2.078007698059082, loss 1: 1.9894367456436157, loss 2: 0.0008857084903866053
client running:17/22, client loss: 2.0586869716644287, loss 1: 1.9658845663070679, loss 2: 0.0009280248777940869
client running:18/22, client loss: 2.0932095050811768, loss 1: 1.9914216995239258, loss 2: 0.0010178781813010573
client running:19/22, client loss: 2.0866198539733887, loss 1: 1.9874587059020996, loss 2: 0.0009916119743138552
client running:20/22, client loss: 2.0903587341308594, loss 1: 1.9968494176864624, loss 2: 0.0009350922191515565
client running:21/22, client loss: 2.072248935699463, loss 1: 1.9907422065734863, loss 2: 0.000815068488009274
server loss: tensor([[0.9119, 0.7090, 0.7523, 0.7227, 0.7602, 0.7163, 0.7092, 0.6920],
        [0.7176, 0.9004, 0.7674, 0.7493, 0.7727, 0.7571, 0.7561, 0.7204],
        [0.7427, 0.7664, 0.9409, 0.7568, 0.8466, 0.7523, 0.7647, 0.7152],
        [0.7157, 0.7129, 0.7379, 0.8087, 0.7784, 0.7282, 0.6949, 0.7653],
        [0.7270, 0.7532, 0.7705, 0.7866, 0.8590, 0.7822, 0.7486, 0.7281],
        [0.7228, 0.7598, 0.7561, 0.7597, 0.7776, 0.8814, 0.7104, 0.7114],
        [0.6963, 0.8090, 0.7470, 0.7088, 0.7151, 0.6940, 0.8826, 0.6889],
        [0.7157, 0.7129, 0.7379, 0.8087, 0.7784, 0.7282, 0.6949, 0.7653]],
       device='cuda:0')
client running:0/16, client loss: 2.075510263442993, loss 1: 1.9630645513534546, loss 2: 0.001124457805417478
client running:1/16, client loss: 2.089186429977417, loss 1: 1.9757511615753174, loss 2: 0.0011343525256961584
client running:2/16, client loss: 2.0690653324127197, loss 1: 1.9613758325576782, loss 2: 0.001076894928701222
client running:3/16, client loss: 2.073214292526245, loss 1: 1.9949512481689453, loss 2: 0.0007826312794350088
client running:4/16, client loss: 2.111691951751709, loss 1: 2.009307384490967, loss 2: 0.0010238450486212969
client running:5/16, client loss: 2.111384868621826, loss 1: 1.9911472797393799, loss 2: 0.001202376326546073
client running:6/16, client loss: 2.0627124309539795, loss 1: 1.9776337146759033, loss 2: 0.0008507876191288233
client running:7/16, client loss: 2.0886292457580566, loss 1: 1.9848015308380127, loss 2: 0.0010382762411609292
client running:8/16, client loss: 2.0720643997192383, loss 1: 1.9933114051818848, loss 2: 0.0007875306764617562
client running:9/16, client loss: 2.079148054122925, loss 1: 1.9823635816574097, loss 2: 0.0009678453207015991
client running:10/16, client loss: 2.076864004135132, loss 1: 2.001795530319214, loss 2: 0.0007506835972890258
client running:11/16, client loss: 2.084561824798584, loss 1: 1.9726035594940186, loss 2: 0.001119581633247435
client running:12/16, client loss: 2.059950828552246, loss 1: 1.9889858961105347, loss 2: 0.0007096505141817033
client running:13/16, client loss: 2.0649702548980713, loss 1: 1.9881097078323364, loss 2: 0.0007686043391004205
client running:14/16, client loss: 2.0881688594818115, loss 1: 1.982000470161438, loss 2: 0.0010616832878440619
client running:15/16, client loss: 2.068751811981201, loss 1: 2.0022997856140137, loss 2: 0.0006645208923146129
server loss: tensor([[0.8449, 0.7499, 0.7435, 0.7366, 0.7479, 0.7330, 0.8101, 0.7952],
        [0.7587, 0.8309, 0.7167, 0.7158, 0.7424, 0.7322, 0.7434, 0.7473],
        [0.7394, 0.7618, 0.8560, 0.7649, 0.7319, 0.7209, 0.7765, 0.7259],
        [0.8060, 0.7812, 0.7414, 0.8234, 0.7309, 0.6841, 0.7943, 0.7256],
        [0.7311, 0.7677, 0.7290, 0.7266, 0.8428, 0.7574, 0.7365, 0.8051],
        [0.7315, 0.7647, 0.7181, 0.7061, 0.7151, 0.8882, 0.7363, 0.7656],
        [0.8024, 0.7781, 0.7806, 0.7798, 0.7425, 0.7274, 0.8550, 0.7867],
        [0.7538, 0.7432, 0.7193, 0.7173, 0.7655, 0.7369, 0.7697, 0.9068]],
       device='cuda:0')
client running:0/50, client loss: 2.067882537841797, loss 1: 1.9950101375579834, loss 2: 0.0007287240587174892
client running:1/50, client loss: 2.0730741024017334, loss 1: 1.99802565574646, loss 2: 0.0007504851673729718
client running:2/50, client loss: 2.056255578994751, loss 1: 1.9858026504516602, loss 2: 0.0007045289385132492
client running:3/50, client loss: 2.043992280960083, loss 1: 1.966869831085205, loss 2: 0.0007712250808253884
client running:4/50, client loss: 2.0429322719573975, loss 1: 1.9857292175292969, loss 2: 0.0005720307817682624
client running:5/50, client loss: 2.0343399047851562, loss 1: 1.9696154594421387, loss 2: 0.0006472447421401739
client running:6/50, client loss: 2.049278736114502, loss 1: 1.974613070487976, loss 2: 0.0007466566748917103
client running:7/50, client loss: 2.0401647090911865, loss 1: 1.9765704870224, loss 2: 0.0006359431426972151
client running:8/50, client loss: 2.085386037826538, loss 1: 1.981091022491455, loss 2: 0.0010429508984088898
client running:9/50, client loss: 2.066744565963745, loss 1: 1.9912822246551514, loss 2: 0.0007546227425336838
client running:10/50, client loss: 2.0487353801727295, loss 1: 1.986285924911499, loss 2: 0.0006244934629648924
client running:11/50, client loss: 2.037795305252075, loss 1: 1.9659137725830078, loss 2: 0.0007188150775618851
client running:12/50, client loss: 2.0526816844940186, loss 1: 1.980750560760498, loss 2: 0.0007193113560788333
client running:13/50, client loss: 2.0649821758270264, loss 1: 1.9949932098388672, loss 2: 0.0006998894386924803
client running:14/50, client loss: 2.088289499282837, loss 1: 1.9839881658554077, loss 2: 0.0010430128313601017
client running:15/50, client loss: 2.0709986686706543, loss 1: 2.0011837482452393, loss 2: 0.0006981498445384204
client running:16/50, client loss: 2.064486503601074, loss 1: 1.9731268882751465, loss 2: 0.0009135950822383165
client running:17/50, client loss: 2.057264566421509, loss 1: 1.977433681488037, loss 2: 0.000798309687525034
client running:18/50, client loss: 2.050898790359497, loss 1: 1.9675500392913818, loss 2: 0.0008334883023053408
client running:19/50, client loss: 2.0335025787353516, loss 1: 1.9696972370147705, loss 2: 0.0006380529375746846
client running:20/50, client loss: 2.0403785705566406, loss 1: 1.978704571723938, loss 2: 0.0006167411338537931
client running:21/50, client loss: 2.043032169342041, loss 1: 1.972249984741211, loss 2: 0.0007078207563608885
client running:22/50, client loss: 2.0600337982177734, loss 1: 1.9950222969055176, loss 2: 0.0006501139723695815
client running:23/50, client loss: 2.0589759349823, loss 1: 1.9784626960754395, loss 2: 0.0008051312761381269
client running:24/50, client loss: 2.0585246086120605, loss 1: 1.9869977235794067, loss 2: 0.0007152699399739504
client running:25/50, client loss: 2.027024984359741, loss 1: 1.9705166816711426, loss 2: 0.0005650841630995274
client running:26/50, client loss: 2.0618491172790527, loss 1: 1.9830873012542725, loss 2: 0.0007876174058765173
client running:27/50, client loss: 2.075066566467285, loss 1: 1.974015474319458, loss 2: 0.0010105104884132743
client running:28/50, client loss: 2.036162853240967, loss 1: 1.9766559600830078, loss 2: 0.0005950684426352382
client running:29/50, client loss: 2.07039213180542, loss 1: 1.9736957550048828, loss 2: 0.0009669639985077083
client running:30/50, client loss: 2.065035581588745, loss 1: 1.9830108880996704, loss 2: 0.000820248038507998
client running:31/50, client loss: 2.075826644897461, loss 1: 1.9884908199310303, loss 2: 0.0008733581053093076
client running:32/50, client loss: 2.057421922683716, loss 1: 1.9775294065475464, loss 2: 0.0007989255245774984
client running:33/50, client loss: 2.061283826828003, loss 1: 1.9874327182769775, loss 2: 0.0007385110948234797
client running:34/50, client loss: 2.067772388458252, loss 1: 1.9903626441955566, loss 2: 0.0007740981527604163
client running:35/50, client loss: 2.0674407482147217, loss 1: 1.9843040704727173, loss 2: 0.0008313667494803667
client running:36/50, client loss: 2.0573902130126953, loss 1: 1.970219373703003, loss 2: 0.0008717072196304798
client running:37/50, client loss: 2.0606541633605957, loss 1: 1.9922677278518677, loss 2: 0.0006838637054897845
client running:38/50, client loss: 2.0510542392730713, loss 1: 2.0067837238311768, loss 2: 0.00044270558282732964
client running:39/50, client loss: 2.059964656829834, loss 1: 1.9898531436920166, loss 2: 0.0007011147681623697
client running:40/50, client loss: 2.050656318664551, loss 1: 1.978081464767456, loss 2: 0.0007257489487528801
client running:41/50, client loss: 2.0889980792999268, loss 1: 1.9972617626190186, loss 2: 0.0009173638536594808
client running:42/50, client loss: 2.0427029132843018, loss 1: 1.9802443981170654, loss 2: 0.0006245849654078484
client running:43/50, client loss: 2.0613603591918945, loss 1: 1.972550630569458, loss 2: 0.0008880977984517813
client running:44/50, client loss: 2.0305607318878174, loss 1: 1.9682347774505615, loss 2: 0.0006232596933841705
client running:45/50, client loss: 2.0607917308807373, loss 1: 1.9804240465164185, loss 2: 0.0008036770159378648
client running:46/50, client loss: 2.066641330718994, loss 1: 1.9830327033996582, loss 2: 0.0008360858773812652
client running:47/50, client loss: 2.039512872695923, loss 1: 1.9731805324554443, loss 2: 0.000663323444314301
client running:48/50, client loss: 2.0594420433044434, loss 1: 2.0103743076324463, loss 2: 0.0004906765534542501
client running:49/50, client loss: 2.0433382987976074, loss 1: 1.9727966785430908, loss 2: 0.0007054166053421795
server loss: tensor([[0.8791, 0.7520, 0.7436, 0.7839, 0.7453, 0.7468, 0.7602, 0.7295],
        [0.7703, 0.9170, 0.7377, 0.8121, 0.7302, 0.7720, 0.7728, 0.7732],
        [0.6935, 0.6879, 0.9333, 0.7466, 0.7285, 0.8117, 0.7610, 0.7459],
        [0.7226, 0.7489, 0.7407, 0.9187, 0.7376, 0.7739, 0.7802, 0.7457],
        [0.7441, 0.7285, 0.7103, 0.7240, 0.9002, 0.7025, 0.7212, 0.6821],
        [0.7344, 0.7716, 0.7491, 0.7210, 0.6959, 0.9049, 0.7467, 0.8801],
        [0.7350, 0.7765, 0.7572, 0.8076, 0.7209, 0.7792, 0.8767, 0.7502],
        [0.7344, 0.7716, 0.7491, 0.7210, 0.6959, 0.9049, 0.7467, 0.8801]],
       device='cuda:0')
server average tensor
client running:0/11, client loss: 2.0917723178863525, loss 1: 1.992354393005371, loss 2: 0.0009941786993294954
client running:1/11, client loss: 2.115274429321289, loss 1: 1.9819356203079224, loss 2: 0.0013333875685930252
client running:2/11, client loss: 2.1071860790252686, loss 1: 1.971199870109558, loss 2: 0.0013598620425909758
client running:3/11, client loss: 2.088162660598755, loss 1: 1.9898651838302612, loss 2: 0.0009829754708334804
client running:4/11, client loss: 2.0539140701293945, loss 1: 1.977942705154419, loss 2: 0.0007597128860652447
client running:5/11, client loss: 2.0682215690612793, loss 1: 1.9915878772735596, loss 2: 0.0007663368014618754
client running:6/11, client loss: 2.057856798171997, loss 1: 1.9813506603240967, loss 2: 0.0007650604238733649
client running:7/11, client loss: 2.0800886154174805, loss 1: 2.0002150535583496, loss 2: 0.000798736815340817
client running:8/11, client loss: 2.05424427986145, loss 1: 1.9601857662200928, loss 2: 0.0009405859163962305
client running:9/11, client loss: 2.062762498855591, loss 1: 1.9820374250411987, loss 2: 0.0008072503842413425
client running:10/11, client loss: 2.060871124267578, loss 1: 1.9729527235031128, loss 2: 0.0008791832951828837
server loss: tensor([[0.8590, 0.7529, 0.7589, 0.7063, 0.7978, 0.7183, 0.7712, 0.6596],
        [0.7062, 0.8748, 0.7160, 0.7635, 0.7495, 0.7438, 0.7809, 0.6381],
        [0.7797, 0.7249, 0.9220, 0.7290, 0.8151, 0.7576, 0.7560, 0.6974],
        [0.6964, 0.7845, 0.7129, 0.9065, 0.7251, 0.7396, 0.7295, 0.6786],
        [0.8178, 0.7239, 0.7498, 0.6350, 0.8822, 0.7454, 0.7608, 0.6776],
        [0.7616, 0.7545, 0.7696, 0.7256, 0.7960, 0.8849, 0.7967, 0.7061],
        [0.7303, 0.7909, 0.7295, 0.7206, 0.7521, 0.7756, 0.8975, 0.6688],
        [0.6980, 0.6874, 0.7192, 0.7059, 0.7204, 0.6796, 0.6808, 0.8537]],
       device='cuda:0')
client running:0/16, client loss: 2.06306529045105, loss 1: 1.9831430912017822, loss 2: 0.0007992213941179216
client running:1/16, client loss: 2.078178644180298, loss 1: 1.9739609956741333, loss 2: 0.0010421759216114879
client running:2/16, client loss: 2.0342164039611816, loss 1: 1.9667387008666992, loss 2: 0.0006747765000909567
client running:3/16, client loss: 2.0571043491363525, loss 1: 1.9782012701034546, loss 2: 0.000789030222222209
client running:4/16, client loss: 2.066662549972534, loss 1: 1.9799590110778809, loss 2: 0.0008670353563502431
client running:5/16, client loss: 2.051042079925537, loss 1: 1.9699382781982422, loss 2: 0.0008110367925837636
client running:6/16, client loss: 2.1117711067199707, loss 1: 1.9768412113189697, loss 2: 0.001349298981949687
client running:7/16, client loss: 2.0686075687408447, loss 1: 1.9881893396377563, loss 2: 0.0008041826076805592
client running:8/16, client loss: 2.0620040893554688, loss 1: 1.9901652336120605, loss 2: 0.0007183884736150503
client running:9/16, client loss: 2.0584022998809814, loss 1: 1.9914824962615967, loss 2: 0.0006691989256069064
client running:10/16, client loss: 2.063775062561035, loss 1: 1.9795191287994385, loss 2: 0.000842560431919992
client running:11/16, client loss: 2.046302318572998, loss 1: 1.9655094146728516, loss 2: 0.0008079300168901682
client running:12/16, client loss: 2.069333791732788, loss 1: 1.9835941791534424, loss 2: 0.0008573971572332084
client running:13/16, client loss: 2.0711050033569336, loss 1: 1.996904969215393, loss 2: 0.0007419998873956501
client running:14/16, client loss: 2.0505778789520264, loss 1: 1.9915196895599365, loss 2: 0.0005905817379243672
client running:15/16, client loss: 2.0471484661102295, loss 1: 1.9684019088745117, loss 2: 0.0007874666480347514
server loss: tensor([[0.9027, 0.7530, 0.8195, 0.7645, 0.7422, 0.7576, 0.7502, 0.7446],
        [0.7599, 0.9124, 0.7573, 0.7276, 0.7292, 0.7787, 0.7880, 0.7713],
        [0.7888, 0.7268, 0.9116, 0.7419, 0.7059, 0.7159, 0.7147, 0.7258],
        [0.7561, 0.7290, 0.7600, 0.9628, 0.7947, 0.7945, 0.7317, 0.7524],
        [0.7343, 0.7515, 0.7328, 0.7838, 0.9594, 0.7793, 0.7395, 0.7143],
        [0.7313, 0.7676, 0.7342, 0.7643, 0.7708, 0.8830, 0.7746, 0.7923],
        [0.7424, 0.7971, 0.7556, 0.7377, 0.7705, 0.7855, 0.9002, 0.8117],
        [0.7526, 0.7594, 0.7440, 0.7653, 0.7467, 0.8086, 0.7916, 0.9089]],
       device='cuda:0')
client running:0/22, client loss: 2.089393377304077, loss 1: 1.9844248294830322, loss 2: 0.0010496859904378653
client running:1/22, client loss: 2.062082529067993, loss 1: 1.9896318912506104, loss 2: 0.0007245069136843085
client running:2/22, client loss: 2.079192876815796, loss 1: 1.990684151649475, loss 2: 0.0008850862504914403
client running:3/22, client loss: 2.074247360229492, loss 1: 1.97525155544281, loss 2: 0.0009899575961753726
client running:4/22, client loss: 2.051194190979004, loss 1: 1.973886489868164, loss 2: 0.0007730782381258905
client running:5/22, client loss: 2.0585362911224365, loss 1: 1.970681071281433, loss 2: 0.0008785527897998691
client running:6/22, client loss: 2.111900806427002, loss 1: 1.9999421834945679, loss 2: 0.0011195861734449863
client running:7/22, client loss: 2.088452100753784, loss 1: 1.984478235244751, loss 2: 0.0010397378355264664
client running:8/22, client loss: 2.106231451034546, loss 1: 2.016005516052246, loss 2: 0.0009022593731060624
client running:9/22, client loss: 2.057842493057251, loss 1: 1.959468126296997, loss 2: 0.0009837436955422163
client running:10/22, client loss: 2.055443286895752, loss 1: 1.976121187210083, loss 2: 0.0007932218722999096
client running:11/22, client loss: 2.0923056602478027, loss 1: 1.9837194681167603, loss 2: 0.0010858625173568726
client running:12/22, client loss: 2.0495879650115967, loss 1: 1.9757481813430786, loss 2: 0.0007383972406387329
client running:13/22, client loss: 2.0825977325439453, loss 1: 1.9746239185333252, loss 2: 0.001079736975952983
client running:14/22, client loss: 2.078458547592163, loss 1: 1.9868303537368774, loss 2: 0.0009162818314507604
client running:15/22, client loss: 2.0638580322265625, loss 1: 1.9808645248413086, loss 2: 0.0008299354813061655
client running:16/22, client loss: 2.0781607627868652, loss 1: 2.0006024837493896, loss 2: 0.0007755818660371006
client running:17/22, client loss: 2.0757248401641846, loss 1: 1.9883594512939453, loss 2: 0.0008736527524888515
client running:18/22, client loss: 2.0867860317230225, loss 1: 2.0057389736175537, loss 2: 0.00081046944251284
client running:19/22, client loss: 2.067941665649414, loss 1: 1.9861207008361816, loss 2: 0.000818209839053452
client running:20/22, client loss: 2.0499401092529297, loss 1: 1.9711179733276367, loss 2: 0.0007882206700742245
client running:21/22, client loss: 2.0536203384399414, loss 1: 1.97554349899292, loss 2: 0.0007807672373019159
server loss: tensor([[0.9050, 0.6834, 0.7816, 0.7922, 0.7917, 0.7400, 0.7804, 0.7553],
        [0.7352, 0.9220, 0.7453, 0.7459, 0.7218, 0.6444, 0.7291, 0.7252],
        [0.7467, 0.7211, 0.8709, 0.7451, 0.7694, 0.7125, 0.7817, 0.7245],
        [0.7783, 0.7196, 0.8006, 0.9152, 0.7762, 0.7208, 0.7916, 0.7483],
        [0.8108, 0.7077, 0.7967, 0.7890, 0.9461, 0.7315, 0.7995, 0.7437],
        [0.7714, 0.6683, 0.7222, 0.7300, 0.7116, 0.7631, 0.6979, 0.7624],
        [0.7473, 0.7030, 0.7622, 0.7770, 0.7517, 0.7164, 0.8769, 0.7478],
        [0.7302, 0.7181, 0.7203, 0.7180, 0.6761, 0.6799, 0.7256, 0.8952]],
       device='cuda:0')
client running:0/16, client loss: 2.056286573410034, loss 1: 1.9830727577209473, loss 2: 0.0007321386365219951
client running:1/16, client loss: 2.062873125076294, loss 1: 1.9569497108459473, loss 2: 0.0010592348407953978
client running:2/16, client loss: 2.074022054672241, loss 1: 1.9932281970977783, loss 2: 0.0008079391554929316
client running:3/16, client loss: 2.106323719024658, loss 1: 1.9838664531707764, loss 2: 0.00122457230463624
client running:4/16, client loss: 2.069871425628662, loss 1: 1.978255033493042, loss 2: 0.0009161634952761233
client running:5/16, client loss: 2.089766025543213, loss 1: 1.978663444519043, loss 2: 0.0011110259220004082
client running:6/16, client loss: 2.1079230308532715, loss 1: 2.0091066360473633, loss 2: 0.0009881635196506977
client running:7/16, client loss: 2.07519268989563, loss 1: 2.0055346488952637, loss 2: 0.0006965806242078543
client running:8/16, client loss: 2.079843759536743, loss 1: 1.9752674102783203, loss 2: 0.0010457639582455158
client running:9/16, client loss: 2.0628397464752197, loss 1: 1.9858582019805908, loss 2: 0.0007698149420320988
client running:10/16, client loss: 2.094010829925537, loss 1: 1.9772402048110962, loss 2: 0.001167705631814897
client running:11/16, client loss: 2.0646049976348877, loss 1: 1.9887161254882812, loss 2: 0.0007588890148326755
client running:12/16, client loss: 2.0780930519104004, loss 1: 1.9932485818862915, loss 2: 0.0008484437712468207
client running:13/16, client loss: 2.08378005027771, loss 1: 1.9799002408981323, loss 2: 0.001038797665387392
client running:14/16, client loss: 2.099735736846924, loss 1: 1.9904603958129883, loss 2: 0.0010927533730864525
client running:15/16, client loss: 2.0480988025665283, loss 1: 1.9695035219192505, loss 2: 0.000785952724982053
server loss: tensor([[0.8735, 0.7449, 0.7531, 0.7679, 0.7439, 0.7494, 0.7732, 0.7445],
        [0.7598, 0.9429, 0.7061, 0.7319, 0.7036, 0.7236, 0.7410, 0.7131],
        [0.7078, 0.6960, 0.8910, 0.6939, 0.7132, 0.6803, 0.6845, 0.7183],
        [0.8058, 0.7353, 0.7237, 0.8741, 0.7319, 0.7746, 0.7746, 0.7783],
        [0.7039, 0.6863, 0.7424, 0.7213, 0.9146, 0.7828, 0.7516, 0.7321],
        [0.7117, 0.7071, 0.7552, 0.7266, 0.7447, 0.8908, 0.7173, 0.7249],
        [0.7387, 0.7204, 0.7245, 0.8006, 0.7569, 0.7583, 0.8372, 0.7823],
        [0.7485, 0.7166, 0.7251, 0.8163, 0.7329, 0.7573, 0.7732, 0.9226]],
       device='cuda:0')
client running:0/50, client loss: 2.053711414337158, loss 1: 1.9821350574493408, loss 2: 0.0007157635409384966
client running:1/50, client loss: 2.0686323642730713, loss 1: 1.9907392263412476, loss 2: 0.0007789309602230787
client running:2/50, client loss: 2.0537314414978027, loss 1: 1.9852699041366577, loss 2: 0.000684615399222821
client running:3/50, client loss: 2.078828811645508, loss 1: 1.9593446254730225, loss 2: 0.0011948407627642155
client running:4/50, client loss: 2.0497050285339355, loss 1: 1.9642462730407715, loss 2: 0.0008545885211788118
client running:5/50, client loss: 2.0544679164886475, loss 1: 1.9791901111602783, loss 2: 0.0007527790730819106
client running:6/50, client loss: 2.0450005531311035, loss 1: 1.9715648889541626, loss 2: 0.00073435646481812
client running:7/50, client loss: 2.053558588027954, loss 1: 1.9791511297225952, loss 2: 0.0007440750487148762
client running:8/50, client loss: 2.0456345081329346, loss 1: 1.9567747116088867, loss 2: 0.0008885978604666889
client running:9/50, client loss: 2.0399038791656494, loss 1: 1.9750471115112305, loss 2: 0.0006485673366114497
client running:10/50, client loss: 2.060422658920288, loss 1: 1.985357403755188, loss 2: 0.0007506521069444716
client running:11/50, client loss: 2.0593016147613525, loss 1: 1.989474892616272, loss 2: 0.0006982669001445174
client running:12/50, client loss: 2.0415828227996826, loss 1: 1.9891364574432373, loss 2: 0.0005244628409855068
client running:13/50, client loss: 2.0825657844543457, loss 1: 1.9907875061035156, loss 2: 0.0009177832398563623
client running:14/50, client loss: 2.0771987438201904, loss 1: 2.001042127609253, loss 2: 0.0007615650538355112
client running:15/50, client loss: 2.057394504547119, loss 1: 2.0048491954803467, loss 2: 0.0005254536517895758
client running:16/50, client loss: 2.0561041831970215, loss 1: 1.9773354530334473, loss 2: 0.0007876867894083261
client running:17/50, client loss: 2.0741660594940186, loss 1: 2.0007760524749756, loss 2: 0.0007339008152484894
client running:18/50, client loss: 2.0607595443725586, loss 1: 1.9986578226089478, loss 2: 0.0006210166611708701
client running:19/50, client loss: 2.0363049507141113, loss 1: 1.9608656167984009, loss 2: 0.0007543921237811446
client running:20/50, client loss: 2.0442519187927246, loss 1: 1.9862996339797974, loss 2: 0.0005795222241431475
client running:21/50, client loss: 2.0786237716674805, loss 1: 1.9885358810424805, loss 2: 0.0009008789202198386
client running:22/50, client loss: 2.0550451278686523, loss 1: 1.965419054031372, loss 2: 0.0008962595602497458
client running:23/50, client loss: 2.07537841796875, loss 1: 1.9818527698516846, loss 2: 0.0009352562483400106
client running:24/50, client loss: 2.0465855598449707, loss 1: 1.9808963537216187, loss 2: 0.0006568910903297365
client running:25/50, client loss: 2.061039686203003, loss 1: 1.9981378316879272, loss 2: 0.0006290188757702708
client running:26/50, client loss: 2.055720806121826, loss 1: 1.9830108880996704, loss 2: 0.0007270987844094634
client running:27/50, client loss: 2.0457539558410645, loss 1: 1.979610562324524, loss 2: 0.0006614335579797626
client running:28/50, client loss: 2.0510268211364746, loss 1: 1.9680492877960205, loss 2: 0.0008297751774080098
client running:29/50, client loss: 2.08884334564209, loss 1: 1.9836255311965942, loss 2: 0.0010521776275709271
client running:30/50, client loss: 2.0568623542785645, loss 1: 1.9851353168487549, loss 2: 0.0007172704790718853
client running:31/50, client loss: 2.062731981277466, loss 1: 1.9805610179901123, loss 2: 0.0008217099239118397
client running:32/50, client loss: 2.053983211517334, loss 1: 1.9899048805236816, loss 2: 0.0006407822365872562
client running:33/50, client loss: 2.046147108078003, loss 1: 1.9642579555511475, loss 2: 0.0008188911015167832
client running:34/50, client loss: 2.0360379219055176, loss 1: 1.97756028175354, loss 2: 0.0005847770953550935
client running:35/50, client loss: 2.0769081115722656, loss 1: 1.987436294555664, loss 2: 0.0008947183378040791
client running:36/50, client loss: 2.044187307357788, loss 1: 1.9768563508987427, loss 2: 0.0006733104819431901
client running:37/50, client loss: 2.0604679584503174, loss 1: 1.9801536798477173, loss 2: 0.0008031423785723746
client running:38/50, client loss: 2.088442325592041, loss 1: 2.016270875930786, loss 2: 0.0007217151578515768
client running:39/50, client loss: 2.075240135192871, loss 1: 1.9861847162246704, loss 2: 0.000890555267687887
client running:40/50, client loss: 2.067030429840088, loss 1: 1.9928091764450073, loss 2: 0.0007422113558277488
client running:41/50, client loss: 2.0609054565429688, loss 1: 1.981499195098877, loss 2: 0.0007940614013932645
client running:42/50, client loss: 2.074230909347534, loss 1: 1.9821782112121582, loss 2: 0.000920527963899076
client running:43/50, client loss: 2.0708086490631104, loss 1: 1.9880062341690063, loss 2: 0.000828023359645158
client running:44/50, client loss: 2.0567469596862793, loss 1: 1.9852463006973267, loss 2: 0.0007150064338929951
client running:45/50, client loss: 2.0735080242156982, loss 1: 1.9803575277328491, loss 2: 0.0009315051138401031
client running:46/50, client loss: 2.0586130619049072, loss 1: 1.996535301208496, loss 2: 0.0006207776605151594
client running:47/50, client loss: 2.066835641860962, loss 1: 1.986923098564148, loss 2: 0.0007991261663846672
client running:48/50, client loss: 2.0775718688964844, loss 1: 1.9774482250213623, loss 2: 0.001001237309537828
client running:49/50, client loss: 2.045581817626953, loss 1: 1.969321370124817, loss 2: 0.0007626055157743394
server loss: tensor([[0.9049, 0.7947, 0.7818, 0.7507, 0.7497, 0.7013, 0.7396, 0.7824],
        [0.7517, 0.8945, 0.7558, 0.7858, 0.7205, 0.7357, 0.7493, 0.7356],
        [0.7409, 0.7598, 0.9195, 0.7377, 0.7612, 0.7339, 0.7690, 0.7314],
        [0.7847, 0.7581, 0.7506, 0.9420, 0.7325, 0.7229, 0.7625, 0.7447],
        [0.7709, 0.7290, 0.7695, 0.7531, 0.9175, 0.7646, 0.7682, 0.7607],
        [0.7262, 0.6963, 0.7395, 0.7017, 0.7689, 0.8756, 0.7970, 0.6880],
        [0.7329, 0.7429, 0.7727, 0.7488, 0.7223, 0.7391, 0.9270, 0.7535],
        [0.7770, 0.7456, 0.7503, 0.7253, 0.7024, 0.7153, 0.7300, 0.8644]],
       device='cuda:0')
server average tensor
client running:0/11, client loss: 2.0659937858581543, loss 1: 1.9720960855484009, loss 2: 0.0009389766491949558
client running:1/11, client loss: 2.0582549571990967, loss 1: 1.965165615081787, loss 2: 0.0009308941662311554
client running:2/11, client loss: 2.094515323638916, loss 1: 1.9967597723007202, loss 2: 0.000977555988356471
client running:3/11, client loss: 2.0595037937164307, loss 1: 1.9747406244277954, loss 2: 0.0008476318907923996
client running:4/11, client loss: 2.072892904281616, loss 1: 1.9873743057250977, loss 2: 0.0008551864884793758
client running:5/11, client loss: 2.0861966609954834, loss 1: 1.9722040891647339, loss 2: 0.0011399260256439447
client running:6/11, client loss: 2.0621683597564697, loss 1: 1.9855501651763916, loss 2: 0.0007661827257834375
client running:7/11, client loss: 2.0594098567962646, loss 1: 1.9739192724227905, loss 2: 0.0008549047634005547
client running:8/11, client loss: 2.0647404193878174, loss 1: 1.9905387163162231, loss 2: 0.0007420165929943323
client running:9/11, client loss: 2.079256534576416, loss 1: 1.992492914199829, loss 2: 0.000867636816110462
client running:10/11, client loss: 2.0610125064849854, loss 1: 1.9739323854446411, loss 2: 0.0008708018576726317
server loss: tensor([[0.9401, 0.7681, 0.6955, 0.8751, 0.7840, 0.9136, 0.7193, 0.7327],
        [0.7305, 0.9029, 0.7215, 0.7538, 0.7419, 0.7312, 0.6684, 0.6963],
        [0.7276, 0.7314, 0.9072, 0.7208, 0.7474, 0.7078, 0.6742, 0.7171],
        [0.9401, 0.7681, 0.6955, 0.8751, 0.7840, 0.9136, 0.7193, 0.7327],
        [0.7747, 0.7376, 0.7316, 0.7692, 0.8778, 0.7586, 0.6959, 0.7514],
        [0.9401, 0.7681, 0.6955, 0.8751, 0.7840, 0.9136, 0.7193, 0.7327],
        [0.7096, 0.6823, 0.7060, 0.7040, 0.7479, 0.7021, 0.8552, 0.7549],
        [0.7113, 0.6888, 0.6945, 0.6896, 0.7279, 0.6850, 0.6985, 0.8528]],
       device='cuda:0')
client running:0/16, client loss: 2.0716097354888916, loss 1: 1.9835178852081299, loss 2: 0.0008809178252704442
client running:1/16, client loss: 2.0490574836730957, loss 1: 1.972137451171875, loss 2: 0.0007692002109251916
client running:2/16, client loss: 2.0531349182128906, loss 1: 1.9767496585845947, loss 2: 0.0007638526149094105
client running:3/16, client loss: 2.029165029525757, loss 1: 1.9804556369781494, loss 2: 0.0004870933189522475
client running:4/16, client loss: 2.073185443878174, loss 1: 1.9769186973571777, loss 2: 0.0009626667015254498
client running:5/16, client loss: 2.074953079223633, loss 1: 1.9871947765350342, loss 2: 0.0008775834576226771
client running:6/16, client loss: 2.092663288116455, loss 1: 1.9916391372680664, loss 2: 0.0010102411033585668
client running:7/16, client loss: 2.096341609954834, loss 1: 1.983758568763733, loss 2: 0.0011258312733843923
client running:8/16, client loss: 2.0611324310302734, loss 1: 1.9757087230682373, loss 2: 0.000854235899168998
client running:9/16, client loss: 2.050252914428711, loss 1: 1.9766604900360107, loss 2: 0.0007359239971265197
client running:10/16, client loss: 2.0781497955322266, loss 1: 1.9868911504745483, loss 2: 0.0009125872165895998
client running:11/16, client loss: 2.0520665645599365, loss 1: 1.975873589515686, loss 2: 0.0007619288517162204
client running:12/16, client loss: 2.0995192527770996, loss 1: 1.9907644987106323, loss 2: 0.0010875469306483865
client running:13/16, client loss: 2.045978307723999, loss 1: 1.9740231037139893, loss 2: 0.0007195511134341359
client running:14/16, client loss: 2.0939576625823975, loss 1: 1.9894442558288574, loss 2: 0.0010451347334310412
client running:15/16, client loss: 2.0695245265960693, loss 1: 1.9888194799423218, loss 2: 0.0008070504991337657
server loss: tensor([[0.9273, 0.7567, 0.7795, 0.7182, 0.7128, 0.7644, 0.7526, 0.8198],
        [0.7628, 0.9325, 0.7796, 0.7821, 0.7723, 0.8026, 0.7792, 0.7411],
        [0.7923, 0.7483, 0.8856, 0.7627, 0.7936, 0.7761, 0.7962, 0.7926],
        [0.7648, 0.7981, 0.7639, 0.9068, 0.7853, 0.8044, 0.7648, 0.7518],
        [0.7695, 0.7779, 0.8144, 0.7624, 0.9082, 0.8020, 0.8740, 0.7678],
        [0.7648, 0.7708, 0.7563, 0.8006, 0.7393, 0.8933, 0.7221, 0.7428],
        [0.7695, 0.7779, 0.8144, 0.7624, 0.9082, 0.8020, 0.8740, 0.7678],
        [0.7526, 0.7115, 0.7714, 0.6984, 0.7117, 0.7164, 0.7304, 0.8768]],
       device='cuda:0')
client running:0/22, client loss: 2.0772507190704346, loss 1: 1.9985086917877197, loss 2: 0.000787421187851578
client running:1/22, client loss: 2.0575737953186035, loss 1: 1.9792007207870483, loss 2: 0.0007837311131879687
client running:2/22, client loss: 2.0636112689971924, loss 1: 1.994253396987915, loss 2: 0.0006935790879651904
client running:3/22, client loss: 2.074169874191284, loss 1: 1.9869030714035034, loss 2: 0.0008726679952815175
client running:4/22, client loss: 2.0813074111938477, loss 1: 2.010349988937378, loss 2: 0.000709573389030993
client running:5/22, client loss: 2.076481580734253, loss 1: 1.9951163530349731, loss 2: 0.0008136529941111803
client running:6/22, client loss: 2.06722092628479, loss 1: 1.9850902557373047, loss 2: 0.0008213073015213013
client running:7/22, client loss: 2.0662620067596436, loss 1: 1.9593384265899658, loss 2: 0.0010692356154322624
client running:8/22, client loss: 2.081726312637329, loss 1: 1.9946750402450562, loss 2: 0.0008705138461664319
client running:9/22, client loss: 2.064195156097412, loss 1: 1.974537968635559, loss 2: 0.0008965708548203111
client running:10/22, client loss: 2.051055431365967, loss 1: 1.968804955482483, loss 2: 0.000822504865936935
client running:11/22, client loss: 2.0909299850463867, loss 1: 1.9882549047470093, loss 2: 0.0010267498437315226
client running:12/22, client loss: 2.056347131729126, loss 1: 1.982502818107605, loss 2: 0.0007384431082755327
client running:13/22, client loss: 2.0842273235321045, loss 1: 1.981216311454773, loss 2: 0.0010301093570888042
client running:14/22, client loss: 2.062835693359375, loss 1: 1.9894260168075562, loss 2: 0.0007340964511968195
client running:15/22, client loss: 2.05432391166687, loss 1: 1.9775819778442383, loss 2: 0.0007674194639548659
client running:16/22, client loss: 2.0523834228515625, loss 1: 1.979958176612854, loss 2: 0.000724253652151674
client running:17/22, client loss: 2.0638716220855713, loss 1: 1.983739972114563, loss 2: 0.0008013158803805709
client running:18/22, client loss: 2.056861639022827, loss 1: 1.9813560247421265, loss 2: 0.0007550565060228109
client running:19/22, client loss: 2.080664873123169, loss 1: 1.9818332195281982, loss 2: 0.0009883154416456819
client running:20/22, client loss: 2.053347587585449, loss 1: 1.9855902194976807, loss 2: 0.0006775731453672051
client running:21/22, client loss: 2.0644028186798096, loss 1: 1.9798725843429565, loss 2: 0.0008453032933175564
server loss: tensor([[0.8512, 0.7132, 0.7200, 0.7149, 0.7088, 0.7354, 0.7285, 0.8346],
        [0.7039, 0.8199, 0.7215, 0.7085, 0.6907, 0.7011, 0.7695, 0.6934],
        [0.7450, 0.6896, 0.8923, 0.7152, 0.7109, 0.7604, 0.6953, 0.7447],
        [0.7478, 0.7539, 0.7243, 0.9137, 0.7113, 0.7428, 0.7620, 0.7414],
        [0.6995, 0.6966, 0.7228, 0.6769, 0.8169, 0.7519, 0.7088, 0.7206],
        [0.7004, 0.6750, 0.7355, 0.7274, 0.7210, 0.8942, 0.7010, 0.7321],
        [0.7296, 0.7899, 0.7076, 0.7157, 0.7149, 0.7072, 0.8613, 0.7358],
        [0.7852, 0.7189, 0.7250, 0.7436, 0.7788, 0.7899, 0.7252, 0.8578]],
       device='cuda:0')
client running:0/16, client loss: 2.0724542140960693, loss 1: 1.9867099523544312, loss 2: 0.0008574423845857382
client running:1/16, client loss: 2.082650661468506, loss 1: 1.9790208339691162, loss 2: 0.0010362982284277678
client running:2/16, client loss: 2.0675220489501953, loss 1: 1.9750325679779053, loss 2: 0.0009248953429050744
client running:3/16, client loss: 2.0801303386688232, loss 1: 1.9840623140335083, loss 2: 0.0009606811800040305
client running:4/16, client loss: 2.082125425338745, loss 1: 1.968456506729126, loss 2: 0.0011366893304511905
client running:5/16, client loss: 2.0809428691864014, loss 1: 1.9852924346923828, loss 2: 0.0009565043728798628
client running:6/16, client loss: 2.0763978958129883, loss 1: 1.9954376220703125, loss 2: 0.0008096027886494994
client running:7/16, client loss: 2.0993845462799072, loss 1: 2.0012850761413574, loss 2: 0.0009809950133785605
client running:8/16, client loss: 2.0909981727600098, loss 1: 1.9847947359085083, loss 2: 0.001062034978531301
client running:9/16, client loss: 2.0400867462158203, loss 1: 1.964234471321106, loss 2: 0.0007585218409076333
client running:10/16, client loss: 2.0966849327087402, loss 1: 1.9907764196395874, loss 2: 0.0010590859455987811
client running:11/16, client loss: 2.0648951530456543, loss 1: 1.9813648462295532, loss 2: 0.0008353037992492318
client running:12/16, client loss: 2.058624267578125, loss 1: 1.9845542907714844, loss 2: 0.0007406987715512514
client running:13/16, client loss: 2.0976598262786865, loss 1: 1.9906256198883057, loss 2: 0.0010703428415581584
client running:14/16, client loss: 2.114422082901001, loss 1: 2.0038299560546875, loss 2: 0.0011059222742915154
client running:15/16, client loss: 2.0834133625030518, loss 1: 1.9890011548995972, loss 2: 0.00094412243925035
server loss: tensor([[0.8723, 0.7427, 0.7783, 0.8009, 0.8138, 0.7590, 0.7499, 0.7942],
        [0.7540, 0.8859, 0.7334, 0.7400, 0.7196, 0.7100, 0.7376, 0.7199],
        [0.7834, 0.7089, 0.8648, 0.8097, 0.7695, 0.7292, 0.7181, 0.7906],
        [0.7965, 0.7182, 0.7693, 0.8425, 0.7836, 0.7329, 0.7324, 0.7534],
        [0.8153, 0.7326, 0.8004, 0.8092, 0.9130, 0.7055, 0.6910, 0.7846],
        [0.7790, 0.7103, 0.7417, 0.7395, 0.7225, 0.9466, 0.7270, 0.7550],
        [0.7517, 0.7357, 0.7320, 0.7081, 0.7125, 0.7385, 0.8686, 0.7229],
        [0.7850, 0.7021, 0.7608, 0.7719, 0.7930, 0.7141, 0.7196, 0.9006]],
       device='cuda:0')
client running:0/50, client loss: 2.056877374649048, loss 1: 1.9986406564712524, loss 2: 0.0005823670071549714
client running:1/50, client loss: 2.0713536739349365, loss 1: 1.9950742721557617, loss 2: 0.0007627933518961072
client running:2/50, client loss: 2.0611534118652344, loss 1: 1.9910600185394287, loss 2: 0.0007009329274296761
client running:3/50, client loss: 2.0605223178863525, loss 1: 1.983293890953064, loss 2: 0.0007722844602540135
client running:4/50, client loss: 2.0527310371398926, loss 1: 1.96634840965271, loss 2: 0.0008638268336653709
client running:5/50, client loss: 2.0549397468566895, loss 1: 1.9895685911178589, loss 2: 0.0006537112640216947
client running:6/50, client loss: 2.0517423152923584, loss 1: 1.9955188035964966, loss 2: 0.0005622351309284568
client running:7/50, client loss: 2.058713912963867, loss 1: 1.9804165363311768, loss 2: 0.0007829727837815881
client running:8/50, client loss: 2.055069923400879, loss 1: 1.987457036972046, loss 2: 0.0006761298282071948
client running:9/50, client loss: 2.0473251342773438, loss 1: 1.9703993797302246, loss 2: 0.0007692574872635305
client running:10/50, client loss: 2.032003879547119, loss 1: 1.9790409803390503, loss 2: 0.000529630109667778
client running:11/50, client loss: 2.0509090423583984, loss 1: 1.9901152849197388, loss 2: 0.0006079383892938495
client running:12/50, client loss: 2.0452520847320557, loss 1: 1.9801970720291138, loss 2: 0.0006505495402961969
client running:13/50, client loss: 2.031522750854492, loss 1: 1.961570382118225, loss 2: 0.0006995236035436392
client running:14/50, client loss: 2.0537712574005127, loss 1: 1.978520393371582, loss 2: 0.0007525093387812376
client running:15/50, client loss: 2.070601463317871, loss 1: 1.9574788808822632, loss 2: 0.0011312258429825306
client running:16/50, client loss: 2.0633645057678223, loss 1: 1.98261296749115, loss 2: 0.0008075143559835851
client running:17/50, client loss: 2.0388083457946777, loss 1: 1.9809446334838867, loss 2: 0.0005786371184512973
client running:18/50, client loss: 2.048637628555298, loss 1: 1.9799548387527466, loss 2: 0.0006868269992992282
client running:19/50, client loss: 2.0508129596710205, loss 1: 1.987598180770874, loss 2: 0.0006321478867903352
client running:20/50, client loss: 2.0566020011901855, loss 1: 1.9841885566711426, loss 2: 0.000724134617485106
client running:21/50, client loss: 2.0711445808410645, loss 1: 1.9934215545654297, loss 2: 0.0007772295502945781
client running:22/50, client loss: 2.076108932495117, loss 1: 1.9765572547912598, loss 2: 0.000995516194961965
client running:23/50, client loss: 2.0725579261779785, loss 1: 1.996360421180725, loss 2: 0.0007619738462381065
client running:24/50, client loss: 2.0528743267059326, loss 1: 1.973978877067566, loss 2: 0.0007889553671702743
client running:25/50, client loss: 2.0679948329925537, loss 1: 1.979809284210205, loss 2: 0.0008818546775728464
client running:26/50, client loss: 2.035247325897217, loss 1: 1.9679722785949707, loss 2: 0.0006727512809447944
client running:27/50, client loss: 2.0558903217315674, loss 1: 1.9857808351516724, loss 2: 0.0007010957924649119
client running:28/50, client loss: 2.0436737537384033, loss 1: 1.9872266054153442, loss 2: 0.0005644725752063096
client running:29/50, client loss: 2.0359549522399902, loss 1: 1.9803404808044434, loss 2: 0.0005561443977057934
client running:30/50, client loss: 2.0450668334960938, loss 1: 1.9939109086990356, loss 2: 0.0005115584935992956
client running:31/50, client loss: 2.0600697994232178, loss 1: 1.987067699432373, loss 2: 0.0007300208089873195
client running:32/50, client loss: 2.0446200370788574, loss 1: 1.9864329099655151, loss 2: 0.0005818711360916495
client running:33/50, client loss: 2.064399480819702, loss 1: 1.98463773727417, loss 2: 0.0007976170163601637
client running:34/50, client loss: 2.0530881881713867, loss 1: 1.9897023439407349, loss 2: 0.0006338573293760419
client running:35/50, client loss: 2.0338926315307617, loss 1: 1.9740469455718994, loss 2: 0.0005984573508612812
client running:36/50, client loss: 2.071383237838745, loss 1: 1.9873450994491577, loss 2: 0.0008403806132264435
client running:37/50, client loss: 2.035142421722412, loss 1: 1.9757773876190186, loss 2: 0.0005936498055234551
client running:38/50, client loss: 2.050374984741211, loss 1: 1.9819748401641846, loss 2: 0.0006840026471763849
client running:39/50, client loss: 2.0503311157226562, loss 1: 1.9750443696975708, loss 2: 0.0007528667338192463
client running:40/50, client loss: 2.0380516052246094, loss 1: 1.9636784791946411, loss 2: 0.0007437306921929121
client running:41/50, client loss: 2.0430052280426025, loss 1: 1.9678411483764648, loss 2: 0.0007516400655731559
client running:42/50, client loss: 2.041433334350586, loss 1: 1.984730839729309, loss 2: 0.0005670247483067214
client running:43/50, client loss: 2.066943645477295, loss 1: 1.9967045783996582, loss 2: 0.0007023911457508802
client running:44/50, client loss: 2.0544917583465576, loss 1: 1.9813624620437622, loss 2: 0.0007312936359085143
client running:45/50, client loss: 2.0703389644622803, loss 1: 2.0036115646362305, loss 2: 0.0006672741146758199
client running:46/50, client loss: 2.062563180923462, loss 1: 1.9992262125015259, loss 2: 0.0006333704805001616
client running:47/50, client loss: 2.0779988765716553, loss 1: 1.9678189754486084, loss 2: 0.0011017991928383708
client running:48/50, client loss: 2.0565333366394043, loss 1: 1.9763590097427368, loss 2: 0.0008017432410269976
client running:49/50, client loss: 2.0505268573760986, loss 1: 1.9772371053695679, loss 2: 0.0007328977226279676
server loss: tensor([[0.8683, 0.7579, 0.7779, 0.6953, 0.7405, 0.7607, 0.7466, 0.7026],
        [0.7707, 0.9117, 0.7565, 0.6871, 0.7222, 0.8990, 0.8818, 0.7135],
        [0.7340, 0.7561, 0.9007, 0.6778, 0.7606, 0.7465, 0.7399, 0.7266],
        [0.7083, 0.7201, 0.7251, 0.8790, 0.6756, 0.7007, 0.7201, 0.6675],
        [0.7124, 0.6995, 0.7653, 0.6973, 0.8496, 0.7057, 0.7123, 0.7204],
        [0.7707, 0.9117, 0.7565, 0.6871, 0.7222, 0.8990, 0.8818, 0.7135],
        [0.7707, 0.9117, 0.7565, 0.6871, 0.7222, 0.8990, 0.8818, 0.7135],
        [0.6969, 0.7322, 0.7654, 0.6728, 0.7342, 0.7121, 0.7366, 0.9206]],
       device='cuda:0')
server average tensor
client running:0/11, client loss: 2.040849208831787, loss 1: 1.9761508703231812, loss 2: 0.0006469822837971151
client running:1/11, client loss: 2.0875961780548096, loss 1: 1.970608115196228, loss 2: 0.0011698813177645206
client running:2/11, client loss: 2.0561277866363525, loss 1: 1.9945279359817505, loss 2: 0.0006159984041005373
client running:3/11, client loss: 2.0745575428009033, loss 1: 1.9726883172988892, loss 2: 0.0010186913423240185
client running:4/11, client loss: 2.0578222274780273, loss 1: 1.9744950532913208, loss 2: 0.0008332707802765071
client running:5/11, client loss: 2.0870203971862793, loss 1: 1.9983277320861816, loss 2: 0.0008869263110682368
client running:6/11, client loss: 2.0537447929382324, loss 1: 1.9717978239059448, loss 2: 0.000819469103589654
client running:7/11, client loss: 2.0813686847686768, loss 1: 1.992126226425171, loss 2: 0.0008924247813411057
client running:8/11, client loss: 2.0802195072174072, loss 1: 1.9763777256011963, loss 2: 0.0010384167544543743
client running:9/11, client loss: 2.0761189460754395, loss 1: 1.985507845878601, loss 2: 0.0009061105083674192
client running:10/11, client loss: 2.05698299407959, loss 1: 1.9766899347305298, loss 2: 0.000802930211648345
server loss: tensor([[0.8902, 0.7481, 0.7787, 0.7091, 0.8976, 0.7774, 0.7066, 0.7478],
        [0.7570, 0.8821, 0.7462, 0.7212, 0.7451, 0.7436, 0.7154, 0.7406],
        [0.7399, 0.7261, 0.8206, 0.7266, 0.7453, 0.7313, 0.7300, 0.7535],
        [0.6968, 0.6910, 0.7377, 0.9059, 0.6830, 0.7021, 0.7816, 0.7429],
        [0.8902, 0.7481, 0.7787, 0.7091, 0.8976, 0.7774, 0.7066, 0.7478],
        [0.7606, 0.6848, 0.7637, 0.7571, 0.7532, 0.9432, 0.7510, 0.7175],
        [0.7036, 0.6855, 0.7147, 0.7643, 0.6870, 0.6981, 0.8677, 0.7579],
        [0.7269, 0.7093, 0.7432, 0.7874, 0.7315, 0.7373, 0.8060, 0.8615]],
       device='cuda:0')
client running:0/16, client loss: 2.0489704608917236, loss 1: 1.9661301374435425, loss 2: 0.0008284036885015666
client running:1/16, client loss: 2.048862934112549, loss 1: 1.97773015499115, loss 2: 0.0007113281753845513
client running:2/16, client loss: 2.042698383331299, loss 1: 1.969346284866333, loss 2: 0.0007335214177146554
client running:3/16, client loss: 2.087974786758423, loss 1: 2.006890058517456, loss 2: 0.0008108477341011167
client running:4/16, client loss: 2.0546040534973145, loss 1: 1.9722992181777954, loss 2: 0.0008230484672822058
client running:5/16, client loss: 2.0525429248809814, loss 1: 1.9695303440093994, loss 2: 0.0008301269263029099
client running:6/16, client loss: 2.082747220993042, loss 1: 1.9827800989151, loss 2: 0.0009996704757213593
client running:7/16, client loss: 2.089885711669922, loss 1: 1.9918177127838135, loss 2: 0.0009806789457798004
client running:8/16, client loss: 2.0808486938476562, loss 1: 1.9808342456817627, loss 2: 0.0010001454502344131
client running:9/16, client loss: 2.0669708251953125, loss 1: 1.9969412088394165, loss 2: 0.0007002968341112137
client running:10/16, client loss: 2.086617946624756, loss 1: 1.9951035976409912, loss 2: 0.0009151443955488503
client running:11/16, client loss: 2.055471420288086, loss 1: 1.9768486022949219, loss 2: 0.0007862283964641392
client running:12/16, client loss: 2.055251121520996, loss 1: 1.9902247190475464, loss 2: 0.0006502644973807037
client running:13/16, client loss: 2.076713800430298, loss 1: 1.97776198387146, loss 2: 0.0009895191760733724
client running:14/16, client loss: 2.069922924041748, loss 1: 1.9690074920654297, loss 2: 0.0010091550648212433
client running:15/16, client loss: 2.0492043495178223, loss 1: 1.9778060913085938, loss 2: 0.0007139819208532572
server loss: tensor([[0.9127, 0.7840, 0.7575, 0.7770, 0.7925, 0.7832, 0.7474, 0.7676],
        [0.7518, 0.8806, 0.7290, 0.7784, 0.7934, 0.7702, 0.7590, 0.7321],
        [0.7221, 0.7420, 0.9051, 0.7495, 0.7314, 0.7528, 0.7573, 0.6966],
        [0.7483, 0.7584, 0.7741, 0.8980, 0.7774, 0.7985, 0.7881, 0.7530],
        [0.7540, 0.7908, 0.7955, 0.7940, 0.9191, 0.8124, 0.7823, 0.7523],
        [0.7559, 0.7639, 0.7793, 0.8111, 0.8063, 0.8987, 0.8072, 0.7207],
        [0.7173, 0.7160, 0.7529, 0.7734, 0.7443, 0.7954, 0.8949, 0.6827],
        [0.7819, 0.7597, 0.7082, 0.7552, 0.7743, 0.7407, 0.7047, 0.8936]],
       device='cuda:0')
client running:0/22, client loss: 2.0548837184906006, loss 1: 1.9904394149780273, loss 2: 0.0006444426253437996
client running:1/22, client loss: 2.0827949047088623, loss 1: 1.9907764196395874, loss 2: 0.0009201850043609738
client running:2/22, client loss: 2.059877395629883, loss 1: 1.989151954650879, loss 2: 0.0007072545122355223
client running:3/22, client loss: 2.0921971797943115, loss 1: 1.9918384552001953, loss 2: 0.0010035864543169737
client running:4/22, client loss: 2.0557761192321777, loss 1: 1.9583219289779663, loss 2: 0.0009745426941663027
client running:5/22, client loss: 2.0779876708984375, loss 1: 1.9967747926712036, loss 2: 0.000812129641417414
client running:6/22, client loss: 2.074005365371704, loss 1: 1.9821109771728516, loss 2: 0.0009189445991069078
client running:7/22, client loss: 2.0716326236724854, loss 1: 1.9835134744644165, loss 2: 0.000881192390806973
client running:8/22, client loss: 2.064481496810913, loss 1: 1.9821770191192627, loss 2: 0.0008230450912378728
client running:9/22, client loss: 2.08695912361145, loss 1: 1.997978925704956, loss 2: 0.0008898020023480058
client running:10/22, client loss: 2.0629162788391113, loss 1: 1.9724849462509155, loss 2: 0.0009043138707056642
client running:11/22, client loss: 2.0646512508392334, loss 1: 1.9899704456329346, loss 2: 0.0007468076655641198
client running:12/22, client loss: 2.0701820850372314, loss 1: 1.9752618074417114, loss 2: 0.0009492018143646419
client running:13/22, client loss: 2.037323236465454, loss 1: 1.966099500656128, loss 2: 0.0007122380193322897
client running:14/22, client loss: 2.094367265701294, loss 1: 2.0045006275177, loss 2: 0.0008986667962744832
client running:15/22, client loss: 2.0304887294769287, loss 1: 1.9691383838653564, loss 2: 0.000613502983469516
client running:16/22, client loss: 2.0561325550079346, loss 1: 1.9754793643951416, loss 2: 0.0008065322181209922
client running:17/22, client loss: 2.094510078430176, loss 1: 1.9888635873794556, loss 2: 0.0010564641561359167
client running:18/22, client loss: 2.0494027137756348, loss 1: 1.9737862348556519, loss 2: 0.0007561652455478907
client running:19/22, client loss: 2.084920883178711, loss 1: 1.9894487857818604, loss 2: 0.0009547203662805259
client running:20/22, client loss: 2.0791687965393066, loss 1: 1.998162031173706, loss 2: 0.0008100665872916579
client running:21/22, client loss: 2.116100788116455, loss 1: 1.9950001239776611, loss 2: 0.0012110057286918163
server loss: tensor([[0.8727, 0.7652, 0.7824, 0.7806, 0.7426, 0.7235, 0.7358, 0.8009],
        [0.7372, 0.8885, 0.7309, 0.7980, 0.6815, 0.6841, 0.7191, 0.7591],
        [0.7638, 0.7490, 0.7979, 0.7355, 0.6954, 0.6552, 0.7366, 0.8246],
        [0.7844, 0.7785, 0.7493, 0.8228, 0.7416, 0.7209, 0.7641, 0.7864],
        [0.7498, 0.6942, 0.6931, 0.6833, 0.8943, 0.8160, 0.7632, 0.6889],
        [0.6931, 0.6889, 0.6926, 0.6918, 0.7871, 0.8572, 0.7557, 0.6595],
        [0.7317, 0.7160, 0.7266, 0.7660, 0.7573, 0.7585, 0.8755, 0.7493],
        [0.7638, 0.7490, 0.7979, 0.7355, 0.6954, 0.6552, 0.7366, 0.8246]],
       device='cuda:0')
client running:0/16, client loss: 2.051162004470825, loss 1: 1.9728479385375977, loss 2: 0.0007831397233530879
client running:1/16, client loss: 2.0704939365386963, loss 1: 1.9887274503707886, loss 2: 0.0008176638511940837
client running:2/16, client loss: 2.1027872562408447, loss 1: 1.987835168838501, loss 2: 0.0011495202779769897
client running:3/16, client loss: 2.0861008167266846, loss 1: 1.9938831329345703, loss 2: 0.000922176637686789
client running:4/16, client loss: 2.069833278656006, loss 1: 1.994696855545044, loss 2: 0.0007513646269217134
client running:5/16, client loss: 2.1034557819366455, loss 1: 1.9778445959091187, loss 2: 0.0012561124749481678
client running:6/16, client loss: 2.097928285598755, loss 1: 1.988614797592163, loss 2: 0.0010931349825114012
client running:7/16, client loss: 2.0915982723236084, loss 1: 1.9956530332565308, loss 2: 0.0009594516595825553
client running:8/16, client loss: 2.0681533813476562, loss 1: 1.975685715675354, loss 2: 0.0009246758418157697
client running:9/16, client loss: 2.0855507850646973, loss 1: 1.9766128063201904, loss 2: 0.0010893786093220115
client running:10/16, client loss: 2.055786609649658, loss 1: 1.9779595136642456, loss 2: 0.0007782720495015383
client running:11/16, client loss: 2.0679931640625, loss 1: 1.991062879562378, loss 2: 0.0007693038787692785
client running:12/16, client loss: 2.0779783725738525, loss 1: 1.9880852699279785, loss 2: 0.0008989304187707603
client running:13/16, client loss: 2.0532286167144775, loss 1: 1.9682629108428955, loss 2: 0.000849656411446631
client running:14/16, client loss: 2.087449312210083, loss 1: 1.9800288677215576, loss 2: 0.0010742044541984797
client running:15/16, client loss: 2.0792438983917236, loss 1: 1.9798357486724854, loss 2: 0.0009940806776285172
server loss: tensor([[0.8642, 0.7462, 0.7418, 0.7370, 0.7414, 0.7381, 0.7058, 0.7465],
        [0.7192, 0.8745, 0.7692, 0.7566, 0.7747, 0.7562, 0.7273, 0.7811],
        [0.7010, 0.7516, 0.9072, 0.7591, 0.7626, 0.9173, 0.7273, 0.7553],
        [0.7048, 0.7309, 0.7262, 0.8871, 0.7581, 0.7726, 0.6934, 0.6922],
        [0.7163, 0.7043, 0.7526, 0.7881, 0.8704, 0.7636, 0.7226, 0.7212],
        [0.7010, 0.7516, 0.9072, 0.7591, 0.7626, 0.9173, 0.7273, 0.7553],
        [0.7024, 0.7219, 0.7312, 0.7067, 0.7199, 0.7052, 0.9132, 0.7466],
        [0.6980, 0.7822, 0.7560, 0.7366, 0.7402, 0.7138, 0.7334, 0.8369]],
       device='cuda:0')
client running:0/50, client loss: 2.069443464279175, loss 1: 1.9979832172393799, loss 2: 0.0007146025309339166
client running:1/50, client loss: 2.0488836765289307, loss 1: 1.9732046127319336, loss 2: 0.0007567907450720668
client running:2/50, client loss: 2.0599188804626465, loss 1: 1.9885098934173584, loss 2: 0.0007140900706872344
client running:3/50, client loss: 2.0388355255126953, loss 1: 1.9700485467910767, loss 2: 0.000687869731336832
client running:4/50, client loss: 2.042807102203369, loss 1: 1.9843543767929077, loss 2: 0.0005845268024131656
client running:5/50, client loss: 2.0565433502197266, loss 1: 1.9773727655410767, loss 2: 0.0007917057373560965
client running:6/50, client loss: 2.056629180908203, loss 1: 1.982309103012085, loss 2: 0.0007432018173858523
client running:7/50, client loss: 2.058389663696289, loss 1: 1.9762279987335205, loss 2: 0.0008216174319386482
client running:8/50, client loss: 2.040398359298706, loss 1: 1.984447956085205, loss 2: 0.000559504609555006
client running:9/50, client loss: 2.048635959625244, loss 1: 1.9887832403182983, loss 2: 0.0005985266761854291
client running:10/50, client loss: 2.0292556285858154, loss 1: 1.9727002382278442, loss 2: 0.0005655533168464899
client running:11/50, client loss: 2.046492338180542, loss 1: 1.9766806364059448, loss 2: 0.0006981167825870216
client running:12/50, client loss: 2.070422887802124, loss 1: 1.9702330827713013, loss 2: 0.0010018970351666212
client running:13/50, client loss: 2.0623409748077393, loss 1: 1.9918076992034912, loss 2: 0.0007053327281028032
client running:14/50, client loss: 2.047734022140503, loss 1: 1.9649851322174072, loss 2: 0.0008274886640720069
client running:15/50, client loss: 2.0374279022216797, loss 1: 1.9633570909500122, loss 2: 0.0007407082593999803
client running:16/50, client loss: 2.082099437713623, loss 1: 2.0071303844451904, loss 2: 0.0007496915059164166
client running:17/50, client loss: 2.0433170795440674, loss 1: 1.9709246158599854, loss 2: 0.0007239253027364612
client running:18/50, client loss: 2.043779134750366, loss 1: 1.9975149631500244, loss 2: 0.0004626405716408044
client running:19/50, client loss: 2.0716745853424072, loss 1: 2.002114772796631, loss 2: 0.0006955970311537385
client running:20/50, client loss: 2.0349979400634766, loss 1: 1.984367847442627, loss 2: 0.000506301352288574
client running:21/50, client loss: 2.0570342540740967, loss 1: 1.9899110794067383, loss 2: 0.000671232002787292
client running:22/50, client loss: 2.040158987045288, loss 1: 1.979364037513733, loss 2: 0.0006079499144107103
client running:23/50, client loss: 2.03974986076355, loss 1: 1.972835898399353, loss 2: 0.0006691386224702001
client running:24/50, client loss: 2.0405545234680176, loss 1: 1.970040202140808, loss 2: 0.0007051434367895126
client running:25/50, client loss: 2.1020827293395996, loss 1: 2.002995729446411, loss 2: 0.000990870874375105
client running:26/50, client loss: 2.054697275161743, loss 1: 1.9940980672836304, loss 2: 0.0006059912266209722
client running:27/50, client loss: 2.0550215244293213, loss 1: 1.9851311445236206, loss 2: 0.0006989039829932153
client running:28/50, client loss: 2.0374507904052734, loss 1: 1.986972451210022, loss 2: 0.0005047842860221863
client running:29/50, client loss: 2.0335195064544678, loss 1: 1.9607288837432861, loss 2: 0.0007279060082510114
client running:30/50, client loss: 2.0690035820007324, loss 1: 1.9937326908111572, loss 2: 0.0007527092238888144
client running:31/50, client loss: 2.054328441619873, loss 1: 1.9834586381912231, loss 2: 0.0007086974219419062
client running:32/50, client loss: 2.0607643127441406, loss 1: 1.9824436902999878, loss 2: 0.0007832052069716156
client running:33/50, client loss: 2.056166887283325, loss 1: 1.9689626693725586, loss 2: 0.0008720416226424277
client running:34/50, client loss: 2.0433621406555176, loss 1: 1.968005895614624, loss 2: 0.0007535626646131277
client running:35/50, client loss: 2.0840187072753906, loss 1: 1.9947137832641602, loss 2: 0.0008930492913350463
client running:36/50, client loss: 2.0748162269592285, loss 1: 2.008918523788452, loss 2: 0.0006589770782738924
client running:37/50, client loss: 2.0407540798187256, loss 1: 1.9590821266174316, loss 2: 0.0008167187916114926
client running:38/50, client loss: 2.054598331451416, loss 1: 1.9825260639190674, loss 2: 0.0007207227754406631
client running:39/50, client loss: 2.063507556915283, loss 1: 1.9814507961273193, loss 2: 0.0008205680060200393
client running:40/50, client loss: 2.060323715209961, loss 1: 1.9862514734268188, loss 2: 0.0007407222292385995
client running:41/50, client loss: 2.045308828353882, loss 1: 1.9668923616409302, loss 2: 0.0007841638871468604
client running:42/50, client loss: 2.0533645153045654, loss 1: 1.9788126945495605, loss 2: 0.0007455172599293292
client running:43/50, client loss: 2.0621795654296875, loss 1: 1.9777743816375732, loss 2: 0.0008440512465313077
client running:44/50, client loss: 2.0480411052703857, loss 1: 1.9844868183135986, loss 2: 0.0006355428486131132
client running:45/50, client loss: 2.0410983562469482, loss 1: 1.9882396459579468, loss 2: 0.0005285876104608178
client running:46/50, client loss: 2.0480666160583496, loss 1: 1.984235167503357, loss 2: 0.000638313707895577
client running:47/50, client loss: 2.034517765045166, loss 1: 1.9588252305984497, loss 2: 0.0007569247391074896
client running:48/50, client loss: 2.070038318634033, loss 1: 2.0131754875183105, loss 2: 0.000568628660403192
client running:49/50, client loss: 2.0801892280578613, loss 1: 1.9939370155334473, loss 2: 0.0008625215850770473
server loss: tensor([[0.8446, 0.7250, 0.6903, 0.6999, 0.7013, 0.6578, 0.7217, 0.7401],
        [0.7585, 0.8722, 0.7021, 0.7465, 0.7069, 0.7035, 0.7845, 0.7678],
        [0.7197, 0.7128, 0.8389, 0.7050, 0.7660, 0.7250, 0.7084, 0.7437],
        [0.7497, 0.7420, 0.7288, 0.8821, 0.7276, 0.7621, 0.7370, 0.8236],
        [0.7282, 0.7170, 0.7475, 0.7132, 0.8487, 0.7624, 0.7205, 0.7434],
        [0.7319, 0.7249, 0.7727, 0.7095, 0.7988, 0.8178, 0.7501, 0.7662],
        [0.8050, 0.7792, 0.7472, 0.7682, 0.7481, 0.7517, 0.8840, 0.8104],
        [0.7668, 0.7599, 0.6888, 0.8135, 0.6849, 0.6951, 0.7991, 0.8601]],
       device='cuda:0')
server average tensor
client running:0/11, client loss: 2.064955234527588, loss 1: 1.9727619886398315, loss 2: 0.0009219319908879697
client running:1/11, client loss: 2.0573031902313232, loss 1: 1.9823846817016602, loss 2: 0.0007491846918128431
client running:2/11, client loss: 2.0382983684539795, loss 1: 1.953975796699524, loss 2: 0.0008432255708612502
client running:3/11, client loss: 2.062317371368408, loss 1: 1.977253794670105, loss 2: 0.0008506353478878736
client running:4/11, client loss: 2.081444501876831, loss 1: 1.9846410751342773, loss 2: 0.000968033738899976
client running:5/11, client loss: 2.0538675785064697, loss 1: 1.974845290184021, loss 2: 0.0007902239449322224
client running:6/11, client loss: 2.0875210762023926, loss 1: 1.9853500127792358, loss 2: 0.0010217106901109219
client running:7/11, client loss: 2.1130075454711914, loss 1: 2.003952980041504, loss 2: 0.0010905450908467174
client running:8/11, client loss: 2.1147003173828125, loss 1: 1.9736498594284058, loss 2: 0.001410503638908267
client running:9/11, client loss: 2.0542421340942383, loss 1: 1.974737524986267, loss 2: 0.0007950454019010067
client running:10/11, client loss: 2.062692403793335, loss 1: 1.9797978401184082, loss 2: 0.0008289461256936193
server loss: tensor([[0.9037, 0.7631, 0.8110, 0.7597, 0.7783, 0.7625, 0.7625, 0.7200],
        [0.7236, 0.8702, 0.7517, 0.7650, 0.7105, 0.7960, 0.7068, 0.7742],
        [0.7745, 0.7591, 0.9238, 0.7760, 0.7780, 0.7410, 0.7537, 0.7444],
        [0.7209, 0.7571, 0.7402, 0.8225, 0.7508, 0.7524, 0.7317, 0.7306],
        [0.7726, 0.7532, 0.7932, 0.7373, 0.8457, 0.7159, 0.7628, 0.7181],
        [0.7814, 0.8161, 0.7480, 0.8227, 0.7647, 0.8917, 0.7363, 0.7737],
        [0.7426, 0.7192, 0.7326, 0.7214, 0.7455, 0.6964, 0.9023, 0.7294],
        [0.7284, 0.7886, 0.7431, 0.7655, 0.7379, 0.7560, 0.7667, 0.9388]],
       device='cuda:0')
client running:0/16, client loss: 2.0577051639556885, loss 1: 1.9872348308563232, loss 2: 0.0007047035032883286
client running:1/16, client loss: 2.076876640319824, loss 1: 1.9906362295150757, loss 2: 0.0008624050533398986
client running:2/16, client loss: 2.0626800060272217, loss 1: 1.9749621152877808, loss 2: 0.0008771796710789204
client running:3/16, client loss: 2.0444576740264893, loss 1: 1.9730879068374634, loss 2: 0.0007136979256756604
client running:4/16, client loss: 2.0603556632995605, loss 1: 1.9600090980529785, loss 2: 0.0010034646838903427
client running:5/16, client loss: 2.0817065238952637, loss 1: 1.9700493812561035, loss 2: 0.001116570783779025
client running:6/16, client loss: 2.0918262004852295, loss 1: 1.9819207191467285, loss 2: 0.0010990547016263008
client running:7/16, client loss: 2.063052177429199, loss 1: 2.011288642883301, loss 2: 0.0005176342674531043
client running:8/16, client loss: 2.05148983001709, loss 1: 1.9759410619735718, loss 2: 0.0007554879994131625
client running:9/16, client loss: 2.0626399517059326, loss 1: 1.980433464050293, loss 2: 0.0008220640011131763
client running:10/16, client loss: 2.056148052215576, loss 1: 1.9785621166229248, loss 2: 0.0007758601568639278
client running:11/16, client loss: 2.066333293914795, loss 1: 1.9785511493682861, loss 2: 0.0008778207702562213
client running:12/16, client loss: 2.083864688873291, loss 1: 2.00058650970459, loss 2: 0.0008327810792252421
client running:13/16, client loss: 2.05423903465271, loss 1: 1.9683523178100586, loss 2: 0.0008588660275563598
client running:14/16, client loss: 2.041632652282715, loss 1: 1.9840301275253296, loss 2: 0.0005760240601375699
client running:15/16, client loss: 2.0348212718963623, loss 1: 1.9658961296081543, loss 2: 0.0006892514647915959
server loss: tensor([[0.8711, 0.7222, 0.7223, 0.7295, 0.7883, 0.7107, 0.7189, 0.6899],
        [0.7817, 0.9186, 0.7616, 0.7837, 0.7689, 0.7886, 0.7661, 0.7523],
        [0.7482, 0.7207, 0.9467, 0.7325, 0.7527, 0.7363, 0.7692, 0.7175],
        [0.7527, 0.7896, 0.7554, 0.8442, 0.7755, 0.8154, 0.7694, 0.7115],
        [0.7566, 0.7579, 0.7805, 0.7543, 0.9075, 0.7416, 0.7753, 0.7052],
        [0.7604, 0.7942, 0.7577, 0.8273, 0.7699, 0.9396, 0.7887, 0.7246],
        [0.7528, 0.7797, 0.7936, 0.7857, 0.7693, 0.7813, 0.9703, 0.7442],
        [0.7628, 0.7818, 0.7409, 0.7607, 0.7306, 0.7229, 0.7631, 0.9533]],
       device='cuda:0')
client running:0/22, client loss: 2.059652328491211, loss 1: 1.9724568128585815, loss 2: 0.0008719562320038676
client running:1/22, client loss: 2.0597033500671387, loss 1: 1.9779313802719116, loss 2: 0.0008177204290404916
client running:2/22, client loss: 2.074867010116577, loss 1: 1.98534095287323, loss 2: 0.0008952610078267753
client running:3/22, client loss: 2.0528674125671387, loss 1: 1.980263590812683, loss 2: 0.0007260385900735855
client running:4/22, client loss: 2.0603761672973633, loss 1: 1.9847058057785034, loss 2: 0.000756704481318593
client running:5/22, client loss: 2.070282220840454, loss 1: 1.991358995437622, loss 2: 0.0007892331341281533
client running:6/22, client loss: 2.0650784969329834, loss 1: 1.9848768711090088, loss 2: 0.0008020168170332909
client running:7/22, client loss: 2.0636963844299316, loss 1: 1.97226881980896, loss 2: 0.0009142750059254467
client running:8/22, client loss: 2.064674139022827, loss 1: 1.9876370429992676, loss 2: 0.0007703706505708396
client running:9/22, client loss: 2.0619678497314453, loss 1: 1.9873673915863037, loss 2: 0.0007460051565431058
client running:10/22, client loss: 2.084390163421631, loss 1: 2.0004849433898926, loss 2: 0.0008390524890273809
client running:11/22, client loss: 2.068162202835083, loss 1: 1.9881774187088013, loss 2: 0.0007998472428880632
client running:12/22, client loss: 2.060210943222046, loss 1: 1.9736406803131104, loss 2: 0.0008657026919536293
client running:13/22, client loss: 2.0675268173217773, loss 1: 1.970407485961914, loss 2: 0.0009711927268654108
client running:14/22, client loss: 2.0896363258361816, loss 1: 1.9833166599273682, loss 2: 0.0010631969198584557
client running:15/22, client loss: 2.0728116035461426, loss 1: 1.9858545064926147, loss 2: 0.0008695717551745474
client running:16/22, client loss: 2.0582025051116943, loss 1: 1.9902245998382568, loss 2: 0.0006797787500545382
client running:17/22, client loss: 2.0779190063476562, loss 1: 1.992002010345459, loss 2: 0.0008591689402237535
client running:18/22, client loss: 2.0625436305999756, loss 1: 1.9765510559082031, loss 2: 0.0008599267457611859
client running:19/22, client loss: 2.0754082202911377, loss 1: 1.9939539432525635, loss 2: 0.000814541766885668
client running:20/22, client loss: 2.0914244651794434, loss 1: 2.0020816326141357, loss 2: 0.0008934284560382366
client running:21/22, client loss: 2.070915937423706, loss 1: 1.9858230352401733, loss 2: 0.0008509286562912166
server loss: tensor([[0.8891, 0.7141, 0.7384, 0.7226, 0.7727, 0.7236, 0.7846, 0.7839],
        [0.7602, 0.9095, 0.7482, 0.7354, 0.8040, 0.7600, 0.7541, 0.7828],
        [0.6906, 0.7587, 0.8769, 0.7506, 0.7457, 0.7598, 0.7493, 0.7315],
        [0.7313, 0.7415, 0.7562, 0.9777, 0.7350, 0.7310, 0.7486, 0.7491],
        [0.7536, 0.7857, 0.7364, 0.7231, 0.8833, 0.7431, 0.7703, 0.7939],
        [0.7514, 0.7494, 0.7585, 0.7313, 0.7509, 0.8630, 0.7583, 0.7562],
        [0.7505, 0.7491, 0.7733, 0.7711, 0.7706, 0.7440, 0.8632, 0.7955],
        [0.7175, 0.7707, 0.7578, 0.7353, 0.7943, 0.7758, 0.7668, 0.8393]],
       device='cuda:0')
client running:0/16, client loss: 2.0727603435516357, loss 1: 1.9771586656570435, loss 2: 0.0009560161852277815
client running:1/16, client loss: 2.065934181213379, loss 1: 1.9763349294662476, loss 2: 0.0008959914557635784
client running:2/16, client loss: 2.0729846954345703, loss 1: 1.9853017330169678, loss 2: 0.0008768291445448995
client running:3/16, client loss: 2.09124493598938, loss 1: 1.9865665435791016, loss 2: 0.0010467845713719726
client running:4/16, client loss: 2.0896859169006348, loss 1: 1.9730396270751953, loss 2: 0.001166462549008429
client running:5/16, client loss: 2.0702707767486572, loss 1: 1.979933261871338, loss 2: 0.0009033741662278771
client running:6/16, client loss: 2.050776243209839, loss 1: 1.976078987121582, loss 2: 0.0007469732663594186
client running:7/16, client loss: 2.079582691192627, loss 1: 1.9973317384719849, loss 2: 0.0008225088240578771
client running:8/16, client loss: 2.078406572341919, loss 1: 1.9909353256225586, loss 2: 0.0008747127139940858
client running:9/16, client loss: 2.0832159519195557, loss 1: 1.9998159408569336, loss 2: 0.0008340009953826666
client running:10/16, client loss: 2.1065428256988525, loss 1: 1.983659267425537, loss 2: 0.0012288365978747606
client running:11/16, client loss: 2.0804436206817627, loss 1: 1.987900733947754, loss 2: 0.0009254286997020245
client running:12/16, client loss: 2.070004940032959, loss 1: 1.979819655418396, loss 2: 0.0009018526179715991
client running:13/16, client loss: 2.0674808025360107, loss 1: 1.9851421117782593, loss 2: 0.0008233862463384867
client running:14/16, client loss: 2.0834851264953613, loss 1: 1.9772677421569824, loss 2: 0.0010621745605021715
client running:15/16, client loss: 2.0794897079467773, loss 1: 1.9804840087890625, loss 2: 0.0009900574805215001
server loss: tensor([[0.9142, 0.8888, 0.6875, 0.7400, 0.7417, 0.7564, 0.9215, 0.7092],
        [0.9142, 0.8888, 0.6875, 0.7400, 0.7417, 0.7564, 0.9215, 0.7092],
        [0.7222, 0.6912, 0.9091, 0.7186, 0.6820, 0.7194, 0.7190, 0.7341],
        [0.7162, 0.7041, 0.7189, 0.8677, 0.7044, 0.7373, 0.7160, 0.7814],
        [0.7766, 0.7647, 0.7231, 0.7607, 0.8828, 0.7406, 0.7675, 0.7111],
        [0.7551, 0.7225, 0.7020, 0.7420, 0.7265, 0.8472, 0.7674, 0.7429],
        [0.9142, 0.8888, 0.6875, 0.7400, 0.7417, 0.7564, 0.9215, 0.7092],
        [0.7139, 0.7023, 0.7268, 0.7628, 0.6925, 0.7475, 0.7161, 0.8738]],
       device='cuda:0')
client running:0/50, client loss: 2.0214550495147705, loss 1: 1.9533812999725342, loss 2: 0.0006807382451370358
client running:1/50, client loss: 2.078538179397583, loss 1: 1.9879658222198486, loss 2: 0.0009057228453457355
client running:2/50, client loss: 2.0387496948242188, loss 1: 1.9828412532806396, loss 2: 0.0005590848159044981
client running:3/50, client loss: 2.0541460514068604, loss 1: 1.987815260887146, loss 2: 0.000663307961076498
client running:4/50, client loss: 2.0349020957946777, loss 1: 1.9733039140701294, loss 2: 0.0006159825716167688
client running:5/50, client loss: 2.0601658821105957, loss 1: 1.98910391330719, loss 2: 0.0007106205448508263
client running:6/50, client loss: 2.0528976917266846, loss 1: 1.9890564680099487, loss 2: 0.0006384117878042161
client running:7/50, client loss: 2.0567715167999268, loss 1: 1.9905729293823242, loss 2: 0.0006619865307584405
client running:8/50, client loss: 2.047337532043457, loss 1: 1.9730063676834106, loss 2: 0.0007433107821270823
client running:9/50, client loss: 2.060328722000122, loss 1: 1.9895033836364746, loss 2: 0.0007082539959810674
client running:10/50, client loss: 2.051373243331909, loss 1: 1.9664628505706787, loss 2: 0.000849103438667953
client running:11/50, client loss: 2.0352420806884766, loss 1: 1.9804787635803223, loss 2: 0.0005476323422044516
client running:12/50, client loss: 2.043316125869751, loss 1: 1.9856798648834229, loss 2: 0.0005763634108006954
client running:13/50, client loss: 2.075671672821045, loss 1: 1.9986523389816284, loss 2: 0.0007701924769207835
client running:14/50, client loss: 2.0555596351623535, loss 1: 1.9809235334396362, loss 2: 0.0007463616784662008
client running:15/50, client loss: 2.0463926792144775, loss 1: 1.9904158115386963, loss 2: 0.0005597677081823349
client running:16/50, client loss: 2.0349020957946777, loss 1: 1.9680254459381104, loss 2: 0.0006687671993859112
client running:17/50, client loss: 2.059177875518799, loss 1: 1.9888856410980225, loss 2: 0.0007029229309409857
client running:18/50, client loss: 2.0673811435699463, loss 1: 1.9929041862487793, loss 2: 0.0007447692332789302
client running:19/50, client loss: 2.0579421520233154, loss 1: 1.9636147022247314, loss 2: 0.0009432751103304327
client running:20/50, client loss: 2.066760778427124, loss 1: 1.9864141941070557, loss 2: 0.0008034659549593925
client running:21/50, client loss: 2.08063006401062, loss 1: 1.985605001449585, loss 2: 0.0009502517059445381
client running:22/50, client loss: 2.040433406829834, loss 1: 1.969321608543396, loss 2: 0.0007111170561984181
client running:23/50, client loss: 2.0626838207244873, loss 1: 1.9803030490875244, loss 2: 0.0008238073205575347
client running:24/50, client loss: 2.040408134460449, loss 1: 1.9815764427185059, loss 2: 0.0005883164121769369
client running:25/50, client loss: 2.014298915863037, loss 1: 1.9588208198547363, loss 2: 0.0005547812324948609
client running:26/50, client loss: 2.0485453605651855, loss 1: 1.955743432044983, loss 2: 0.0009280199301429093
client running:27/50, client loss: 2.028804063796997, loss 1: 1.9669485092163086, loss 2: 0.0006185548263601959
client running:28/50, client loss: 2.057204008102417, loss 1: 1.9875237941741943, loss 2: 0.0006968011148273945
client running:29/50, client loss: 2.0580804347991943, loss 1: 1.990082025527954, loss 2: 0.0006799849797971547
client running:30/50, client loss: 2.051954507827759, loss 1: 1.9703110456466675, loss 2: 0.0008164335740730166
client running:31/50, client loss: 2.0381088256835938, loss 1: 1.9788143634796143, loss 2: 0.0005929439794272184
client running:32/50, client loss: 2.068603754043579, loss 1: 2.0016605854034424, loss 2: 0.0006694324547424912
client running:33/50, client loss: 2.042593240737915, loss 1: 1.9820537567138672, loss 2: 0.000605395354796201
client running:34/50, client loss: 2.0507545471191406, loss 1: 1.9696060419082642, loss 2: 0.0008114847587421536
client running:35/50, client loss: 2.063058614730835, loss 1: 1.9901199340820312, loss 2: 0.0007293869275599718
client running:36/50, client loss: 2.0331475734710693, loss 1: 1.9655182361602783, loss 2: 0.0006762926932424307
client running:37/50, client loss: 2.041586399078369, loss 1: 1.9889518022537231, loss 2: 0.0005263462080620229
client running:38/50, client loss: 2.0496068000793457, loss 1: 1.977156639099121, loss 2: 0.00072450190782547
client running:39/50, client loss: 2.056429624557495, loss 1: 1.9879348278045654, loss 2: 0.000684947706758976
client running:40/50, client loss: 2.0696616172790527, loss 1: 1.9995136260986328, loss 2: 0.0007014793809503317
client running:41/50, client loss: 2.0637354850769043, loss 1: 1.9905309677124023, loss 2: 0.0007320442236959934
client running:42/50, client loss: 2.0580332279205322, loss 1: 1.9821434020996094, loss 2: 0.0007588990265503526
client running:43/50, client loss: 2.0687415599823, loss 1: 1.9804582595825195, loss 2: 0.0008828322752378881
client running:44/50, client loss: 2.0591156482696533, loss 1: 1.9969791173934937, loss 2: 0.0006213657325133681
client running:45/50, client loss: 2.056147336959839, loss 1: 1.9902597665786743, loss 2: 0.0006588749238289893
client running:46/50, client loss: 2.0734078884124756, loss 1: 1.9662420749664307, loss 2: 0.0010716574033722281
client running:47/50, client loss: 2.085907220840454, loss 1: 1.9875524044036865, loss 2: 0.0009835490491241217
client running:48/50, client loss: 2.059317111968994, loss 1: 1.9911894798278809, loss 2: 0.0006812772480770946
client running:49/50, client loss: 2.0567898750305176, loss 1: 1.9803109169006348, loss 2: 0.0007647901074960828
server loss: tensor([[0.8464, 0.7455, 0.7106, 0.7026, 0.7771, 0.7066, 0.6965, 0.7420],
        [0.7107, 0.8646, 0.6994, 0.7516, 0.6725, 0.7904, 0.7510, 0.7234],
        [0.7271, 0.7592, 0.9426, 0.7502, 0.7402, 0.7332, 0.7080, 0.7591],
        [0.7212, 0.7986, 0.7514, 0.9150, 0.7418, 0.8049, 0.7420, 0.7870],
        [0.7654, 0.7734, 0.7623, 0.7259, 0.8753, 0.7556, 0.7007, 0.7891],
        [0.7310, 0.7917, 0.7184, 0.7668, 0.7247, 0.8766, 0.7673, 0.7676],
        [0.6824, 0.7439, 0.7261, 0.7528, 0.7048, 0.7554, 0.8937, 0.7488],
        [0.7432, 0.7654, 0.7209, 0.7753, 0.7582, 0.7390, 0.7208, 0.8715]],
       device='cuda:0')
server average tensor
client running:0/11, client loss: 2.0827438831329346, loss 1: 1.978274941444397, loss 2: 0.0010446883970871568
client running:1/11, client loss: 2.0548930168151855, loss 1: 1.9619817733764648, loss 2: 0.0009291130700148642
client running:2/11, client loss: 2.105818033218384, loss 1: 1.991436243057251, loss 2: 0.0011438180226832628
client running:3/11, client loss: 2.081085443496704, loss 1: 1.9823695421218872, loss 2: 0.000987158389762044
client running:4/11, client loss: 2.0763211250305176, loss 1: 1.977925181388855, loss 2: 0.0009839582489803433
client running:5/11, client loss: 2.068837881088257, loss 1: 1.986501693725586, loss 2: 0.0008233622065745294
client running:6/11, client loss: 2.086392641067505, loss 1: 1.98456609249115, loss 2: 0.001018264563754201
client running:7/11, client loss: 2.0769717693328857, loss 1: 1.9949926137924194, loss 2: 0.0008197914576157928
client running:8/11, client loss: 2.059471607208252, loss 1: 1.9812580347061157, loss 2: 0.0007821364561095834
client running:9/11, client loss: 2.0441412925720215, loss 1: 1.972719669342041, loss 2: 0.000714216788765043
client running:10/11, client loss: 2.0799999237060547, loss 1: 1.991794228553772, loss 2: 0.0008820557850413024
server loss: tensor([[0.8629, 0.7331, 0.8180, 0.7377, 0.7908, 0.7460, 0.7745, 0.6978],
        [0.7176, 0.8729, 0.7378, 0.9389, 0.7688, 0.7644, 0.7475, 0.7412],
        [0.7649, 0.7191, 0.8457, 0.7179, 0.7790, 0.7404, 0.7660, 0.7310],
        [0.7176, 0.8729, 0.7378, 0.9389, 0.7688, 0.7644, 0.7475, 0.7412],
        [0.8006, 0.7716, 0.8091, 0.7447, 0.9145, 0.7618, 0.7716, 0.7514],
        [0.7431, 0.7791, 0.7449, 0.7742, 0.7641, 0.8795, 0.7717, 0.7685],
        [0.7421, 0.7181, 0.7289, 0.7437, 0.7342, 0.7651, 0.8625, 0.7540],
        [0.7018, 0.6869, 0.7302, 0.6956, 0.7128, 0.7413, 0.7066, 0.8523]],
       device='cuda:0')
client running:0/16, client loss: 2.0868260860443115, loss 1: 1.978927731513977, loss 2: 0.0010789844673126936
client running:1/16, client loss: 2.049809455871582, loss 1: 1.9741452932357788, loss 2: 0.0007566413842141628
client running:2/16, client loss: 2.08426833152771, loss 1: 1.994887351989746, loss 2: 0.0008938094251789153
client running:3/16, client loss: 2.0716001987457275, loss 1: 2.0161287784576416, loss 2: 0.0005547144101001322
client running:4/16, client loss: 2.0667500495910645, loss 1: 1.9871947765350342, loss 2: 0.0007955535547807813
client running:5/16, client loss: 2.0645012855529785, loss 1: 1.9815521240234375, loss 2: 0.0008294908911921084
client running:6/16, client loss: 2.0781617164611816, loss 1: 1.9812817573547363, loss 2: 0.0009687989950180054
client running:7/16, client loss: 2.0618033409118652, loss 1: 1.9740641117095947, loss 2: 0.0008773921290412545
client running:8/16, client loss: 2.0643041133880615, loss 1: 1.9782416820526123, loss 2: 0.0008606233168393373
client running:9/16, client loss: 2.084383010864258, loss 1: 1.981335163116455, loss 2: 0.0010304773459210992
client running:10/16, client loss: 2.0592737197875977, loss 1: 1.9700777530670166, loss 2: 0.0008919605752453208
client running:11/16, client loss: 2.0445635318756104, loss 1: 1.9691368341445923, loss 2: 0.0007542673265561461
client running:12/16, client loss: 2.0669026374816895, loss 1: 1.9727507829666138, loss 2: 0.0009415182285010815
client running:13/16, client loss: 2.0525195598602295, loss 1: 1.9946510791778564, loss 2: 0.0005786841502413154
client running:14/16, client loss: 2.0407774448394775, loss 1: 1.9694807529449463, loss 2: 0.0007129674777388573
client running:15/16, client loss: 2.031604766845703, loss 1: 1.9517079591751099, loss 2: 0.0007989682490006089
server loss: tensor([[0.8894, 0.7109, 0.6710, 0.7129, 0.7512, 0.7402, 0.6828, 0.7289],
        [0.7116, 0.9267, 0.7558, 0.7140, 0.7324, 0.8061, 0.7329, 0.7554],
        [0.7082, 0.7726, 0.8769, 0.7310, 0.7498, 0.7974, 0.7601, 0.7562],
        [0.7217, 0.7362, 0.7291, 0.9024, 0.7258, 0.7825, 0.7334, 0.7474],
        [0.7657, 0.7406, 0.7424, 0.7184, 0.9612, 0.7917, 0.7310, 0.7544],
        [0.7257, 0.8145, 0.7634, 0.7525, 0.7496, 0.9165, 0.7374, 0.8246],
        [0.7073, 0.7253, 0.7450, 0.7381, 0.7309, 0.7547, 0.9632, 0.7468],
        [0.7457, 0.7593, 0.7139, 0.7688, 0.7425, 0.8083, 0.7324, 0.9537]],
       device='cuda:0')
client running:0/22, client loss: 2.078955888748169, loss 1: 1.9846800565719604, loss 2: 0.0009427571785636246
client running:1/22, client loss: 2.0776479244232178, loss 1: 1.9916167259216309, loss 2: 0.0008603109745308757
client running:2/22, client loss: 2.0790491104125977, loss 1: 1.9739679098129272, loss 2: 0.0010508119594305754
client running:3/22, client loss: 2.0546634197235107, loss 1: 1.977148413658142, loss 2: 0.0007751494413241744
client running:4/22, client loss: 2.072324514389038, loss 1: 1.9803653955459595, loss 2: 0.000919591577257961
client running:5/22, client loss: 2.0600810050964355, loss 1: 1.9771143198013306, loss 2: 0.0008296660962514579
client running:6/22, client loss: 2.074147939682007, loss 1: 1.9801554679870605, loss 2: 0.0009399247355759144
client running:7/22, client loss: 2.1205551624298096, loss 1: 1.9899179935455322, loss 2: 0.0013063716469332576
client running:8/22, client loss: 2.0795507431030273, loss 1: 1.993708610534668, loss 2: 0.0008584213792346418
client running:9/22, client loss: 2.111478567123413, loss 1: 1.9955048561096191, loss 2: 0.0011597360717132688
client running:10/22, client loss: 2.0656580924987793, loss 1: 1.984816551208496, loss 2: 0.0008084166329354048
client running:11/22, client loss: 2.0580010414123535, loss 1: 1.991111159324646, loss 2: 0.0006688983412459493
client running:12/22, client loss: 2.0537326335906982, loss 1: 1.9842095375061035, loss 2: 0.0006952319527044892
client running:13/22, client loss: 2.0731260776519775, loss 1: 1.9911540746688843, loss 2: 0.0008197211427614093
client running:14/22, client loss: 2.076103448867798, loss 1: 1.9817289113998413, loss 2: 0.0009437448461540043
client running:15/22, client loss: 2.0759012699127197, loss 1: 1.9729336500167847, loss 2: 0.0010296760592609644
client running:16/22, client loss: 2.0641026496887207, loss 1: 1.984371304512024, loss 2: 0.0007973129395395517
client running:17/22, client loss: 2.0867927074432373, loss 1: 2.013728141784668, loss 2: 0.00073064467869699
client running:18/22, client loss: 2.063474416732788, loss 1: 1.973650574684143, loss 2: 0.0008982381550595164
client running:19/22, client loss: 2.0864222049713135, loss 1: 1.9952348470687866, loss 2: 0.0009118731832131743
client running:20/22, client loss: 2.082437753677368, loss 1: 1.983784794807434, loss 2: 0.0009865292813628912
client running:21/22, client loss: 2.0641114711761475, loss 1: 1.981682300567627, loss 2: 0.000824292772449553
server loss: tensor([[0.8143, 0.7039, 0.7474, 0.7857, 0.7697, 0.6991, 0.7341, 0.7791],
        [0.7147, 0.8607, 0.7187, 0.7028, 0.7859, 0.7563, 0.7258, 0.7087],
        [0.7471, 0.7273, 0.9388, 0.7444, 0.7449, 0.7464, 0.7495, 0.7200],
        [0.7885, 0.7284, 0.7632, 0.8792, 0.7600, 0.7086, 0.7520, 0.7826],
        [0.7699, 0.7996, 0.7753, 0.7577, 0.9058, 0.7501, 0.7679, 0.7850],
        [0.7268, 0.7369, 0.7354, 0.7017, 0.7288, 0.9030, 0.7128, 0.7108],
        [0.7659, 0.7226, 0.7575, 0.7552, 0.7707, 0.7092, 0.9242, 0.7547],
        [0.7922, 0.6845, 0.7056, 0.7918, 0.7305, 0.7047, 0.7662, 0.8526]],
       device='cuda:0')
client running:0/16, client loss: 2.0510740280151367, loss 1: 1.967562198638916, loss 2: 0.0008351175347343087
client running:1/16, client loss: 2.074549913406372, loss 1: 1.9755959510803223, loss 2: 0.000989539548754692
client running:2/16, client loss: 2.084697961807251, loss 1: 1.980208396911621, loss 2: 0.0010448963148519397
client running:3/16, client loss: 2.059967517852783, loss 1: 1.9811173677444458, loss 2: 0.0007885016384534538
client running:4/16, client loss: 2.083502769470215, loss 1: 2.015777111053467, loss 2: 0.0006772569613531232
client running:5/16, client loss: 2.0477206707000732, loss 1: 1.9865845441818237, loss 2: 0.0006113618146628141
client running:6/16, client loss: 2.089987277984619, loss 1: 1.9805333614349365, loss 2: 0.0010945390677079558
client running:7/16, client loss: 2.0737648010253906, loss 1: 1.9704740047454834, loss 2: 0.0010329082142561674
client running:8/16, client loss: 2.078580141067505, loss 1: 1.9960353374481201, loss 2: 0.000825447728857398
client running:9/16, client loss: 2.0747504234313965, loss 1: 1.997856616973877, loss 2: 0.0007689379272051156
client running:10/16, client loss: 2.0781195163726807, loss 1: 1.986751675605774, loss 2: 0.0009136791923083365
client running:11/16, client loss: 2.0829291343688965, loss 1: 1.9783823490142822, loss 2: 0.0010454688454046845
client running:12/16, client loss: 2.0727272033691406, loss 1: 1.9826184511184692, loss 2: 0.000901087187230587
client running:13/16, client loss: 2.0588011741638184, loss 1: 1.9862957000732422, loss 2: 0.0007250552298501134
client running:14/16, client loss: 2.0629351139068604, loss 1: 1.9737799167633057, loss 2: 0.0008915530052036047
client running:15/16, client loss: 2.0860671997070312, loss 1: 1.9758198261260986, loss 2: 0.0011024747509509325
server loss: tensor([[0.8293, 0.7001, 0.6925, 0.7637, 0.7316, 0.7811, 0.6987, 0.7234],
        [0.7104, 0.9276, 0.7114, 0.7795, 0.7020, 0.6889, 0.7433, 0.7864],
        [0.6941, 0.7660, 0.8313, 0.7490, 0.6813, 0.6826, 0.7100, 0.7497],
        [0.7515, 0.7585, 0.7285, 0.8763, 0.7551, 0.7147, 0.7570, 0.7627],
        [0.7615, 0.7214, 0.6913, 0.7651, 0.9566, 0.7579, 0.7302, 0.7353],
        [0.7672, 0.7223, 0.6754, 0.7783, 0.7540, 0.8681, 0.7315, 0.7115],
        [0.7587, 0.7648, 0.6790, 0.7754, 0.7407, 0.7467, 0.8694, 0.7888],
        [0.7403, 0.7395, 0.7290, 0.7590, 0.7437, 0.7103, 0.7388, 0.8855]],
       device='cuda:0')
client running:0/50, client loss: 2.03330397605896, loss 1: 1.9648914337158203, loss 2: 0.0006841246504336596
client running:1/50, client loss: 2.016356945037842, loss 1: 1.9724032878875732, loss 2: 0.0004395355354063213
client running:2/50, client loss: 2.061851739883423, loss 1: 1.9865049123764038, loss 2: 0.0007534690666943789
client running:3/50, client loss: 2.053122043609619, loss 1: 1.9770381450653076, loss 2: 0.0007608401356264949
client running:4/50, client loss: 2.0603621006011963, loss 1: 1.9938337802886963, loss 2: 0.0006652842275798321
client running:5/50, client loss: 2.0530612468719482, loss 1: 1.9856252670288086, loss 2: 0.00067436060635373
client running:6/50, client loss: 2.0454723834991455, loss 1: 1.9865086078643799, loss 2: 0.0005896374932490289
client running:7/50, client loss: 2.0672247409820557, loss 1: 1.9953268766403198, loss 2: 0.0007189797470346093
client running:8/50, client loss: 2.0686211585998535, loss 1: 1.990836501121521, loss 2: 0.000777846435084939
client running:9/50, client loss: 2.0649356842041016, loss 1: 1.9940420389175415, loss 2: 0.0007089358987286687
client running:10/50, client loss: 2.054844856262207, loss 1: 1.9851810932159424, loss 2: 0.0006966375513002276
client running:11/50, client loss: 2.0313735008239746, loss 1: 1.984199047088623, loss 2: 0.00047174564679153264
client running:12/50, client loss: 2.056215763092041, loss 1: 1.9919930696487427, loss 2: 0.0006422261940315366
client running:13/50, client loss: 2.0530943870544434, loss 1: 1.9870283603668213, loss 2: 0.0006606609094887972
client running:14/50, client loss: 2.062270402908325, loss 1: 1.9946242570877075, loss 2: 0.0006764624849893153
client running:15/50, client loss: 2.0547432899475098, loss 1: 1.9891095161437988, loss 2: 0.0006563381757587194
client running:16/50, client loss: 2.034679412841797, loss 1: 1.9816322326660156, loss 2: 0.0005304720834828913
client running:17/50, client loss: 2.0643603801727295, loss 1: 1.995578408241272, loss 2: 0.0006878197891637683
client running:18/50, client loss: 2.0322153568267822, loss 1: 1.9428752660751343, loss 2: 0.0008934001089073718
client running:19/50, client loss: 2.051301956176758, loss 1: 1.973900318145752, loss 2: 0.000774016953073442
client running:20/50, client loss: 2.0349555015563965, loss 1: 1.9688631296157837, loss 2: 0.0006609238917008042
client running:21/50, client loss: 2.0594780445098877, loss 1: 2.0007870197296143, loss 2: 0.0005869106971658766
client running:22/50, client loss: 2.0480008125305176, loss 1: 1.9821282625198364, loss 2: 0.0006587248644791543
client running:23/50, client loss: 2.067108392715454, loss 1: 1.978562831878662, loss 2: 0.000885456393007189
client running:24/50, client loss: 2.0663819313049316, loss 1: 1.9947962760925293, loss 2: 0.0007158576627261937
client running:25/50, client loss: 2.0862274169921875, loss 1: 2.003418207168579, loss 2: 0.0008280924521386623
client running:26/50, client loss: 2.0594658851623535, loss 1: 1.9726762771606445, loss 2: 0.0008678949670866132
client running:27/50, client loss: 2.059823513031006, loss 1: 1.9834918975830078, loss 2: 0.000763316173106432
client running:28/50, client loss: 2.0339648723602295, loss 1: 1.9760533571243286, loss 2: 0.000579115585424006
client running:29/50, client loss: 2.0719902515411377, loss 1: 1.9976593255996704, loss 2: 0.0007433084538206458
client running:30/50, client loss: 2.0248632431030273, loss 1: 1.9688301086425781, loss 2: 0.0005603303434327245
client running:31/50, client loss: 2.0659680366516113, loss 1: 2.002476692199707, loss 2: 0.0006349139148369431
client running:32/50, client loss: 2.049286127090454, loss 1: 1.9724760055541992, loss 2: 0.0007681015995331109
client running:33/50, client loss: 2.0512397289276123, loss 1: 1.9821174144744873, loss 2: 0.0006912235985510051
client running:34/50, client loss: 2.0467166900634766, loss 1: 1.9771571159362793, loss 2: 0.0006955956923775375
client running:35/50, client loss: 2.055454730987549, loss 1: 1.9787249565124512, loss 2: 0.0007672982756048441
client running:36/50, client loss: 2.0471577644348145, loss 1: 1.9625592231750488, loss 2: 0.000845984322950244
client running:37/50, client loss: 2.0608673095703125, loss 1: 1.9869625568389893, loss 2: 0.0007390466635115445
client running:38/50, client loss: 2.057490587234497, loss 1: 1.9745488166809082, loss 2: 0.0008294172585010529
client running:39/50, client loss: 2.0536253452301025, loss 1: 1.9830007553100586, loss 2: 0.0007062462391331792
client running:40/50, client loss: 2.047563314437866, loss 1: 1.9868278503417969, loss 2: 0.000607353518716991
client running:41/50, client loss: 2.0471701622009277, loss 1: 1.9782705307006836, loss 2: 0.0006889952928759158
client running:42/50, client loss: 2.0760631561279297, loss 1: 1.989785075187683, loss 2: 0.0008627816569060087
client running:43/50, client loss: 2.0388875007629395, loss 1: 1.9854806661605835, loss 2: 0.0005340689094737172
client running:44/50, client loss: 2.0650415420532227, loss 1: 1.9790282249450684, loss 2: 0.0008601333247497678
client running:45/50, client loss: 2.0369460582733154, loss 1: 1.9660801887512207, loss 2: 0.0007086592959240079
client running:46/50, client loss: 2.0548248291015625, loss 1: 1.9809105396270752, loss 2: 0.0007391431136056781
client running:47/50, client loss: 2.0550906658172607, loss 1: 1.9914278984069824, loss 2: 0.0006366278976202011
client running:48/50, client loss: 2.0407238006591797, loss 1: 1.9759169816970825, loss 2: 0.0006480676820501685
client running:49/50, client loss: 2.027038812637329, loss 1: 1.9853688478469849, loss 2: 0.00041669997153803706
server loss: tensor([[0.8714, 0.8176, 0.7521, 0.7902, 0.7845, 0.7606, 0.7033, 0.7786],
        [0.7943, 0.9183, 0.7676, 0.8945, 0.7812, 0.7445, 0.7565, 0.7512],
        [0.7694, 0.7638, 0.9093, 0.7397, 0.7496, 0.7423, 0.8110, 0.7293],
        [0.7943, 0.9183, 0.7676, 0.8945, 0.7812, 0.7445, 0.7565, 0.7512],
        [0.7796, 0.7406, 0.7422, 0.7379, 0.9048, 0.7520, 0.7179, 0.9751],
        [0.7725, 0.7646, 0.7318, 0.7490, 0.7636, 0.8914, 0.7203, 0.7635],
        [0.7237, 0.7751, 0.7464, 0.7588, 0.7196, 0.7632, 0.8396, 0.7211],
        [0.7796, 0.7406, 0.7422, 0.7379, 0.9048, 0.7520, 0.7179, 0.9751]],
       device='cuda:0')
server average tensor
client running:0/11, client loss: 2.1058056354522705, loss 1: 1.9966331720352173, loss 2: 0.0010917248437181115
client running:1/11, client loss: 2.0700864791870117, loss 1: 1.996694564819336, loss 2: 0.0007339190924540162
client running:2/11, client loss: 2.0977463722229004, loss 1: 2.007819652557373, loss 2: 0.000899266917258501
client running:3/11, client loss: 2.0666756629943848, loss 1: 1.955798625946045, loss 2: 0.0011087697930634022
client running:4/11, client loss: 2.0915400981903076, loss 1: 1.9869656562805176, loss 2: 0.0010457434691488743
client running:5/11, client loss: 2.0855023860931396, loss 1: 1.9779753684997559, loss 2: 0.0010752700036391616
client running:6/11, client loss: 2.0511159896850586, loss 1: 1.9784778356552124, loss 2: 0.0007263827137649059
client running:7/11, client loss: 2.061490535736084, loss 1: 1.97139310836792, loss 2: 0.0009009732748381793
client running:8/11, client loss: 2.0961949825286865, loss 1: 1.9883599281311035, loss 2: 0.0010783509351313114
client running:9/11, client loss: 2.0697896480560303, loss 1: 1.962640404701233, loss 2: 0.0010714917443692684
client running:10/11, client loss: 2.068441152572632, loss 1: 1.9779130220413208, loss 2: 0.0009052815148606896
server loss: tensor([[0.9703, 0.8006, 0.7765, 0.7586, 0.7411, 0.7778, 0.7759, 0.7472],
        [0.7607, 0.7914, 0.7217, 0.7188, 0.7748, 0.7566, 0.7145, 0.7541],
        [0.7765, 0.7354, 0.8680, 0.7442, 0.7480, 0.7519, 0.8011, 0.7845],
        [0.7465, 0.7213, 0.7551, 0.9429, 0.7409, 0.7220, 0.7261, 0.7372],
        [0.7265, 0.7440, 0.7264, 0.7182, 0.9009, 0.7701, 0.7191, 0.7892],
        [0.7855, 0.7688, 0.7605, 0.7099, 0.7742, 0.9497, 0.7464, 0.7445],
        [0.7392, 0.7065, 0.7647, 0.7026, 0.7313, 0.7427, 0.8207, 0.7404],
        [0.7282, 0.7368, 0.7340, 0.7219, 0.7822, 0.7246, 0.7034, 0.8733]],
       device='cuda:0')
client running:0/16, client loss: 2.0836939811706543, loss 1: 1.993666172027588, loss 2: 0.0009002773440442979
client running:1/16, client loss: 2.0676426887512207, loss 1: 1.9827847480773926, loss 2: 0.0008485790458507836
client running:2/16, client loss: 2.0685184001922607, loss 1: 1.9853774309158325, loss 2: 0.0008314087754115462
client running:3/16, client loss: 2.0706984996795654, loss 1: 1.9927473068237305, loss 2: 0.0007795114070177078
client running:4/16, client loss: 2.0741422176361084, loss 1: 1.9861502647399902, loss 2: 0.0008799185743555427
client running:5/16, client loss: 2.070777416229248, loss 1: 1.9866368770599365, loss 2: 0.0008414053590968251
client running:6/16, client loss: 2.0722830295562744, loss 1: 1.9799017906188965, loss 2: 0.0009238117490895092
client running:7/16, client loss: 2.056943416595459, loss 1: 1.9720690250396729, loss 2: 0.0008487445302307606
client running:8/16, client loss: 2.091883420944214, loss 1: 1.96616792678833, loss 2: 0.0012571554398164153
client running:9/16, client loss: 2.051743507385254, loss 1: 1.9726707935333252, loss 2: 0.0007907259277999401
client running:10/16, client loss: 2.0597400665283203, loss 1: 1.9834868907928467, loss 2: 0.0007625319412909448
client running:11/16, client loss: 2.0739426612854004, loss 1: 1.9936890602111816, loss 2: 0.0008025367860682309
client running:12/16, client loss: 2.0644614696502686, loss 1: 1.9674651622772217, loss 2: 0.0009699637885205448
client running:13/16, client loss: 2.082807779312134, loss 1: 1.9770630598068237, loss 2: 0.0010574476327747107
client running:14/16, client loss: 2.1154088973999023, loss 1: 1.969175934791565, loss 2: 0.001462330692447722
client running:15/16, client loss: 2.0372066497802734, loss 1: 1.989283561706543, loss 2: 0.0004792303079739213
server loss: tensor([[0.9542, 0.7525, 0.7902, 0.7534, 0.7837, 0.7682, 0.7931, 0.7567],
        [0.7623, 0.8710, 0.7351, 0.7291, 0.7386, 0.7291, 0.7633, 0.7517],
        [0.8243, 0.7613, 0.9106, 0.7955, 0.7702, 0.9384, 0.7705, 0.7963],
        [0.7850, 0.7336, 0.8119, 0.8399, 0.7585, 0.8080, 0.7802, 0.7862],
        [0.7895, 0.7440, 0.7702, 0.7259, 0.9389, 0.7391, 0.8014, 0.7673],
        [0.8243, 0.7613, 0.9106, 0.7955, 0.7702, 0.9384, 0.7705, 0.7963],
        [0.7683, 0.7002, 0.7545, 0.7535, 0.7642, 0.7592, 0.8860, 0.7675],
        [0.7560, 0.7469, 0.7602, 0.7732, 0.7223, 0.7647, 0.7455, 0.8735]],
       device='cuda:0')
client running:0/22, client loss: 2.0671286582946777, loss 1: 1.9713577032089233, loss 2: 0.0009577104356139898
client running:1/22, client loss: 2.080127000808716, loss 1: 1.988120198249817, loss 2: 0.0009200677741318941
client running:2/22, client loss: 2.0911498069763184, loss 1: 2.011741876602173, loss 2: 0.0007940797368064523
client running:3/22, client loss: 2.0805585384368896, loss 1: 1.9963945150375366, loss 2: 0.0008416391792707145
client running:4/22, client loss: 2.051912307739258, loss 1: 1.9846997261047363, loss 2: 0.0006721260724589229
client running:5/22, client loss: 2.0560591220855713, loss 1: 1.9964286088943481, loss 2: 0.0005963050643913448
client running:6/22, client loss: 2.0687482357025146, loss 1: 1.9701967239379883, loss 2: 0.0009855144890025258
client running:7/22, client loss: 2.07157039642334, loss 1: 2.0014867782592773, loss 2: 0.0007008352549746633
client running:8/22, client loss: 2.0535809993743896, loss 1: 1.9828726053237915, loss 2: 0.0007070834981277585
client running:9/22, client loss: 2.0726053714752197, loss 1: 1.971310019493103, loss 2: 0.0010129532311111689
client running:10/22, client loss: 2.0721991062164307, loss 1: 1.9931172132492065, loss 2: 0.0007908195839263499
client running:11/22, client loss: 2.0686635971069336, loss 1: 1.9902575016021729, loss 2: 0.0007840606267563999
client running:12/22, client loss: 2.060863971710205, loss 1: 1.9830483198165894, loss 2: 0.0007781572639942169
client running:13/22, client loss: 2.0881969928741455, loss 1: 1.9830684661865234, loss 2: 0.0010512860026210546
client running:14/22, client loss: 2.0591092109680176, loss 1: 1.9837881326675415, loss 2: 0.0007532109739258885
client running:15/22, client loss: 2.072206735610962, loss 1: 2.0042781829833984, loss 2: 0.0006792854983359575
client running:16/22, client loss: 2.060936689376831, loss 1: 1.9608218669891357, loss 2: 0.001001147786155343
client running:17/22, client loss: 2.093695878982544, loss 1: 1.979374647140503, loss 2: 0.001143213245086372
client running:18/22, client loss: 2.0729784965515137, loss 1: 1.986276626586914, loss 2: 0.0008670198149047792
client running:19/22, client loss: 2.082615852355957, loss 1: 1.994880199432373, loss 2: 0.00087735615670681
client running:20/22, client loss: 2.064096689224243, loss 1: 1.983020544052124, loss 2: 0.0008107617031782866
client running:21/22, client loss: 2.0616939067840576, loss 1: 1.9820107221603394, loss 2: 0.0007968309801071882
server loss: tensor([[0.9405, 0.7237, 0.7500, 0.7777, 0.7520, 0.7856, 0.7615, 0.7859],
        [0.7405, 0.8683, 0.7004, 0.6740, 0.7018, 0.7761, 0.9228, 0.7077],
        [0.7259, 0.7529, 0.9201, 0.7172, 0.7977, 0.7568, 0.7659, 0.7738],
        [0.7385, 0.7364, 0.7217, 0.8585, 0.7373, 0.7722, 0.7467, 0.7805],
        [0.7253, 0.6998, 0.7881, 0.7286, 0.9331, 0.7790, 0.7096, 0.7512],
        [0.7554, 0.7068, 0.7020, 0.7930, 0.7198, 0.7613, 0.7369, 0.7734],
        [0.7405, 0.8683, 0.7004, 0.6740, 0.7018, 0.7761, 0.9228, 0.7077],
        [0.7742, 0.7306, 0.7342, 0.7685, 0.7735, 0.7726, 0.7533, 0.8633]],
       device='cuda:0')
client running:0/16, client loss: 2.062439203262329, loss 1: 1.9799509048461914, loss 2: 0.0008248829399235547
client running:1/16, client loss: 2.0677735805511475, loss 1: 1.9787592887878418, loss 2: 0.000890143564902246
client running:2/16, client loss: 2.0818965435028076, loss 1: 1.972611904144287, loss 2: 0.0010928468545898795
client running:3/16, client loss: 2.067707061767578, loss 1: 1.9848895072937012, loss 2: 0.0008281754562631249
client running:4/16, client loss: 2.061258554458618, loss 1: 1.9843271970748901, loss 2: 0.0007693132502026856
client running:5/16, client loss: 2.0752413272857666, loss 1: 1.974442481994629, loss 2: 0.001007989514619112
client running:6/16, client loss: 2.0690908432006836, loss 1: 1.9914740324020386, loss 2: 0.0007761685992591083
client running:7/16, client loss: 2.083017587661743, loss 1: 1.9937174320220947, loss 2: 0.0008930012700147927
client running:8/16, client loss: 2.0765209197998047, loss 1: 1.996870517730713, loss 2: 0.00079650420229882
client running:9/16, client loss: 2.0694572925567627, loss 1: 1.9957960844039917, loss 2: 0.0007366131758317351
client running:10/16, client loss: 2.0900583267211914, loss 1: 1.993769884109497, loss 2: 0.0009628846310079098
client running:11/16, client loss: 2.068495273590088, loss 1: 1.986802339553833, loss 2: 0.0008169292705133557
client running:12/16, client loss: 2.0968003273010254, loss 1: 1.9844439029693604, loss 2: 0.0011235639685764909
client running:13/16, client loss: 2.056353807449341, loss 1: 1.9766974449157715, loss 2: 0.0007965632830746472
client running:14/16, client loss: 2.095351219177246, loss 1: 1.9781018495559692, loss 2: 0.001172493677586317
client running:15/16, client loss: 2.1011245250701904, loss 1: 1.9884237051010132, loss 2: 0.0011270086979493499
server loss: tensor([[0.8670, 0.7676, 0.7881, 0.7329, 0.7257, 0.8137, 0.7692, 0.7111],
        [0.7617, 0.8732, 0.7567, 0.7532, 0.7527, 0.7843, 0.7614, 0.7364],
        [0.8086, 0.7227, 0.9046, 0.7018, 0.7157, 0.7905, 0.8128, 0.7116],
        [0.7170, 0.6961, 0.7412, 0.8412, 0.7401, 0.7634, 0.7410, 0.7636],
        [0.7166, 0.6937, 0.7348, 0.7898, 0.9276, 0.7614, 0.7347, 0.7440],
        [0.7738, 0.7065, 0.7456, 0.7406, 0.7706, 0.8523, 0.7788, 0.7185],
        [0.7799, 0.7213, 0.7654, 0.7210, 0.7272, 0.7967, 0.8824, 0.7186],
        [0.7335, 0.6885, 0.7287, 0.7920, 0.7350, 0.7433, 0.7280, 0.8873]],
       device='cuda:0')
client running:0/50, client loss: 2.058204174041748, loss 1: 1.9870929718017578, loss 2: 0.0007111115264706314
client running:1/50, client loss: 2.019798517227173, loss 1: 1.963582992553711, loss 2: 0.0005621546879410744
client running:2/50, client loss: 2.0449299812316895, loss 1: 1.9769372940063477, loss 2: 0.0006799272960051894
client running:3/50, client loss: 2.040933609008789, loss 1: 1.9685264825820923, loss 2: 0.0007240721024572849
client running:4/50, client loss: 2.0411410331726074, loss 1: 1.978111982345581, loss 2: 0.0006302909459918737
client running:5/50, client loss: 2.065761089324951, loss 1: 1.9923655986785889, loss 2: 0.0007339557632803917
client running:6/50, client loss: 2.08866286277771, loss 1: 1.990168809890747, loss 2: 0.0009849397465586662
client running:7/50, client loss: 2.059215784072876, loss 1: 1.9759670495986938, loss 2: 0.0008324874797835946
client running:8/50, client loss: 2.0475282669067383, loss 1: 1.968271255493164, loss 2: 0.0007925692480057478
client running:9/50, client loss: 2.0702929496765137, loss 1: 1.9991726875305176, loss 2: 0.0007112028542906046
client running:10/50, client loss: 2.0473785400390625, loss 1: 1.9815731048583984, loss 2: 0.0006580542540177703
client running:11/50, client loss: 2.0448179244995117, loss 1: 1.9944007396697998, loss 2: 0.0005041719414293766
client running:12/50, client loss: 2.0413103103637695, loss 1: 1.9750033617019653, loss 2: 0.0006630683783441782
client running:13/50, client loss: 2.0677490234375, loss 1: 1.9885494709014893, loss 2: 0.0007919950294308364
client running:14/50, client loss: 2.055004119873047, loss 1: 1.9915779829025269, loss 2: 0.0006342603592202067
client running:15/50, client loss: 2.030630588531494, loss 1: 1.9648927450180054, loss 2: 0.0006573796272277832
client running:16/50, client loss: 2.044776201248169, loss 1: 1.9725368022918701, loss 2: 0.0007223950233310461
client running:17/50, client loss: 2.052802324295044, loss 1: 1.9937753677368164, loss 2: 0.0005902705015614629
client running:18/50, client loss: 2.0516197681427, loss 1: 1.9815555810928345, loss 2: 0.0007006429368630052
client running:19/50, client loss: 2.0611133575439453, loss 1: 1.994793176651001, loss 2: 0.0006632008589804173
client running:20/50, client loss: 2.0350444316864014, loss 1: 1.9829081296920776, loss 2: 0.0005213632830418646
client running:21/50, client loss: 2.074751853942871, loss 1: 1.9794042110443115, loss 2: 0.0009534753626212478
client running:22/50, client loss: 2.0481603145599365, loss 1: 1.9730861186981201, loss 2: 0.000750742619857192
client running:23/50, client loss: 2.0664987564086914, loss 1: 1.96600341796875, loss 2: 0.0010049522388726473
client running:24/50, client loss: 2.0371718406677246, loss 1: 1.9703938961029053, loss 2: 0.0006677799392491579
client running:25/50, client loss: 2.043570041656494, loss 1: 1.9667150974273682, loss 2: 0.0007685482851229608
client running:26/50, client loss: 2.058764934539795, loss 1: 1.9799799919128418, loss 2: 0.0007878482574597001
client running:27/50, client loss: 2.0709221363067627, loss 1: 1.9821285009384155, loss 2: 0.0008879361557774246
client running:28/50, client loss: 2.0267252922058105, loss 1: 1.9693739414215088, loss 2: 0.0005735129816457629
client running:29/50, client loss: 2.071335792541504, loss 1: 1.9827576875686646, loss 2: 0.0008857819484546781
client running:30/50, client loss: 2.0474863052368164, loss 1: 1.9775844812393188, loss 2: 0.000699018535669893
client running:31/50, client loss: 2.0273635387420654, loss 1: 1.9784224033355713, loss 2: 0.0004894104786217213
client running:32/50, client loss: 2.0841948986053467, loss 1: 2.000764846801758, loss 2: 0.0008343006484210491
client running:33/50, client loss: 2.0525360107421875, loss 1: 1.9821715354919434, loss 2: 0.000703644473105669
client running:34/50, client loss: 2.0333900451660156, loss 1: 1.9711220264434814, loss 2: 0.0006226809928193688
client running:35/50, client loss: 2.0471367835998535, loss 1: 1.9889602661132812, loss 2: 0.0005817662458866835
client running:36/50, client loss: 2.0676987171173096, loss 1: 1.996706485748291, loss 2: 0.0007099232170730829
client running:37/50, client loss: 2.0482561588287354, loss 1: 1.982640027999878, loss 2: 0.0006561611080542207
client running:38/50, client loss: 2.054633378982544, loss 1: 1.9725993871688843, loss 2: 0.0008203407051041722
client running:39/50, client loss: 2.034554958343506, loss 1: 1.9791107177734375, loss 2: 0.0005544415325857699
client running:40/50, client loss: 2.0700888633728027, loss 1: 1.9761263132095337, loss 2: 0.0009396244422532618
client running:41/50, client loss: 2.04152512550354, loss 1: 1.9856278896331787, loss 2: 0.0005589732900261879
client running:42/50, client loss: 2.061657428741455, loss 1: 1.985147476196289, loss 2: 0.0007650997722521424
client running:43/50, client loss: 2.065804958343506, loss 1: 1.9817956686019897, loss 2: 0.0008400928345508873
client running:44/50, client loss: 2.047088861465454, loss 1: 1.9706125259399414, loss 2: 0.0007647631573490798
client running:45/50, client loss: 2.0485103130340576, loss 1: 1.9903631210327148, loss 2: 0.0005814725300297141
client running:46/50, client loss: 2.0473644733428955, loss 1: 1.9865031242370605, loss 2: 0.0006086133071221411
client running:47/50, client loss: 2.0326783657073975, loss 1: 1.972430944442749, loss 2: 0.0006024744361639023
client running:48/50, client loss: 2.050969362258911, loss 1: 1.9878342151641846, loss 2: 0.0006313507910817862
client running:49/50, client loss: 2.050938129425049, loss 1: 1.9805207252502441, loss 2: 0.0007041736971586943
server loss: tensor([[0.8490, 0.7363, 0.7115, 0.6710, 0.7177, 0.7360, 0.6640, 0.7056],
        [0.7119, 0.9170, 0.6974, 0.7395, 0.7453, 0.7618, 0.7602, 0.7340],
        [0.7692, 0.7505, 0.8861, 0.7317, 0.7583, 0.7367, 0.7199, 0.7454],
        [0.7501, 0.7718, 0.7166, 0.8821, 0.7741, 0.7699, 0.7382, 0.8869],
        [0.7525, 0.7724, 0.7395, 0.7534, 0.8838, 0.7562, 0.7332, 0.7441],
        [0.6985, 0.7774, 0.6820, 0.7291, 0.7048, 0.8432, 0.7096, 0.7340],
        [0.7295, 0.8038, 0.7121, 0.7471, 0.7660, 0.7549, 0.9300, 0.7452],
        [0.7501, 0.7718, 0.7166, 0.8821, 0.7741, 0.7699, 0.7382, 0.8869]],
       device='cuda:0')
server average tensor
client running:0/11, client loss: 2.0660760402679443, loss 1: 1.9722156524658203, loss 2: 0.0009386040037497878
client running:1/11, client loss: 2.064893960952759, loss 1: 1.9774106740951538, loss 2: 0.0008748338441364467
client running:2/11, client loss: 2.0797576904296875, loss 1: 1.9914716482162476, loss 2: 0.0008828602731227875
client running:3/11, client loss: 2.100037097930908, loss 1: 1.989574670791626, loss 2: 0.0011046250583603978
client running:4/11, client loss: 2.067248582839966, loss 1: 1.993963599205017, loss 2: 0.0007328487699851394
client running:5/11, client loss: 2.0400617122650146, loss 1: 1.9759886264801025, loss 2: 0.000640729907900095
client running:6/11, client loss: 2.101269483566284, loss 1: 1.9707413911819458, loss 2: 0.0013052804861217737
client running:7/11, client loss: 2.0939340591430664, loss 1: 1.992438554763794, loss 2: 0.0010149551089853048
client running:8/11, client loss: 2.061352014541626, loss 1: 1.9635906219482422, loss 2: 0.0009776147780939937
client running:9/11, client loss: 2.0759780406951904, loss 1: 1.9970223903656006, loss 2: 0.0007895558956079185
client running:10/11, client loss: 2.0931334495544434, loss 1: 1.995997428894043, loss 2: 0.0009713608305901289
server loss: tensor([[0.9111, 0.7826, 0.7358, 0.7745, 0.7427, 0.7480, 0.7555, 0.7346],
        [0.7487, 0.8259, 0.7505, 0.7750, 0.7373, 0.7628, 0.7750, 0.7529],
        [0.7780, 0.7738, 0.8807, 0.7682, 0.7435, 0.7903, 0.7685, 0.7521],
        [0.7737, 0.7625, 0.7823, 0.9106, 0.7499, 0.7999, 0.7590, 0.7183],
        [0.7283, 0.7138, 0.6994, 0.7666, 0.9433, 0.7481, 0.7255, 0.6987],
        [0.7606, 0.7843, 0.8053, 0.8194, 0.7436, 0.8613, 0.7664, 0.7400],
        [0.7383, 0.8027, 0.7470, 0.7322, 0.7028, 0.7214, 0.9074, 0.7542],
        [0.7499, 0.8241, 0.7573, 0.7796, 0.7299, 0.7591, 0.8138, 0.8206]],
       device='cuda:0')
client running:0/16, client loss: 2.089508533477783, loss 1: 1.984704852104187, loss 2: 0.0010480373166501522
client running:1/16, client loss: 2.088846206665039, loss 1: 1.971268653869629, loss 2: 0.001175774377770722
client running:2/16, client loss: 2.0778863430023193, loss 1: 1.9887250661849976, loss 2: 0.0008916136575862765
client running:3/16, client loss: 2.0651638507843018, loss 1: 1.9809292554855347, loss 2: 0.0008423469262197614
client running:4/16, client loss: 2.0871105194091797, loss 1: 1.9720553159713745, loss 2: 0.0011505521833896637
client running:5/16, client loss: 2.0642716884613037, loss 1: 1.9952054023742676, loss 2: 0.0006906621856614947
client running:6/16, client loss: 2.058039665222168, loss 1: 1.970294713973999, loss 2: 0.0008774506859481335
client running:7/16, client loss: 2.09980845451355, loss 1: 1.9729712009429932, loss 2: 0.001268373103812337
client running:8/16, client loss: 2.066075325012207, loss 1: 1.9841747283935547, loss 2: 0.00081900495570153
client running:9/16, client loss: 2.0955772399902344, loss 1: 1.9853553771972656, loss 2: 0.0011022192193195224
client running:10/16, client loss: 2.0473499298095703, loss 1: 1.9835877418518066, loss 2: 0.0006376209785230458
client running:11/16, client loss: 2.066903829574585, loss 1: 1.9655005931854248, loss 2: 0.0010140332160517573
client running:12/16, client loss: 2.070528030395508, loss 1: 1.9747675657272339, loss 2: 0.0009576053125783801
client running:13/16, client loss: 2.0826404094696045, loss 1: 1.9839625358581543, loss 2: 0.0009867777116596699
client running:14/16, client loss: 2.084822416305542, loss 1: 2.0041987895965576, loss 2: 0.0008062351262196898
client running:15/16, client loss: 2.0740532875061035, loss 1: 1.9896117448806763, loss 2: 0.0008444155682809651
server loss: tensor([[0.8922, 0.7708, 0.7822, 0.7722, 0.7213, 0.6899, 0.7978, 0.7186],
        [0.8016, 0.9315, 0.6871, 0.7865, 0.7078, 0.7326, 0.8056, 0.7492],
        [0.8922, 0.7708, 0.7822, 0.7722, 0.7213, 0.6899, 0.7978, 0.7186],
        [0.7806, 0.7596, 0.6728, 0.9083, 0.7479, 0.6905, 0.7951, 0.7417],
        [0.7517, 0.7234, 0.6946, 0.7403, 0.9160, 0.7355, 0.7611, 0.7306],
        [0.7691, 0.7471, 0.6710, 0.6851, 0.7253, 0.8920, 0.7655, 0.8048],
        [0.8043, 0.7985, 0.7081, 0.7780, 0.7634, 0.7414, 0.8866, 0.7590],
        [0.8017, 0.7782, 0.6796, 0.7524, 0.7507, 0.7878, 0.7961, 0.8421]],
       device='cuda:0')
client running:0/22, client loss: 2.0884346961975098, loss 1: 1.9872446060180664, loss 2: 0.0010119001381099224
client running:1/22, client loss: 2.0781800746917725, loss 1: 1.9936368465423584, loss 2: 0.0008454325725324452
client running:2/22, client loss: 2.066767930984497, loss 1: 1.9778937101364136, loss 2: 0.0008887420408427715
client running:3/22, client loss: 2.071972131729126, loss 1: 1.976096749305725, loss 2: 0.0009587540989741683
client running:4/22, client loss: 2.0734026432037354, loss 1: 1.972463846206665, loss 2: 0.0010093870805576444
client running:5/22, client loss: 2.083183765411377, loss 1: 1.9810713529586792, loss 2: 0.0010211229091510177
client running:6/22, client loss: 2.0629396438598633, loss 1: 1.976802110671997, loss 2: 0.0008613753598183393
client running:7/22, client loss: 2.078181505203247, loss 1: 1.9777981042861938, loss 2: 0.001003834418952465
client running:8/22, client loss: 2.079055070877075, loss 1: 2.0228383541107178, loss 2: 0.0005621674936264753
client running:9/22, client loss: 2.0663387775421143, loss 1: 1.992497205734253, loss 2: 0.000738416681997478
client running:10/22, client loss: 2.0645830631256104, loss 1: 1.9818426370620728, loss 2: 0.0008274053689092398
client running:11/22, client loss: 2.0690815448760986, loss 1: 1.98189115524292, loss 2: 0.0008719046600162983
client running:12/22, client loss: 2.063185453414917, loss 1: 1.989282250404358, loss 2: 0.000739031471312046
client running:13/22, client loss: 2.0710442066192627, loss 1: 1.992643117904663, loss 2: 0.0007840108592063189
client running:14/22, client loss: 2.057424783706665, loss 1: 1.9869424104690552, loss 2: 0.0007048227707855403
client running:15/22, client loss: 2.065173625946045, loss 1: 1.981238842010498, loss 2: 0.0008393467869609594
client running:16/22, client loss: 2.051140069961548, loss 1: 1.9918155670166016, loss 2: 0.000593244971241802
client running:17/22, client loss: 2.066865921020508, loss 1: 1.967566728591919, loss 2: 0.000992991728708148
client running:18/22, client loss: 2.092752695083618, loss 1: 1.9912288188934326, loss 2: 0.0010152384638786316
client running:19/22, client loss: 2.078488349914551, loss 1: 1.9749685525894165, loss 2: 0.0010351971723139286
client running:20/22, client loss: 2.0854403972625732, loss 1: 1.9939675331115723, loss 2: 0.0009147279779426754
client running:21/22, client loss: 2.0771677494049072, loss 1: 2.002323865890503, loss 2: 0.0007484387024305761
server loss: tensor([[0.8918, 0.8185, 0.8115, 0.7734, 0.9143, 0.7282, 0.8001, 0.8014],
        [0.7588, 0.8699, 0.7552, 0.7458, 0.7578, 0.7718, 0.8000, 0.7184],
        [0.7709, 0.8213, 0.8986, 0.7213, 0.7603, 0.7011, 0.8034, 0.7345],
        [0.7569, 0.7418, 0.7340, 0.8452, 0.7605, 0.7001, 0.7433, 0.7398],
        [0.8918, 0.8185, 0.8115, 0.7734, 0.9143, 0.7282, 0.8001, 0.8014],
        [0.7366, 0.7241, 0.7083, 0.6877, 0.7268, 0.8097, 0.7308, 0.6980],
        [0.7561, 0.7861, 0.7604, 0.7865, 0.7557, 0.7212, 0.8975, 0.7277],
        [0.8041, 0.7491, 0.7758, 0.7494, 0.7998, 0.7335, 0.7572, 0.8422]],
       device='cuda:0')
client running:0/16, client loss: 2.090425729751587, loss 1: 1.9970189332962036, loss 2: 0.0009340689284726977
client running:1/16, client loss: 2.080077886581421, loss 1: 1.9752531051635742, loss 2: 0.0010482482612133026
client running:2/16, client loss: 2.1085989475250244, loss 1: 1.9867061376571655, loss 2: 0.0012189288390800357
client running:3/16, client loss: 2.0923054218292236, loss 1: 1.9684540033340454, loss 2: 0.0012385137379169464
client running:4/16, client loss: 2.081829309463501, loss 1: 1.9936487674713135, loss 2: 0.0008818056667223573
client running:5/16, client loss: 2.0805106163024902, loss 1: 1.9946471452713013, loss 2: 0.0008586356416344643
client running:6/16, client loss: 2.0885469913482666, loss 1: 1.9884682893753052, loss 2: 0.0010007878299802542
client running:7/16, client loss: 2.0691912174224854, loss 1: 1.9859540462493896, loss 2: 0.0008323710062541068
client running:8/16, client loss: 2.058856248855591, loss 1: 1.9627598524093628, loss 2: 0.0009609635453671217
client running:9/16, client loss: 2.074514150619507, loss 1: 1.9691134691238403, loss 2: 0.0010540058137848973
client running:10/16, client loss: 2.069819927215576, loss 1: 1.9843827486038208, loss 2: 0.0008543713483959436
client running:11/16, client loss: 2.0746257305145264, loss 1: 1.9889931678771973, loss 2: 0.000856324564665556
client running:12/16, client loss: 2.0804660320281982, loss 1: 1.9958351850509644, loss 2: 0.0008463090634904802
client running:13/16, client loss: 2.072736978530884, loss 1: 1.9768764972686768, loss 2: 0.0009586052037775517
client running:14/16, client loss: 2.0560715198516846, loss 1: 1.9794458150863647, loss 2: 0.0007662561256438494
client running:15/16, client loss: 2.0886473655700684, loss 1: 1.987151861190796, loss 2: 0.0010149560403078794
server loss: tensor([[0.8324, 0.7735, 0.6985, 0.7511, 0.7341, 0.7383, 0.7382, 0.7060],
        [0.7516, 0.8554, 0.7252, 0.7202, 0.9254, 0.7586, 0.7753, 0.7060],
        [0.7124, 0.6811, 0.8860, 0.6970, 0.7004, 0.7406, 0.7838, 0.7006],
        [0.7657, 0.7130, 0.6983, 0.8415, 0.7107, 0.7222, 0.7278, 0.6658],
        [0.7516, 0.8554, 0.7252, 0.7202, 0.9254, 0.7586, 0.7753, 0.7060],
        [0.7177, 0.6899, 0.7238, 0.6721, 0.7143, 0.8682, 0.7247, 0.7403],
        [0.7647, 0.7475, 0.7947, 0.7257, 0.7449, 0.7369, 0.8850, 0.6997],
        [0.7181, 0.7079, 0.7555, 0.6841, 0.7249, 0.8020, 0.7252, 0.8023]],
       device='cuda:0')
client running:0/50, client loss: 2.044893264770508, loss 1: 1.986628532409668, loss 2: 0.0005826475098729134
client running:1/50, client loss: 2.056304931640625, loss 1: 1.9735382795333862, loss 2: 0.000827667536213994
client running:2/50, client loss: 2.0622379779815674, loss 1: 1.9746546745300293, loss 2: 0.0008758328622207046
client running:3/50, client loss: 2.0572011470794678, loss 1: 1.989404559135437, loss 2: 0.0006779657560400665
client running:4/50, client loss: 2.051358938217163, loss 1: 1.9815762042999268, loss 2: 0.0006978265009820461
client running:5/50, client loss: 2.0395610332489014, loss 1: 1.9946997165679932, loss 2: 0.00044861226342618465
client running:6/50, client loss: 2.076460361480713, loss 1: 1.987927794456482, loss 2: 0.0008853253675624728
client running:7/50, client loss: 2.054717779159546, loss 1: 1.9833881855010986, loss 2: 0.0007132957107387483
client running:8/50, client loss: 2.0192782878875732, loss 1: 1.9607722759246826, loss 2: 0.0005850589950568974
client running:9/50, client loss: 2.0283846855163574, loss 1: 1.9668644666671753, loss 2: 0.0006152010755613446
client running:10/50, client loss: 2.0459580421447754, loss 1: 1.9600015878677368, loss 2: 0.0008595644612796605
client running:11/50, client loss: 2.054405689239502, loss 1: 1.9909511804580688, loss 2: 0.0006345453439280391
client running:12/50, client loss: 2.0311732292175293, loss 1: 1.9808738231658936, loss 2: 0.0005029934109188616
client running:13/50, client loss: 2.061002016067505, loss 1: 1.9871642589569092, loss 2: 0.0007383773918263614
client running:14/50, client loss: 2.0192935466766357, loss 1: 1.9782277345657349, loss 2: 0.00041065883124247193
client running:15/50, client loss: 2.0422418117523193, loss 1: 1.9716222286224365, loss 2: 0.0007061967626214027
client running:16/50, client loss: 2.014914035797119, loss 1: 1.970595359802246, loss 2: 0.0004431877168826759
client running:17/50, client loss: 2.0427334308624268, loss 1: 1.9836124181747437, loss 2: 0.000591209449339658
client running:18/50, client loss: 2.0517051219940186, loss 1: 1.9991252422332764, loss 2: 0.0005257985321804881
client running:19/50, client loss: 2.0216753482818604, loss 1: 1.9713385105133057, loss 2: 0.0005033692577853799
client running:20/50, client loss: 2.0632057189941406, loss 1: 1.985779881477356, loss 2: 0.0007742595626041293
client running:21/50, client loss: 2.0411183834075928, loss 1: 1.982033371925354, loss 2: 0.0005908493185415864
client running:22/50, client loss: 2.0788962841033936, loss 1: 1.9905345439910889, loss 2: 0.0008836167980916798
client running:23/50, client loss: 2.054286241531372, loss 1: 1.978070855140686, loss 2: 0.0007621549302712083
client running:24/50, client loss: 2.086442232131958, loss 1: 1.9762271642684937, loss 2: 0.0011021499522030354
client running:25/50, client loss: 2.0483553409576416, loss 1: 1.9750027656555176, loss 2: 0.0007335268892347813
client running:26/50, client loss: 2.057910442352295, loss 1: 1.9938645362854004, loss 2: 0.0006404591258615255
client running:27/50, client loss: 2.0518598556518555, loss 1: 1.986778736114502, loss 2: 0.0006508115911856294
client running:28/50, client loss: 2.073387861251831, loss 1: 1.9821395874023438, loss 2: 0.0009124818025156856
client running:29/50, client loss: 2.060706853866577, loss 1: 1.9801005125045776, loss 2: 0.0008060631807893515
client running:30/50, client loss: 2.0534517765045166, loss 1: 1.984732747077942, loss 2: 0.0006871895166113973
client running:31/50, client loss: 2.0693726539611816, loss 1: 1.9984246492385864, loss 2: 0.0007094796164892614
client running:32/50, client loss: 2.049414873123169, loss 1: 1.9654836654663086, loss 2: 0.0008393129683099687
client running:33/50, client loss: 2.0455753803253174, loss 1: 1.9901854991912842, loss 2: 0.0005538976984098554
client running:34/50, client loss: 2.0756332874298096, loss 1: 1.9930191040039062, loss 2: 0.0008261414477601647
client running:35/50, client loss: 2.041008472442627, loss 1: 1.9793345928192139, loss 2: 0.0006167383398860693
client running:36/50, client loss: 2.036837577819824, loss 1: 1.9731690883636475, loss 2: 0.0006366844172589481
client running:37/50, client loss: 2.058084011077881, loss 1: 1.9902667999267578, loss 2: 0.000678171229083091
client running:38/50, client loss: 2.053088426589966, loss 1: 1.9767032861709595, loss 2: 0.0007638518582098186
client running:39/50, client loss: 2.041753053665161, loss 1: 1.979454755783081, loss 2: 0.000622983556240797
client running:40/50, client loss: 2.041348934173584, loss 1: 1.9840213060379028, loss 2: 0.0005732763092964888
client running:41/50, client loss: 2.050985813140869, loss 1: 1.959678053855896, loss 2: 0.0009130779071711004
client running:42/50, client loss: 2.076808214187622, loss 1: 1.9881681203842163, loss 2: 0.0008863998227752745
client running:43/50, client loss: 2.057753324508667, loss 1: 1.9838849306106567, loss 2: 0.0007386836223304272
client running:44/50, client loss: 2.0440680980682373, loss 1: 1.9789739847183228, loss 2: 0.000650941685307771
client running:45/50, client loss: 2.053006410598755, loss 1: 1.9825700521469116, loss 2: 0.0007043633377179503
client running:46/50, client loss: 2.0524840354919434, loss 1: 1.9803236722946167, loss 2: 0.0007216039812192321
client running:47/50, client loss: 2.0359668731689453, loss 1: 1.9968987703323364, loss 2: 0.00039068167097866535
client running:48/50, client loss: 2.038827419281006, loss 1: 1.9851224422454834, loss 2: 0.0005370489088818431
client running:49/50, client loss: 2.041395425796509, loss 1: 1.9854933023452759, loss 2: 0.0005590219516307116
server loss: tensor([[0.8919, 0.7359, 0.7513, 0.7752, 0.7809, 0.7564, 0.7532, 0.7306],
        [0.7239, 0.9077, 0.7644, 0.7253, 0.7302, 0.7390, 0.6658, 0.6963],
        [0.7437, 0.8166, 0.8175, 0.7375, 0.7960, 0.7394, 0.7057, 0.7278],
        [0.8082, 0.7450, 0.7028, 0.8830, 0.7988, 0.7981, 0.7735, 0.7289],
        [0.7361, 0.7075, 0.7200, 0.7421, 0.8710, 0.7339, 0.7188, 0.6967],
        [0.7425, 0.7509, 0.7108, 0.7815, 0.7340, 0.8971, 0.7238, 0.7239],
        [0.7973, 0.7191, 0.6965, 0.7946, 0.7845, 0.7363, 0.9281, 0.7719],
        [0.7932, 0.7590, 0.7550, 0.7771, 0.8051, 0.7466, 0.8163, 0.8330]],
       device='cuda:0')
server average tensor
client running:0/11, client loss: 2.0690269470214844, loss 1: 1.9810339212417603, loss 2: 0.0008799310307949781
client running:1/11, client loss: 2.0541796684265137, loss 1: 1.9772573709487915, loss 2: 0.0007692235521972179
client running:2/11, client loss: 2.052579879760742, loss 1: 1.9653568267822266, loss 2: 0.0008722294587641954
client running:3/11, client loss: 2.0883829593658447, loss 1: 1.9760431051254272, loss 2: 0.0011233990080654621
client running:4/11, client loss: 2.0838088989257812, loss 1: 1.970308780670166, loss 2: 0.0011350017739459872
client running:5/11, client loss: 2.061023473739624, loss 1: 1.9820201396942139, loss 2: 0.000790033140219748
client running:6/11, client loss: 2.10491943359375, loss 1: 1.9936647415161133, loss 2: 0.001112546306103468
client running:7/11, client loss: 2.0496957302093506, loss 1: 1.983545184135437, loss 2: 0.0006615064339712262
client running:8/11, client loss: 2.070671796798706, loss 1: 1.9797114133834839, loss 2: 0.0009096048306673765
client running:9/11, client loss: 2.0793910026550293, loss 1: 1.9983305931091309, loss 2: 0.0008106032619252801
client running:10/11, client loss: 2.0632660388946533, loss 1: 1.9999134540557861, loss 2: 0.0006335263606160879
server loss: tensor([[0.8256, 0.7861, 0.7466, 0.7656, 0.7756, 0.7853, 0.7461, 0.7203],
        [0.7773, 0.8669, 0.7913, 0.7922, 0.7899, 0.7282, 0.7727, 0.7039],
        [0.7672, 0.8064, 0.8570, 0.7980, 0.8089, 0.7462, 0.7725, 0.7397],
        [0.8242, 0.8058, 0.7869, 0.8821, 0.9234, 0.7624, 0.7907, 0.7351],
        [0.8242, 0.8058, 0.7869, 0.8821, 0.9234, 0.7624, 0.7907, 0.7351],
        [0.7092, 0.6968, 0.7439, 0.6980, 0.7407, 0.8431, 0.7172, 0.7992],
        [0.7802, 0.7950, 0.7752, 0.7715, 0.8025, 0.7704, 0.9699, 0.7446],
        [0.7242, 0.7149, 0.7542, 0.7244, 0.7420, 0.8158, 0.7387, 0.8855]],
       device='cuda:0')
client running:0/16, client loss: 2.0689821243286133, loss 1: 1.9861454963684082, loss 2: 0.0008283661445602775
client running:1/16, client loss: 2.051527261734009, loss 1: 1.9746427536010742, loss 2: 0.0007688443292863667
client running:2/16, client loss: 2.092365026473999, loss 1: 1.9822769165039062, loss 2: 0.0011008807923644781
client running:3/16, client loss: 2.0722527503967285, loss 1: 1.9917099475860596, loss 2: 0.0008054274367168546
client running:4/16, client loss: 2.0900821685791016, loss 1: 1.9742276668548584, loss 2: 0.0011585460742935538
client running:5/16, client loss: 2.0606601238250732, loss 1: 1.9777458906173706, loss 2: 0.0008291426347568631
client running:6/16, client loss: 2.0837478637695312, loss 1: 1.9737650156021118, loss 2: 0.0010998273501172662
client running:7/16, client loss: 2.0614750385284424, loss 1: 1.9899243116378784, loss 2: 0.0007155073690228164
client running:8/16, client loss: 2.090423583984375, loss 1: 1.9826536178588867, loss 2: 0.001077700057066977
client running:9/16, client loss: 2.071244716644287, loss 1: 1.989694595336914, loss 2: 0.0008155000978149474
client running:10/16, client loss: 2.0840489864349365, loss 1: 1.9880951642990112, loss 2: 0.000959539320319891
client running:11/16, client loss: 2.067335605621338, loss 1: 1.9771156311035156, loss 2: 0.0009022000594995916
client running:12/16, client loss: 2.054842948913574, loss 1: 1.9772088527679443, loss 2: 0.0007763408357277513
client running:13/16, client loss: 2.0603199005126953, loss 1: 1.9756417274475098, loss 2: 0.0008467815350741148
client running:14/16, client loss: 2.0517067909240723, loss 1: 1.9595904350280762, loss 2: 0.0009211627184413373
client running:15/16, client loss: 2.0444445610046387, loss 1: 1.979590654373169, loss 2: 0.0006485392805188894
server loss: tensor([[0.8977, 0.6997, 0.7650, 0.8103, 0.7931, 0.7750, 0.7814, 0.7924],
        [0.7096, 0.9164, 0.7247, 0.7396, 0.7291, 0.7486, 0.7185, 0.7306],
        [0.7488, 0.7058, 0.8989, 0.7536, 0.7583, 0.7524, 0.7819, 0.7523],
        [0.7889, 0.7510, 0.7644, 0.9077, 0.7803, 0.7687, 0.7862, 0.8076],
        [0.7357, 0.7409, 0.7504, 0.7755, 0.9193, 0.7910, 0.7489, 0.7771],
        [0.7327, 0.7633, 0.7462, 0.7837, 0.7785, 0.8995, 0.7382, 0.7545],
        [0.7966, 0.7243, 0.7731, 0.8285, 0.7784, 0.7564, 0.8847, 0.7623],
        [0.7713, 0.7303, 0.7455, 0.7916, 0.7956, 0.7775, 0.7427, 0.9172]],
       device='cuda:0')
client running:0/22, client loss: 2.0519046783447266, loss 1: 1.9941015243530273, loss 2: 0.0005780323408544064
client running:1/22, client loss: 2.073064088821411, loss 1: 1.9877139329910278, loss 2: 0.0008535009692423046
client running:2/22, client loss: 2.0817761421203613, loss 1: 1.986924171447754, loss 2: 0.0009485195623710752
client running:3/22, client loss: 2.0989527702331543, loss 1: 2.0063865184783936, loss 2: 0.0009256626944988966
client running:4/22, client loss: 2.092353343963623, loss 1: 1.9845103025436401, loss 2: 0.0010784296318888664
client running:5/22, client loss: 2.0556535720825195, loss 1: 1.9620165824890137, loss 2: 0.000936369295231998
client running:6/22, client loss: 2.0573673248291016, loss 1: 1.992780089378357, loss 2: 0.0006458727875724435
client running:7/22, client loss: 2.062302827835083, loss 1: 1.9711412191390991, loss 2: 0.0009116156143136322
client running:8/22, client loss: 2.057576894760132, loss 1: 1.9856321811676025, loss 2: 0.000719446805305779
client running:9/22, client loss: 2.0511646270751953, loss 1: 1.9699280261993408, loss 2: 0.0008123661391437054
client running:10/22, client loss: 2.0690250396728516, loss 1: 1.9942517280578613, loss 2: 0.0007477336330339313
client running:11/22, client loss: 2.061795711517334, loss 1: 1.9916597604751587, loss 2: 0.0007013602880761027
client running:12/22, client loss: 2.069658041000366, loss 1: 1.9704645872116089, loss 2: 0.0009919353760778904
client running:13/22, client loss: 2.077688455581665, loss 1: 1.9730876684188843, loss 2: 0.0010460072662681341
client running:14/22, client loss: 2.060072422027588, loss 1: 1.9885374307632446, loss 2: 0.0007153500337153673
client running:15/22, client loss: 2.0677151679992676, loss 1: 1.9781968593597412, loss 2: 0.0008951839408837259
client running:16/22, client loss: 2.114788293838501, loss 1: 2.02303147315979, loss 2: 0.0009175691520795226
client running:17/22, client loss: 2.088311195373535, loss 1: 2.0080809593200684, loss 2: 0.0008023016853258014
client running:18/22, client loss: 2.0696589946746826, loss 1: 1.9910874366760254, loss 2: 0.0007857148884795606
client running:19/22, client loss: 2.0760130882263184, loss 1: 1.9813414812088013, loss 2: 0.0009467162890359759
client running:20/22, client loss: 2.0555667877197266, loss 1: 1.9839807748794556, loss 2: 0.0007158599328249693
client running:21/22, client loss: 2.0675508975982666, loss 1: 1.9961326122283936, loss 2: 0.0007141836686059833
server loss: tensor([[0.8470, 0.8032, 0.7739, 0.7562, 0.7698, 0.8040, 0.7883, 0.7478],
        [0.7718, 0.9394, 0.7594, 0.7256, 0.6976, 0.7852, 0.7647, 0.7550],
        [0.7526, 0.7407, 0.9471, 0.7492, 0.7585, 0.7355, 0.7288, 0.7558],
        [0.7617, 0.7506, 0.7359, 0.9203, 0.8533, 0.7524, 0.7284, 0.7139],
        [0.7617, 0.7506, 0.7359, 0.9203, 0.8533, 0.7524, 0.7284, 0.7139],
        [0.7704, 0.7932, 0.7357, 0.7848, 0.7703, 0.8534, 0.7754, 0.7228],
        [0.7848, 0.7926, 0.7291, 0.7176, 0.7194, 0.7909, 0.8182, 0.7079],
        [0.7490, 0.8052, 0.7730, 0.7330, 0.7154, 0.7516, 0.7361, 0.8593]],
       device='cuda:0')
client running:0/16, client loss: 2.0945217609405518, loss 1: 1.986602783203125, loss 2: 0.0010791904060170054
client running:1/16, client loss: 2.073474168777466, loss 1: 1.981663465499878, loss 2: 0.0009181062923744321
client running:2/16, client loss: 2.0741400718688965, loss 1: 1.9785822629928589, loss 2: 0.000955577997956425
client running:3/16, client loss: 2.0713140964508057, loss 1: 1.980845332145691, loss 2: 0.0009046877967193723
client running:4/16, client loss: 2.057813882827759, loss 1: 1.9630500078201294, loss 2: 0.0009476382401771843
client running:5/16, client loss: 2.0739338397979736, loss 1: 2.0027883052825928, loss 2: 0.0007114557083696127
client running:6/16, client loss: 2.082501173019409, loss 1: 1.9802581071853638, loss 2: 0.0010224308352917433
client running:7/16, client loss: 2.0709068775177, loss 1: 1.971376657485962, loss 2: 0.0009953025728464127
client running:8/16, client loss: 2.0829389095306396, loss 1: 2.0023679733276367, loss 2: 0.0008057094528339803
client running:9/16, client loss: 2.072462797164917, loss 1: 1.981229305267334, loss 2: 0.0009123357012867928
client running:10/16, client loss: 2.0771470069885254, loss 1: 2.0009357929229736, loss 2: 0.0007621130789630115
client running:11/16, client loss: 2.0860280990600586, loss 1: 1.994135856628418, loss 2: 0.000918922945857048
client running:12/16, client loss: 2.06217885017395, loss 1: 1.9775310754776, loss 2: 0.0008464786224067211
client running:13/16, client loss: 2.060966968536377, loss 1: 1.9693089723587036, loss 2: 0.0009165792725980282
client running:14/16, client loss: 2.0685603618621826, loss 1: 1.9922609329223633, loss 2: 0.0007629948668181896
client running:15/16, client loss: 2.0604336261749268, loss 1: 1.9934945106506348, loss 2: 0.0006693904288113117
server loss: tensor([[0.9108, 0.7334, 0.7196, 0.7471, 0.8003, 0.7642, 0.7566, 0.7352],
        [0.7068, 0.9213, 0.7719, 0.7997, 0.7511, 0.7358, 0.7190, 0.6964],
        [0.7472, 0.7703, 0.9248, 0.8523, 0.7675, 0.7879, 0.8045, 0.7141],
        [0.7502, 0.7552, 0.8832, 0.9262, 0.7745, 0.7644, 0.7688, 0.6958],
        [0.7996, 0.7517, 0.7525, 0.7591, 0.8485, 0.7649, 0.8028, 0.7300],
        [0.7567, 0.7438, 0.7346, 0.7514, 0.7809, 0.8088, 0.7814, 0.7710],
        [0.7626, 0.7201, 0.7644, 0.7918, 0.7694, 0.8062, 0.8567, 0.7451],
        [0.6996, 0.7093, 0.7242, 0.7303, 0.7470, 0.7264, 0.7536, 0.8510]],
       device='cuda:0')
client running:0/50, client loss: 2.070129871368408, loss 1: 1.9769070148468018, loss 2: 0.0009322286350652575
client running:1/50, client loss: 2.056978702545166, loss 1: 1.9839431047439575, loss 2: 0.0007303571910597384
client running:2/50, client loss: 2.066793203353882, loss 1: 1.9827733039855957, loss 2: 0.0008401981904171407
client running:3/50, client loss: 2.038851022720337, loss 1: 1.9950037002563477, loss 2: 0.0004384741769172251
client running:4/50, client loss: 2.033371925354004, loss 1: 1.9838056564331055, loss 2: 0.0004956625052727759
client running:5/50, client loss: 2.0415306091308594, loss 1: 1.9872534275054932, loss 2: 0.0005427707219496369
client running:6/50, client loss: 2.0241048336029053, loss 1: 1.9625465869903564, loss 2: 0.000615581520833075
client running:7/50, client loss: 2.0521750450134277, loss 1: 1.9746006727218628, loss 2: 0.0007757446728646755
client running:8/50, client loss: 2.0695343017578125, loss 1: 1.9895904064178467, loss 2: 0.0007994391489773989
client running:9/50, client loss: 2.039194107055664, loss 1: 1.9744518995285034, loss 2: 0.0006474223919212818
client running:10/50, client loss: 2.0473060607910156, loss 1: 1.9776068925857544, loss 2: 0.0006969912210479379
client running:11/50, client loss: 2.0504019260406494, loss 1: 1.968552827835083, loss 2: 0.000818491680547595
client running:12/50, client loss: 2.0350687503814697, loss 1: 1.9674010276794434, loss 2: 0.0006766761071048677
client running:13/50, client loss: 2.0606441497802734, loss 1: 1.9902329444885254, loss 2: 0.000704112695530057
client running:14/50, client loss: 2.0589540004730225, loss 1: 1.9896126985549927, loss 2: 0.0006934123812243342
client running:15/50, client loss: 2.038114070892334, loss 1: 1.9766526222229004, loss 2: 0.0006146150408312678
client running:16/50, client loss: 2.013378381729126, loss 1: 1.9555611610412598, loss 2: 0.0005781722720712423
client running:17/50, client loss: 2.029111623764038, loss 1: 1.9468713998794556, loss 2: 0.0008224028861150146
client running:18/50, client loss: 2.0587120056152344, loss 1: 1.9831513166427612, loss 2: 0.0007556070922873914
client running:19/50, client loss: 2.0690054893493652, loss 1: 1.9964128732681274, loss 2: 0.0007259268313646317
client running:20/50, client loss: 2.0581769943237305, loss 1: 1.982106328010559, loss 2: 0.0007607064326293766
client running:21/50, client loss: 2.0391321182250977, loss 1: 1.9703774452209473, loss 2: 0.0006875477265566587
client running:22/50, client loss: 2.039747953414917, loss 1: 1.9898103475570679, loss 2: 0.0004993755137547851
client running:23/50, client loss: 2.067898750305176, loss 1: 1.9798752069473267, loss 2: 0.000880235165823251
client running:24/50, client loss: 2.0510458946228027, loss 1: 1.975603699684143, loss 2: 0.0007544216932728887
client running:25/50, client loss: 2.0434131622314453, loss 1: 1.9564979076385498, loss 2: 0.0008691530674695969
client running:26/50, client loss: 2.0355746746063232, loss 1: 1.9688746929168701, loss 2: 0.0006669994909316301
client running:27/50, client loss: 2.0318071842193604, loss 1: 1.9580117464065552, loss 2: 0.0007379546295851469
client running:28/50, client loss: 2.043403387069702, loss 1: 1.983452320098877, loss 2: 0.0005995110841467977
client running:29/50, client loss: 2.0625641345977783, loss 1: 1.9935722351074219, loss 2: 0.0006899192230775952
client running:30/50, client loss: 2.046168804168701, loss 1: 1.996781587600708, loss 2: 0.0004938720376230776
client running:31/50, client loss: 2.0357460975646973, loss 1: 1.9702816009521484, loss 2: 0.0006546452641487122
client running:32/50, client loss: 2.049888849258423, loss 1: 1.973349690437317, loss 2: 0.0007653917418792844
client running:33/50, client loss: 2.037808895111084, loss 1: 1.9853394031524658, loss 2: 0.0005246950313448906
client running:34/50, client loss: 2.0409247875213623, loss 1: 1.9816129207611084, loss 2: 0.0005931176128797233
client running:35/50, client loss: 2.0385682582855225, loss 1: 1.9929324388504028, loss 2: 0.0004563572583720088
client running:36/50, client loss: 2.0410120487213135, loss 1: 1.9714220762252808, loss 2: 0.0006958999438211322
client running:37/50, client loss: 2.0559141635894775, loss 1: 2.011300802230835, loss 2: 0.00044613477075472474
client running:38/50, client loss: 2.03814435005188, loss 1: 1.9568324089050293, loss 2: 0.0008131189970299602
client running:39/50, client loss: 2.0293095111846924, loss 1: 1.9790726900100708, loss 2: 0.0005023670964874327
client running:40/50, client loss: 2.0748140811920166, loss 1: 1.9795081615447998, loss 2: 0.0009530585957691073
client running:41/50, client loss: 2.059487819671631, loss 1: 1.978206992149353, loss 2: 0.0008128088666126132
client running:42/50, client loss: 2.0657265186309814, loss 1: 1.9843157529830933, loss 2: 0.0008141067810356617
client running:43/50, client loss: 2.0437369346618652, loss 1: 1.9760158061981201, loss 2: 0.0006772104534320533
client running:44/50, client loss: 2.044039487838745, loss 1: 1.9779229164123535, loss 2: 0.0006611660355702043
client running:45/50, client loss: 2.069631338119507, loss 1: 2.003443479537964, loss 2: 0.0006618786719627678
client running:46/50, client loss: 2.058579683303833, loss 1: 2.0067696571350098, loss 2: 0.0005181006854400039
client running:47/50, client loss: 2.0455870628356934, loss 1: 1.9738905429840088, loss 2: 0.0007169643067754805
client running:48/50, client loss: 2.0634939670562744, loss 1: 1.995492696762085, loss 2: 0.0006800123956054449
client running:49/50, client loss: 2.072901964187622, loss 1: 2.0072708129882812, loss 2: 0.0006563112256117165
server loss: tensor([[0.8361, 0.7827, 0.7824, 0.7782, 0.7923, 0.7646, 0.7603, 0.7681],
        [0.7552, 0.8906, 0.7801, 0.7823, 0.7784, 0.7894, 0.7493, 0.7777],
        [0.7305, 0.7708, 0.8851, 0.7601, 0.7666, 0.7431, 0.8054, 0.7315],
        [0.7597, 0.7683, 0.7651, 0.9049, 0.7904, 0.7726, 0.7439, 0.7850],
        [0.7036, 0.7401, 0.7716, 0.7727, 0.8531, 0.8698, 0.7468, 0.7529],
        [0.7036, 0.7401, 0.7716, 0.7727, 0.8531, 0.8698, 0.7468, 0.7529],
        [0.7305, 0.7708, 0.8851, 0.7601, 0.7666, 0.7431, 0.8054, 0.7315],
        [0.7362, 0.7603, 0.7731, 0.8015, 0.7881, 0.8049, 0.7743, 0.8731]],
       device='cuda:0')
server average tensor
client running:0/11, client loss: 2.057199716567993, loss 1: 1.97846519947052, loss 2: 0.0007873447029851377
client running:1/11, client loss: 2.0376386642456055, loss 1: 1.9818230867385864, loss 2: 0.000558155938051641
client running:2/11, client loss: 2.0538814067840576, loss 1: 1.961132526397705, loss 2: 0.0009274887852370739
client running:3/11, client loss: 2.1147351264953613, loss 1: 1.9962546825408936, loss 2: 0.001184804830700159
client running:4/11, client loss: 2.0886483192443848, loss 1: 1.9907442331314087, loss 2: 0.0009790400508791208
client running:5/11, client loss: 2.0407819747924805, loss 1: 1.9600708484649658, loss 2: 0.0008071120828390121
client running:6/11, client loss: 2.077582359313965, loss 1: 1.978082537651062, loss 2: 0.0009949991945177317
client running:7/11, client loss: 2.092059373855591, loss 1: 1.9888463020324707, loss 2: 0.0010321300942450762
client running:8/11, client loss: 2.0941195487976074, loss 1: 1.9958758354187012, loss 2: 0.0009824360022321343
client running:9/11, client loss: 2.0963358879089355, loss 1: 1.9798725843429565, loss 2: 0.0011646323837339878
client running:10/11, client loss: 2.077531337738037, loss 1: 1.98993980884552, loss 2: 0.0008759158663451672
server loss: tensor([[0.9048, 0.7738, 0.7472, 0.7466, 0.8076, 0.7215, 0.7822, 0.8056],
        [0.7182, 0.8443, 0.7106, 0.7902, 0.7145, 0.7447, 0.7950, 0.6992],
        [0.7265, 0.7602, 0.8497, 0.7483, 0.7502, 0.7500, 0.7727, 0.7241],
        [0.7638, 0.7861, 0.7364, 0.9015, 0.7183, 0.7981, 0.8043, 0.7150],
        [0.7949, 0.7504, 0.7870, 0.7486, 0.9651, 0.7229, 0.7992, 0.8041],
        [0.7101, 0.7663, 0.7543, 0.7522, 0.6995, 0.8202, 0.7603, 0.6990],
        [0.7802, 0.8113, 0.7438, 0.8033, 0.7493, 0.7469, 0.8780, 0.7420],
        [0.7690, 0.7304, 0.7368, 0.7252, 0.7768, 0.6979, 0.7452, 0.8724]],
       device='cuda:0')
client running:0/16, client loss: 2.043302297592163, loss 1: 1.9733647108078003, loss 2: 0.0006993754068389535
client running:1/16, client loss: 2.0892586708068848, loss 1: 2.0031192302703857, loss 2: 0.0008613934041932225
client running:2/16, client loss: 2.082550048828125, loss 1: 1.9847766160964966, loss 2: 0.0009777351515367627
client running:3/16, client loss: 2.0708627700805664, loss 1: 1.9679526090621948, loss 2: 0.001029100501909852
client running:4/16, client loss: 2.067044496536255, loss 1: 1.9770481586456299, loss 2: 0.0008999634301289916
client running:5/16, client loss: 2.1018025875091553, loss 1: 1.9918113946914673, loss 2: 0.0010999124497175217
client running:6/16, client loss: 2.1035616397857666, loss 1: 1.9988620281219482, loss 2: 0.0010469966800883412
client running:7/16, client loss: 2.0617430210113525, loss 1: 1.9670894145965576, loss 2: 0.0009465368348173797
client running:8/16, client loss: 2.039422035217285, loss 1: 1.9583418369293213, loss 2: 0.0008108030306175351
client running:9/16, client loss: 2.0638816356658936, loss 1: 1.9864084720611572, loss 2: 0.0007747324416413903
client running:10/16, client loss: 2.048853874206543, loss 1: 1.9612798690795898, loss 2: 0.0008757398463785648
client running:11/16, client loss: 2.0688321590423584, loss 1: 1.985991358757019, loss 2: 0.0008284072391688824
client running:12/16, client loss: 2.070981979370117, loss 1: 1.9800952672958374, loss 2: 0.0009088669321499765
client running:13/16, client loss: 2.0740041732788086, loss 1: 1.9741969108581543, loss 2: 0.000998072442598641
client running:14/16, client loss: 2.1119377613067627, loss 1: 1.979514718055725, loss 2: 0.0013242295244708657
client running:15/16, client loss: 2.0385687351226807, loss 1: 1.9768860340118408, loss 2: 0.0006168268155306578
server loss: tensor([[0.8484, 0.7105, 0.7808, 0.7254, 0.7524, 0.7284, 0.7941, 0.7362],
        [0.7518, 0.9360, 0.7750, 0.7596, 0.7883, 0.7387, 0.7683, 0.7545],
        [0.7843, 0.7457, 0.9130, 0.7528, 0.8243, 0.7703, 0.7895, 0.7570],
        [0.7110, 0.7105, 0.7266, 0.9086, 0.8403, 0.7562, 0.6820, 0.7798],
        [0.7245, 0.7111, 0.7781, 0.8127, 0.8730, 0.8049, 0.7327, 0.7626],
        [0.6993, 0.6943, 0.7278, 0.7648, 0.7766, 0.8594, 0.7192, 0.7699],
        [0.7821, 0.7264, 0.7914, 0.7094, 0.7347, 0.7392, 0.8776, 0.7370],
        [0.7374, 0.7184, 0.7730, 0.7804, 0.8085, 0.7879, 0.7328, 0.9541]],
       device='cuda:0')
client running:0/22, client loss: 2.0849874019622803, loss 1: 1.9834102392196655, loss 2: 0.0010157710639759898
client running:1/22, client loss: 2.0392394065856934, loss 1: 1.9630852937698364, loss 2: 0.0007615408394485712
client running:2/22, client loss: 2.069350004196167, loss 1: 1.9870855808258057, loss 2: 0.0008226431091316044
client running:3/22, client loss: 2.0609130859375, loss 1: 1.9900274276733398, loss 2: 0.0007088565616868436
client running:4/22, client loss: 2.0618093013763428, loss 1: 1.9666153192520142, loss 2: 0.0009519393788650632
client running:5/22, client loss: 2.0794591903686523, loss 1: 1.9776990413665771, loss 2: 0.0010176005307585
client running:6/22, client loss: 2.051089286804199, loss 1: 1.9795143604278564, loss 2: 0.0007157492800615728
client running:7/22, client loss: 2.0816359519958496, loss 1: 1.990177869796753, loss 2: 0.0009145807707682252
client running:8/22, client loss: 2.0899150371551514, loss 1: 1.9971203804016113, loss 2: 0.0009279471123591065
client running:9/22, client loss: 2.0619258880615234, loss 1: 1.9730180501937866, loss 2: 0.0008890795288607478
client running:10/22, client loss: 2.1162846088409424, loss 1: 1.9987986087799072, loss 2: 0.0011748593533411622
client running:11/22, client loss: 2.0771262645721436, loss 1: 1.9850279092788696, loss 2: 0.0009209842537529767
client running:12/22, client loss: 2.0849287509918213, loss 1: 1.997532844543457, loss 2: 0.0008739589829929173
client running:13/22, client loss: 2.088811159133911, loss 1: 2.0094399452209473, loss 2: 0.0007937113405205309
client running:14/22, client loss: 2.0792715549468994, loss 1: 2.003429651260376, loss 2: 0.0007584198610857129
client running:15/22, client loss: 2.082136631011963, loss 1: 1.9976904392242432, loss 2: 0.0008444631239399314
client running:16/22, client loss: 2.083042621612549, loss 1: 1.9950358867645264, loss 2: 0.0008800668874755502
client running:17/22, client loss: 2.0852253437042236, loss 1: 1.999825119972229, loss 2: 0.0008540026028640568
client running:18/22, client loss: 2.0691940784454346, loss 1: 1.9873062372207642, loss 2: 0.0008188787032850087
client running:19/22, client loss: 2.04715633392334, loss 1: 1.9779075384140015, loss 2: 0.000692488974891603
client running:20/22, client loss: 2.0777838230133057, loss 1: 1.9833029508590698, loss 2: 0.0009448081837035716
client running:21/22, client loss: 2.063081741333008, loss 1: 1.966269612312317, loss 2: 0.0009681223891675472
server loss: tensor([[0.9059, 0.7349, 0.8112, 0.7427, 0.7611, 0.6987, 0.7149, 0.7294],
        [0.7473, 0.9083, 0.7324, 0.7044, 0.7197, 0.7150, 0.7235, 0.7435],
        [0.7925, 0.7467, 0.9025, 0.7481, 0.7542, 0.7138, 0.7232, 0.7493],
        [0.7750, 0.7323, 0.7508, 0.9442, 0.7644, 0.7659, 0.7679, 0.7592],
        [0.7828, 0.7097, 0.7732, 0.7868, 0.9399, 0.7083, 0.7264, 0.7401],
        [0.7220, 0.7144, 0.6622, 0.7204, 0.6883, 0.8994, 0.8053, 0.7498],
        [0.7770, 0.7433, 0.7190, 0.7653, 0.7123, 0.8061, 0.8653, 0.7750],
        [0.7304, 0.6852, 0.6938, 0.7271, 0.7466, 0.7288, 0.7143, 0.8617]],
       device='cuda:0')
client running:0/16, client loss: 2.057277202606201, loss 1: 1.9829301834106445, loss 2: 0.0007434712024405599
client running:1/16, client loss: 2.087340831756592, loss 1: 1.9893718957901, loss 2: 0.0009796905796974897
client running:2/16, client loss: 2.0964341163635254, loss 1: 1.988957405090332, loss 2: 0.0010747669730335474
client running:3/16, client loss: 2.056487798690796, loss 1: 1.983025074005127, loss 2: 0.0007346276543103158
client running:4/16, client loss: 2.0799410343170166, loss 1: 1.98243248462677, loss 2: 0.0009750854223966599
client running:5/16, client loss: 2.1033477783203125, loss 1: 1.9946430921554565, loss 2: 0.0010870465775951743
client running:6/16, client loss: 2.1035680770874023, loss 1: 1.982309103012085, loss 2: 0.0012125908397138119
client running:7/16, client loss: 2.1071009635925293, loss 1: 1.9988288879394531, loss 2: 0.0010827219812199473
client running:8/16, client loss: 2.0791983604431152, loss 1: 1.9832119941711426, loss 2: 0.0009598637698218226
client running:9/16, client loss: 2.0756144523620605, loss 1: 1.984498381614685, loss 2: 0.000911160372197628
client running:10/16, client loss: 2.070155143737793, loss 1: 1.9773029088974, loss 2: 0.0009285216219723225
client running:11/16, client loss: 2.08311128616333, loss 1: 1.9722838401794434, loss 2: 0.0011082733981311321
client running:12/16, client loss: 2.074824571609497, loss 1: 1.9755048751831055, loss 2: 0.000993196154013276
client running:13/16, client loss: 2.0715487003326416, loss 1: 1.9712822437286377, loss 2: 0.0010026645613834262
client running:14/16, client loss: 2.0787558555603027, loss 1: 1.9675519466400146, loss 2: 0.0011120392009615898
client running:15/16, client loss: 2.0941317081451416, loss 1: 1.9982457160949707, loss 2: 0.0009588591638021171
server loss: tensor([[0.8988, 0.7279, 0.7231, 0.7400, 0.7120, 0.6860, 0.7294, 0.7109],
        [0.6850, 0.8883, 0.7885, 0.7151, 0.7927, 0.7179, 0.7976, 0.7844],
        [0.7083, 0.7334, 0.8385, 0.6890, 0.7331, 0.7121, 0.7605, 0.8345],
        [0.7705, 0.7547, 0.7653, 0.8800, 0.7259, 0.7129, 0.7314, 0.7474],
        [0.7407, 0.7861, 0.7700, 0.7463, 0.8673, 0.7360, 0.7910, 0.7666],
        [0.7483, 0.7469, 0.7483, 0.7477, 0.7771, 0.8690, 0.7720, 0.7548],
        [0.7112, 0.7733, 0.7764, 0.7324, 0.7752, 0.7606, 0.8533, 0.7544],
        [0.7083, 0.7334, 0.8385, 0.6890, 0.7331, 0.7121, 0.7605, 0.8345]],
       device='cuda:0')
client running:0/50, client loss: 2.0446696281433105, loss 1: 1.9772318601608276, loss 2: 0.0006743784178979695
client running:1/50, client loss: 2.0535740852355957, loss 1: 1.9937610626220703, loss 2: 0.000598130514845252
client running:2/50, client loss: 2.0587048530578613, loss 1: 2.0042903423309326, loss 2: 0.0005441445391625166
client running:3/50, client loss: 2.041398763656616, loss 1: 1.9877718687057495, loss 2: 0.0005362689262256026
client running:4/50, client loss: 2.0427520275115967, loss 1: 1.9768285751342773, loss 2: 0.0006592345889657736
client running:5/50, client loss: 2.0491669178009033, loss 1: 1.9868006706237793, loss 2: 0.0006236613262444735
client running:6/50, client loss: 2.0212435722351074, loss 1: 1.9571086168289185, loss 2: 0.0006413495866581798
client running:7/50, client loss: 2.0458719730377197, loss 1: 1.989495873451233, loss 2: 0.000563761917874217
client running:8/50, client loss: 2.0539071559906006, loss 1: 1.970414161682129, loss 2: 0.0008349304553121328
client running:9/50, client loss: 2.0425894260406494, loss 1: 1.9788410663604736, loss 2: 0.0006374843651428819
client running:10/50, client loss: 2.0527889728546143, loss 1: 1.976469874382019, loss 2: 0.0007631909684278071
client running:11/50, client loss: 2.0424206256866455, loss 1: 1.985127329826355, loss 2: 0.0005729336990043521
client running:12/50, client loss: 2.045020341873169, loss 1: 1.9754948616027832, loss 2: 0.0006952554685994983
client running:13/50, client loss: 2.0578365325927734, loss 1: 1.9948856830596924, loss 2: 0.0006295079365372658
client running:14/50, client loss: 2.0693416595458984, loss 1: 1.9840220212936401, loss 2: 0.0008531960775144398
client running:15/50, client loss: 2.0393660068511963, loss 1: 1.9688048362731934, loss 2: 0.0007056119502522051
client running:16/50, client loss: 2.011190414428711, loss 1: 1.964215874671936, loss 2: 0.0004697462427429855
client running:17/50, client loss: 2.041398286819458, loss 1: 1.984260082244873, loss 2: 0.0005713831633329391
client running:18/50, client loss: 2.034468650817871, loss 1: 1.9670945405960083, loss 2: 0.000673741044010967
client running:19/50, client loss: 2.053694725036621, loss 1: 1.966065526008606, loss 2: 0.0008762912475503981
client running:20/50, client loss: 2.0342957973480225, loss 1: 1.9553583860397339, loss 2: 0.0007893731817603111
client running:21/50, client loss: 2.0914580821990967, loss 1: 1.990176796913147, loss 2: 0.0010128127178177238
client running:22/50, client loss: 2.038224935531616, loss 1: 1.9792366027832031, loss 2: 0.0005898831295780838
client running:23/50, client loss: 2.0305988788604736, loss 1: 1.9755070209503174, loss 2: 0.0005509188631549478
client running:24/50, client loss: 2.070110321044922, loss 1: 1.9905979633331299, loss 2: 0.0007951234001666307
client running:25/50, client loss: 2.0541884899139404, loss 1: 1.9866957664489746, loss 2: 0.0006749273161403835
client running:26/50, client loss: 2.067095994949341, loss 1: 1.9788919687271118, loss 2: 0.0008820396615192294
client running:27/50, client loss: 2.054450750350952, loss 1: 1.971987247467041, loss 2: 0.0008246352081187069
client running:28/50, client loss: 2.0291967391967773, loss 1: 1.9766204357147217, loss 2: 0.0005257634911686182
client running:29/50, client loss: 2.033414602279663, loss 1: 1.9803951978683472, loss 2: 0.000530195131432265
client running:30/50, client loss: 2.0474956035614014, loss 1: 1.9789836406707764, loss 2: 0.0006851196521893144
client running:31/50, client loss: 2.0486276149749756, loss 1: 1.9668946266174316, loss 2: 0.0008173295063897967
client running:32/50, client loss: 2.038555145263672, loss 1: 1.963223934173584, loss 2: 0.0007533113239333034
client running:33/50, client loss: 2.0936450958251953, loss 1: 1.9864528179168701, loss 2: 0.0010719234123826027
client running:34/50, client loss: 2.0494282245635986, loss 1: 1.9842684268951416, loss 2: 0.0006515972781926394
client running:35/50, client loss: 2.0224339962005615, loss 1: 1.9664703607559204, loss 2: 0.0005596360424533486
client running:36/50, client loss: 2.0378754138946533, loss 1: 1.9817132949829102, loss 2: 0.000561621505767107
client running:37/50, client loss: 2.060575246810913, loss 1: 1.9877729415893555, loss 2: 0.0007280224235728383
client running:38/50, client loss: 2.06441068649292, loss 1: 1.9963608980178833, loss 2: 0.0006804975564591587
client running:39/50, client loss: 2.034114360809326, loss 1: 1.9717620611190796, loss 2: 0.0006235233740881085
client running:40/50, client loss: 2.0344884395599365, loss 1: 1.9681406021118164, loss 2: 0.0006634775782003999
client running:41/50, client loss: 2.0782957077026367, loss 1: 2.0058844089508057, loss 2: 0.0007241120911203325
client running:42/50, client loss: 2.042740821838379, loss 1: 1.980804681777954, loss 2: 0.0006193621084094048
client running:43/50, client loss: 2.045720338821411, loss 1: 1.9892045259475708, loss 2: 0.0005651589017361403
client running:44/50, client loss: 2.0357701778411865, loss 1: 1.9844247102737427, loss 2: 0.0005134540842846036
client running:45/50, client loss: 2.069611072540283, loss 1: 1.9925211668014526, loss 2: 0.0007708995835855603
client running:46/50, client loss: 2.0375850200653076, loss 1: 1.9902851581573486, loss 2: 0.00047299801371991634
client running:47/50, client loss: 2.0369553565979004, loss 1: 1.9773218631744385, loss 2: 0.000596333818975836
client running:48/50, client loss: 2.0624961853027344, loss 1: 1.9871134757995605, loss 2: 0.0007538283243775368
client running:49/50, client loss: 2.0518290996551514, loss 1: 1.9869537353515625, loss 2: 0.0006487544742412865
server loss: tensor([[0.8331, 0.7759, 0.7298, 0.7443, 0.7210, 0.7320, 0.7350, 0.7736],
        [0.7511, 0.9218, 0.6791, 0.7178, 0.7410, 0.7267, 0.6808, 0.7517],
        [0.6643, 0.7058, 0.8390, 0.7229, 0.7777, 0.7872, 0.7343, 0.7593],
        [0.6957, 0.7149, 0.7714, 0.8796, 0.7784, 0.7554, 0.7235, 0.7463],
        [0.6992, 0.7108, 0.7856, 0.7711, 0.8806, 0.8116, 0.7522, 0.7578],
        [0.6944, 0.7353, 0.7951, 0.7304, 0.7586, 0.8788, 0.7500, 0.7240],
        [0.7085, 0.7473, 0.7650, 0.7408, 0.7409, 0.7416, 0.8796, 0.7721],
        [0.7820, 0.8028, 0.7154, 0.7694, 0.7642, 0.7363, 0.7250, 0.8907]],
       device='cuda:0')
server average tensor
client running:0/11, client loss: 2.1049022674560547, loss 1: 1.9822006225585938, loss 2: 0.001227017492055893
client running:1/11, client loss: 2.084686517715454, loss 1: 1.9853483438491821, loss 2: 0.0009933817200362682
client running:2/11, client loss: 2.0512990951538086, loss 1: 1.9634836912155151, loss 2: 0.0008781552314758301
client running:3/11, client loss: 2.0567123889923096, loss 1: 1.983458161354065, loss 2: 0.0007325430051423609
client running:4/11, client loss: 2.086472511291504, loss 1: 1.982826828956604, loss 2: 0.001036456786096096
client running:5/11, client loss: 2.0816938877105713, loss 1: 1.982580542564392, loss 2: 0.0009911323431879282
client running:6/11, client loss: 2.0661966800689697, loss 1: 1.980344533920288, loss 2: 0.0008585219038650393
client running:7/11, client loss: 2.0953121185302734, loss 1: 1.976493000984192, loss 2: 0.0011881906539201736
client running:8/11, client loss: 2.0885095596313477, loss 1: 1.9919575452804565, loss 2: 0.000965519982855767
client running:9/11, client loss: 2.067356586456299, loss 1: 1.9758617877960205, loss 2: 0.0009149484103545547
client running:10/11, client loss: 2.0938656330108643, loss 1: 1.9837095737457275, loss 2: 0.001101561589166522
server loss: tensor([[0.8956, 0.7170, 0.6794, 0.8084, 0.7315, 0.7756, 0.7287, 0.7475],
        [0.7202, 0.9471, 0.7913, 0.7935, 0.7537, 0.7284, 0.7333, 0.6920],
        [0.7278, 0.8011, 0.8166, 0.7783, 0.7341, 0.7520, 0.7809, 0.7090],
        [0.8003, 0.7952, 0.7154, 0.9103, 0.7571, 0.7564, 0.7760, 0.7338],
        [0.7091, 0.7331, 0.6944, 0.7266, 0.8443, 0.7072, 0.7389, 0.7385],
        [0.7487, 0.7398, 0.7315, 0.7742, 0.7222, 0.9468, 0.7296, 0.6820],
        [0.7419, 0.7165, 0.7267, 0.7545, 0.7360, 0.7417, 0.8466, 0.8805],
        [0.7419, 0.7165, 0.7267, 0.7545, 0.7360, 0.7417, 0.8466, 0.8805]],
       device='cuda:0')
client running:0/16, client loss: 2.0981509685516357, loss 1: 1.9827812910079956, loss 2: 0.0011536978418007493
client running:1/16, client loss: 2.0911221504211426, loss 1: 1.9721451997756958, loss 2: 0.0011897687800228596
client running:2/16, client loss: 2.076639413833618, loss 1: 1.9797619581222534, loss 2: 0.0009687745478004217
client running:3/16, client loss: 2.075226306915283, loss 1: 1.9839503765106201, loss 2: 0.0009127584635280073
client running:4/16, client loss: 2.049787759780884, loss 1: 1.975465178489685, loss 2: 0.0007432266138494015
client running:5/16, client loss: 2.0830190181732178, loss 1: 1.969516396522522, loss 2: 0.0011350265704095364
client running:6/16, client loss: 2.0603246688842773, loss 1: 1.9760661125183105, loss 2: 0.0008425847627222538
client running:7/16, client loss: 2.0677809715270996, loss 1: 1.9784245491027832, loss 2: 0.0008935641963034868
client running:8/16, client loss: 2.0721585750579834, loss 1: 1.958876371383667, loss 2: 0.0011328228283673525
client running:9/16, client loss: 2.038130283355713, loss 1: 1.9756708145141602, loss 2: 0.0006245940458029509
client running:10/16, client loss: 2.097426652908325, loss 1: 1.9959440231323242, loss 2: 0.0010148261208087206
client running:11/16, client loss: 2.080063819885254, loss 1: 2.00524640083313, loss 2: 0.0007481733337044716
client running:12/16, client loss: 2.0612010955810547, loss 1: 1.9582589864730835, loss 2: 0.001029421342536807
client running:13/16, client loss: 2.07468581199646, loss 1: 2.000995397567749, loss 2: 0.0007369032246060669
client running:14/16, client loss: 2.0659048557281494, loss 1: 1.9759855270385742, loss 2: 0.0008991937502287328
client running:15/16, client loss: 2.0620474815368652, loss 1: 1.9880635738372803, loss 2: 0.0007398383459076285
server loss: tensor([[0.8831, 0.7506, 0.7461, 0.7815, 0.7444, 0.7506, 0.7468, 0.7350],
        [0.7959, 0.9044, 0.7830, 0.7907, 0.7690, 0.7624, 0.9064, 0.7894],
        [0.7867, 0.7349, 0.8673, 0.7213, 0.7269, 0.7090, 0.7427, 0.7316],
        [0.7977, 0.8131, 0.7951, 0.8811, 0.7348, 0.7527, 0.7964, 0.8180],
        [0.7441, 0.7306, 0.7435, 0.7226, 0.8794, 0.7481, 0.7423, 0.7195],
        [0.7311, 0.7486, 0.7128, 0.7204, 0.7132, 0.9317, 0.7280, 0.7329],
        [0.7959, 0.9044, 0.7830, 0.7907, 0.7690, 0.7624, 0.9064, 0.7894],
        [0.7599, 0.7842, 0.7709, 0.7837, 0.7400, 0.6996, 0.7952, 0.9188]],
       device='cuda:0')
client running:0/22, client loss: 2.0684680938720703, loss 1: 1.979051947593689, loss 2: 0.0008941604755818844
client running:1/22, client loss: 2.0554590225219727, loss 1: 1.9834580421447754, loss 2: 0.0007200093823485076
client running:2/22, client loss: 2.0615882873535156, loss 1: 1.9573627710342407, loss 2: 0.0010422563645988703
client running:3/22, client loss: 2.0570662021636963, loss 1: 1.9763425588607788, loss 2: 0.000807237287517637
client running:4/22, client loss: 2.0670695304870605, loss 1: 1.9877197742462158, loss 2: 0.0007934979512356222
client running:5/22, client loss: 2.0916526317596436, loss 1: 1.9849069118499756, loss 2: 0.001067456090822816
client running:6/22, client loss: 2.093660354614258, loss 1: 2.0039045810699463, loss 2: 0.0008975571254268289
client running:7/22, client loss: 2.055330514907837, loss 1: 1.9738963842391968, loss 2: 0.0008143406012095511
client running:8/22, client loss: 2.0952110290527344, loss 1: 2.0143299102783203, loss 2: 0.0008088109316304326
client running:9/22, client loss: 2.077556848526001, loss 1: 1.9952929019927979, loss 2: 0.0008226404897868633
client running:10/22, client loss: 2.0751144886016846, loss 1: 1.982434868812561, loss 2: 0.0009267969871871173
client running:11/22, client loss: 2.0563814640045166, loss 1: 1.987165093421936, loss 2: 0.0006921628373675048
client running:12/22, client loss: 2.058915615081787, loss 1: 1.9960912466049194, loss 2: 0.0006282445974647999
client running:13/22, client loss: 2.061180830001831, loss 1: 1.999772548675537, loss 2: 0.0006140829063951969
client running:14/22, client loss: 2.082129955291748, loss 1: 1.9954067468643188, loss 2: 0.0008672320982441306
client running:15/22, client loss: 2.076434373855591, loss 1: 1.981809377670288, loss 2: 0.0009462488815188408
client running:16/22, client loss: 2.0865845680236816, loss 1: 1.9909493923187256, loss 2: 0.0009563517523929477
client running:17/22, client loss: 2.08353853225708, loss 1: 1.9794535636901855, loss 2: 0.0010408485541120172
client running:18/22, client loss: 2.0704824924468994, loss 1: 1.9878331422805786, loss 2: 0.000826493080239743
client running:19/22, client loss: 2.064934015274048, loss 1: 1.9733144044876099, loss 2: 0.0009161972557194531
client running:20/22, client loss: 2.0486669540405273, loss 1: 1.9783611297607422, loss 2: 0.000703058612998575
client running:21/22, client loss: 2.081865072250366, loss 1: 1.9920729398727417, loss 2: 0.0008979203412309289
server loss: tensor([[0.8950, 0.7235, 0.7455, 0.6932, 0.7328, 0.7078, 0.7091, 0.7307],
        [0.7192, 0.8396, 0.7262, 0.7977, 0.7209, 0.7797, 0.7457, 0.8728],
        [0.7565, 0.7370, 0.8399, 0.7251, 0.7307, 0.7306, 0.7689, 0.7541],
        [0.6956, 0.7931, 0.7150, 0.8815, 0.7032, 0.7610, 0.7074, 0.7769],
        [0.6962, 0.7467, 0.7012, 0.7258, 0.8418, 0.7602, 0.6801, 0.7567],
        [0.7096, 0.8070, 0.7086, 0.7370, 0.7011, 0.8792, 0.7008, 0.7961],
        [0.7325, 0.7164, 0.8243, 0.7206, 0.7096, 0.7274, 0.8805, 0.7435],
        [0.7192, 0.8396, 0.7262, 0.7977, 0.7209, 0.7797, 0.7457, 0.8728]],
       device='cuda:0')
client running:0/16, client loss: 2.072530508041382, loss 1: 1.982733130455017, loss 2: 0.0008979742415249348
client running:1/16, client loss: 2.092970371246338, loss 1: 1.9958773851394653, loss 2: 0.0009709296282380819
client running:2/16, client loss: 2.0712673664093018, loss 1: 1.9646146297454834, loss 2: 0.0010665266308933496
client running:3/16, client loss: 2.091887950897217, loss 1: 1.9964425563812256, loss 2: 0.0009544544154778123
client running:4/16, client loss: 2.0791351795196533, loss 1: 1.9870665073394775, loss 2: 0.0009206861723214388
client running:5/16, client loss: 2.0628509521484375, loss 1: 1.9760808944702148, loss 2: 0.0008677001460455358
client running:6/16, client loss: 2.075216770172119, loss 1: 1.9776554107666016, loss 2: 0.000975614704657346
client running:7/16, client loss: 2.08620023727417, loss 1: 1.9853202104568481, loss 2: 0.0010087999980896711
client running:8/16, client loss: 2.0631141662597656, loss 1: 1.9891388416290283, loss 2: 0.0007397524314001203
client running:9/16, client loss: 2.059417963027954, loss 1: 1.997187614440918, loss 2: 0.000622304156422615
client running:10/16, client loss: 2.0965168476104736, loss 1: 1.99379563331604, loss 2: 0.001027212361805141
client running:11/16, client loss: 2.090106964111328, loss 1: 1.9852834939956665, loss 2: 0.0010482355719432235
client running:12/16, client loss: 2.0713257789611816, loss 1: 1.9816662073135376, loss 2: 0.0008965955348685384
client running:13/16, client loss: 2.0572733879089355, loss 1: 1.9714374542236328, loss 2: 0.0008583588059991598
client running:14/16, client loss: 2.090498208999634, loss 1: 1.984204888343811, loss 2: 0.0010629338212311268
client running:15/16, client loss: 2.1099486351013184, loss 1: 1.984729528427124, loss 2: 0.0012521923054009676
server loss: tensor([[0.8436, 0.7606, 0.7340, 0.7501, 0.7305, 0.7776, 0.7770, 0.7296],
        [0.7765, 0.8496, 0.7449, 0.7740, 0.7068, 0.7803, 0.7569, 0.7160],
        [0.7072, 0.7609, 0.8688, 0.7107, 0.7386, 0.7245, 0.7740, 0.7291],
        [0.7660, 0.7769, 0.7668, 0.8496, 0.7131, 0.7523, 0.7293, 0.7416],
        [0.7279, 0.7265, 0.7425, 0.7119, 0.8874, 0.6892, 0.7590, 0.7104],
        [0.7918, 0.7745, 0.7233, 0.7731, 0.6904, 0.8865, 0.7423, 0.7259],
        [0.7109, 0.7214, 0.7297, 0.7182, 0.7300, 0.6886, 0.8828, 0.7005],
        [0.7369, 0.7604, 0.7549, 0.7696, 0.7151, 0.7225, 0.7542, 0.9436]],
       device='cuda:0')
client running:0/50, client loss: 2.046292304992676, loss 1: 1.9729911088943481, loss 2: 0.0007330123917199671
client running:1/50, client loss: 2.0429885387420654, loss 1: 1.9873285293579102, loss 2: 0.0005566011532209814
client running:2/50, client loss: 2.0640227794647217, loss 1: 1.9870681762695312, loss 2: 0.0007695452659390867
client running:3/50, client loss: 2.070521354675293, loss 1: 1.9966187477111816, loss 2: 0.0007390257669612765
client running:4/50, client loss: 2.029966354370117, loss 1: 1.9869049787521362, loss 2: 0.0004306126502342522
client running:5/50, client loss: 2.0629830360412598, loss 1: 1.9955846071243286, loss 2: 0.0006739842938259244
client running:6/50, client loss: 2.032700777053833, loss 1: 1.9781142473220825, loss 2: 0.000545865623280406
client running:7/50, client loss: 2.0748252868652344, loss 1: 1.9908850193023682, loss 2: 0.0008394029573537409
client running:8/50, client loss: 2.0650434494018555, loss 1: 2.0050010681152344, loss 2: 0.000600422965362668
client running:9/50, client loss: 2.024200201034546, loss 1: 1.9603320360183716, loss 2: 0.0006386813474819064
client running:10/50, client loss: 2.035045862197876, loss 1: 1.9917587041854858, loss 2: 0.0004328714276198298
client running:11/50, client loss: 2.0449700355529785, loss 1: 1.9806325435638428, loss 2: 0.0006433745729736984
client running:12/50, client loss: 2.0406405925750732, loss 1: 1.984403371810913, loss 2: 0.0005623733159154654
client running:13/50, client loss: 2.0520763397216797, loss 1: 1.9985700845718384, loss 2: 0.0005350614665076137
client running:14/50, client loss: 2.0448191165924072, loss 1: 1.9836822748184204, loss 2: 0.0006113693816587329
client running:15/50, client loss: 2.0532748699188232, loss 1: 1.9784773588180542, loss 2: 0.0007479742635041475
client running:16/50, client loss: 2.059974193572998, loss 1: 1.9914568662643433, loss 2: 0.0006851740763522685
client running:17/50, client loss: 2.0351381301879883, loss 1: 1.9685089588165283, loss 2: 0.0006662923260591924
client running:18/50, client loss: 2.0305397510528564, loss 1: 1.970977783203125, loss 2: 0.0005956196691840887
client running:19/50, client loss: 2.0622189044952393, loss 1: 2.0060999393463135, loss 2: 0.0005611894303001463
client running:20/50, client loss: 2.043951988220215, loss 1: 1.97630774974823, loss 2: 0.0006764413556084037
client running:21/50, client loss: 2.0304577350616455, loss 1: 1.98399019241333, loss 2: 0.00046467542415484786
client running:22/50, client loss: 2.045640707015991, loss 1: 1.9797098636627197, loss 2: 0.0006593094440177083
client running:23/50, client loss: 2.0469210147857666, loss 1: 1.9752217531204224, loss 2: 0.0007169917225837708
client running:24/50, client loss: 2.061542272567749, loss 1: 1.9970629215240479, loss 2: 0.0006447932682931423
client running:25/50, client loss: 2.0683794021606445, loss 1: 1.9805209636688232, loss 2: 0.000878584454767406
client running:26/50, client loss: 2.075986385345459, loss 1: 2.010406970977783, loss 2: 0.0006557950982823968
client running:27/50, client loss: 2.0163090229034424, loss 1: 1.9644396305084229, loss 2: 0.0005186942871659994
client running:28/50, client loss: 2.0597152709960938, loss 1: 1.9731109142303467, loss 2: 0.0008660447201691568
client running:29/50, client loss: 2.041898012161255, loss 1: 1.9794238805770874, loss 2: 0.0006247408455237746
client running:30/50, client loss: 2.111875057220459, loss 1: 1.9831821918487549, loss 2: 0.0012869294732809067
client running:31/50, client loss: 2.0401782989501953, loss 1: 1.9840335845947266, loss 2: 0.0005614478141069412
client running:32/50, client loss: 2.0446600914001465, loss 1: 1.9950464963912964, loss 2: 0.0004961363156326115
client running:33/50, client loss: 2.0187594890594482, loss 1: 1.9530442953109741, loss 2: 0.0006571530248038471
client running:34/50, client loss: 2.0417144298553467, loss 1: 1.978866696357727, loss 2: 0.000628476613201201
client running:35/50, client loss: 2.009218454360962, loss 1: 1.9748203754425049, loss 2: 0.0003439812280703336
client running:36/50, client loss: 2.0333662033081055, loss 1: 1.9835270643234253, loss 2: 0.0004983905237168074
client running:37/50, client loss: 2.055050849914551, loss 1: 1.973991870880127, loss 2: 0.0008105908054858446
client running:38/50, client loss: 2.0410866737365723, loss 1: 1.9830455780029297, loss 2: 0.0005804119864478707
client running:39/50, client loss: 2.063535213470459, loss 1: 1.9882344007492065, loss 2: 0.0007530072471126914
client running:40/50, client loss: 2.043849229812622, loss 1: 1.9829388856887817, loss 2: 0.0006091030081734061
client running:41/50, client loss: 2.0787384510040283, loss 1: 1.9955464601516724, loss 2: 0.0008319189073517919
client running:42/50, client loss: 2.0710270404815674, loss 1: 1.9952168464660645, loss 2: 0.0007581010577268898
client running:43/50, client loss: 2.056910514831543, loss 1: 1.9832977056503296, loss 2: 0.0007361284806393087
client running:44/50, client loss: 2.0578129291534424, loss 1: 1.9847323894500732, loss 2: 0.000730805448256433
client running:45/50, client loss: 2.029050350189209, loss 1: 1.9744205474853516, loss 2: 0.0005462969420477748
client running:46/50, client loss: 2.0532710552215576, loss 1: 1.982169508934021, loss 2: 0.0007110164733603597
client running:47/50, client loss: 2.02451491355896, loss 1: 1.9754246473312378, loss 2: 0.0004909017006866634
client running:48/50, client loss: 2.0559163093566895, loss 1: 1.9768388271331787, loss 2: 0.0007907737162895501
client running:49/50, client loss: 2.04384446144104, loss 1: 1.9761285781860352, loss 2: 0.0006771578337065876
server loss: tensor([[0.7540, 0.7012, 0.6937, 0.6952, 0.7113, 0.7134, 0.7384, 0.7037],
        [0.7675, 0.9174, 0.7178, 0.7955, 0.7577, 0.7280, 0.7531, 0.7443],
        [0.7371, 0.6828, 0.9183, 0.6992, 0.7476, 0.6409, 0.7779, 0.7808],
        [0.7510, 0.7607, 0.7131, 0.8601, 0.7508, 0.6981, 0.7313, 0.7195],
        [0.7336, 0.7309, 0.7212, 0.7550, 0.8684, 0.6628, 0.7830, 0.7518],
        [0.7707, 0.7594, 0.7170, 0.7566, 0.7356, 0.8873, 0.7645, 0.7347],
        [0.7688, 0.7692, 0.7868, 0.7943, 0.7950, 0.6828, 0.9380, 0.8071],
        [0.7268, 0.7441, 0.7937, 0.7269, 0.7448, 0.6835, 0.8070, 0.8972]],
       device='cuda:0')
server average tensor
